tanggal,stasiun,pm10,pm25,so2,co,o3,no2,max,critical,categori
2022-01-01,DKI1 (Bunderan HI),116.4,31.4,16.5,21.7,42.5,17.0,93.1,PM10,SEDANG
2022-01-01,DKI2 (Kelapa Gading),46.0,33.2,13.8,2.7,42.7,22.7,39.8,PM25,BAIK
2022-01-01,DKI3 (Jagakarsa),93.1,44.5,7.8,17.3,23.0,21.2,74.5,PM10,SEDANG
2022-01-01,DKI4 (Lubang Buaya),72.5,30.3,18.0,17.4,40.7,18.0,58.0,PM10,SEDANG
2022-01-01,DKI5 (Kebon Jeruk),66.8,42.5,12.3,5.6,29.1,14.2,53.5,PM10,SEDANG
2022-01-02,DKI1 (Bunderan HI),53.9,52.7,18.8,11.9,37.8,15.4,63.3,PM25,SEDANG
2022-01-02,DKI2 (Kelapa Gading),75.5,47.0,14.5,18.2,51.0,18.1,60.4,PM10,SEDANG
2022-01-02,DKI3 (Jagakarsa),35.7,76.7,24.1,23.0,33.7,17.5,92.0,PM25,SEDANG
2022-01-02,DKI4 (Lubang Buaya),80.2,66.8,16.4,13.1,45.3,18.2,80.2,PM25,SEDANG
2022-01-02,DKI5 (Kebon Jeruk),74.0,50.8,13.3,11.5,26.5,14.4,60.9,PM25,SEDANG
2022-01-03,DKI1 (Bunderan HI),92.2,54.3,16.9,12.1,27.8,17.4,73.8,PM10,SEDANG
2022-01-03,DKI2 (Kelapa Gading),84.0,38.6,9.5,15.4,16.7,4.3,67.2,PM10,SEDANG
2022-01-03,DKI3 (Jagakarsa),66.3,54.5,5.0,13.7,22.9,8.2,65.4,PM25,SEDANG
2022-01-03,DKI4 (Lubang Buaya),59.5,61.5,15.8,1.3,7.9,20.8,73.9,PM25,SEDANG
2022-01-03,DKI5 (Kebon Jeruk),119.1,33.5,9.4,18.4,37.6,21.2,95.3,PM10,SEDANG
2022-01-04,DKI1 (Bunderan HI),69.9,53.8,10.6,14.5,20.6,24.7,64.6,PM25,SEDANG
2022-01-04,DKI2 (Kelapa Gading),89.2,31.2,10.1,13.1,29.7,5.5,71.4,PM10,SEDANG
2022-01-04,DKI3 (Jagakarsa),72.7,15.4,16.2,21.1,33.7,14.3,58.2,PM10,SEDANG
2022-01-04,DKI4 (Lubang Buaya),30.9,35.3,3.8,17.1,25.1,13.6,42.4,PM25,BAIK
2022-01-04,DKI5 (Kebon Jeruk),42.7,48.2,11.6,2.5,5.0,12.8,57.8,PM25,SEDANG
2022-01-05,DKI1 (Bunderan HI),75.3,39.4,13.2,23.2,30.3,24.2,60.2,PM10,SEDANG
2022-01-05,DKI2 (Kelapa Gading),54.0,34.4,9.4,7.5,44.2,21.8,43.2,PM10,BAIK
2022-01-05,DKI3 (Jagakarsa),15.7,24.5,17.6,10.9,36.0,12.0,32.4,O3,BAIK
2022-01-05,DKI4 (Lubang Buaya),40.9,40.4,2.6,10.6,45.2,14.3,48.4,PM25,BAIK
2022-01-05,DKI5 (Kebon Jeruk),52.1,24.9,13.3,20.5,42.0,14.9,41.7,PM10,BAIK
2022-01-06,DKI1 (Bunderan HI),66.4,36.0,2.2,9.6,23.9,10.3,53.1,PM10,SEDANG
2022-01-06,DKI2 (Kelapa Gading),83.1,43.9,6.8,19.2,55.3,19.5,66.5,PM10,SEDANG
2022-01-06,DKI3 (Jagakarsa),132.7,42.3,19.7,17.9,53.9,11.7,106.2,PM10,TIDAK SEHAT
2022-01-06,DKI4 (Lubang Buaya),58.7,52.8,6.5,4.7,10.5,14.4,63.3,PM25,SEDANG
2022-01-06,DKI5 (Kebon Jeruk),102.3,50.3,6.4,10.4,32.1,2.5,81.8,PM10,SEDANG
2022-01-07,DKI1 (Bunderan HI),74.4,38.9,13.0,11.4,28.1,2.6,59.5,PM10,SEDANG
2022-01-07,DKI2 (Kelapa Gading),91.0,42.3,14.4,6.6,44.1,18.9,72.8,PM10,SEDANG
2022-01-07,DKI3 (Jagakarsa),53.9,64.7,6.0,19.3,39.3,14.4,77.6,PM25,SEDANG
2022-01-07,DKI4 (Lubang Buaya),85.1,58.0,13.7,19.8,12.0,13.5,69.6,PM25,SEDANG
2022-01-07,DKI5 (Kebon Jeruk),62.5,25.3,14.7,13.3,27.7,16.0,50.0,PM10,BAIK
2022-01-08,DKI1 (Bunderan HI),102.2,77.7,18.0,8.2,23.9,14.3,93.2,PM25,SEDANG
2022-01-08,DKI2 (Kelapa Gading),77.5,55.6,12.3,14.1,41.8,11.0,66.8,PM25,SEDANG
2022-01-08,DKI3 (Jagakarsa),84.8,39.5,15.3,2.7,30.3,15.8,67.8,PM10,SEDANG
2022-01-08,DKI4 (Lubang Buaya),101.9,59.7,8.7,19.3,43.8,19.0,81.6,PM10,SEDANG
2022-01-08,DKI5 (Kebon Jeruk),53.9,53.6,16.0,17.1,26.0,19.5,64.3,PM25,SEDANG
2022-01-09,DKI1 (Bunderan HI),97.9,48.6,15.5,24.3,44.6,9.9,78.3,PM10,SEDANG
2022-01-09,DKI2 (Kelapa Gading),71.2,35.4,12.1,23.8,28.7,6.2,56.9,PM10,SEDANG
2022-01-09,DKI3 (Jagakarsa),64.5,25.4,10.5,12.6,41.3,8.4,51.6,PM10,SEDANG
2022-01-09,DKI4 (Lubang Buaya),93.4,20.3,5.6,12.1,43.6,1.9,74.8,PM10,SEDANG
2022-01-09,DKI5 (Kebon Jeruk),73.9,41.0,8.3,9.9,30.0,23.9,59.2,PM10,SEDANG
2022-01-10,DKI1 (Bunderan HI),116.1,32.1,10.4,12.5,39.4,26.7,92.9,PM10,SEDANG
2022-01-10,DKI2 (Kelapa Gading),56.7,49.0,11.0,5.2,46.0,19.7,58.8,PM25,SEDANG
2022-01-10,DKI3 (Jagakarsa),96.8,21.2,13.4,18.8,39.3,19.4,77.4,PM10,SEDANG
2022-01-10,DKI4 (Lubang Buaya),102.3,21.3,16.0,13.4,15.7,1.0,81.9,PM10,SEDANG
2022-01-10,DKI5 (Kebon Jeruk),52.5,60.8,11.8,12.9,40.8,16.1,73.0,PM25,SEDANG
2022-01-11,DKI2 (Kelapa Gading),49.5,59.4,2.6,21.5,14.4,12.6,71.3,PM25,SEDANG
2022-01-11,DKI3 (Jagakarsa),35.2,28.6,6.0,18.6,31.5,16.9,34.3,PM25,BAIK
2022-01-11,DKI4 (Lubang Buaya),36.2,30.8,16.0,15.4,20.5,12.4,37.0,PM25,BAIK
2022-01-11,DKI5 (Kebon Jeruk),72.8,75.7,17.0,26.6,40.0,12.9,90.9,PM25,SEDANG
2022-01-12,DKI1 (Bunderan HI),86.8,76.5,6.4,3.1,9.1,27.0,91.8,PM25,SEDANG
2022-01-12,DKI2 (Kelapa Gading),90.1,46.7,8.4,17.6,38.4,14.3,72.1,PM10,SEDANG
2022-01-12,DKI3 (Jagakarsa),45.5,31.0,15.6,12.7,51.3,22.0,46.2,O3,BAIK
2022-01-12,DKI4 (Lubang Buaya),51.6,33.3,16.2,20.5,36.6,8.1,41.3,PM10,BAIK
2022-01-12,DKI5 (Kebon Jeruk),61.8,25.2,18.8,14.4,31.0,10.6,49.4,PM10,BAIK
2022-01-13,DKI1 (Bunderan HI),14.6,33.8,11.3,8.2,43.3,6.8,40.6,PM25,BAIK
2022-01-13,DKI2 (Kelapa Gading),72.0,51.4,10.1,7.3,32.3,7.6,61.7,PM25,SEDANG
2022-01-13,DKI3 (Jagakarsa),64.6,46.3,10.9,8.9,27.0,25.8,55.6,PM25,SEDANG
2022-01-13,DKI4 (Lubang Buaya),106.3,36.2,8.2,12.7,18.9,10.1,85.1,PM10,SEDANG
2022-01-13,DKI5 (Kebon Jeruk),88.5,60.8,16.9,4.9,37.8,17.2,73.0,PM25,SEDANG
2022-01-14,DKI1 (Bunderan HI),53.1,62.4,22.2,11.8,52.0,7.1,74.9,PM25,SEDANG
2022-01-14,DKI2 (Kelapa Gading),62.5,44.0,19.6,5.3,54.3,4.2,52.7,PM25,SEDANG
2022-01-14,DKI3 (Jagakarsa),91.6,43.9,17.1,14.2,36.6,8.8,73.3,PM10,SEDANG
2022-01-14,DKI4 (Lubang Buaya),102.8,36.4,19.3,13.2,43.8,5.0,82.2,PM10,SEDANG
2022-01-14,DKI5 (Kebon Jeruk),59.3,32.6,11.2,4.4,36.3,22.0,47.5,PM10,BAIK
2022-01-15,DKI1 (Bunderan HI),95.1,53.5,7.3,21.5,26.9,22.1,76.1,PM10,SEDANG
2022-01-15,DKI2 (Kelapa Gading),62.1,80.7,10.6,13.2,29.6,11.8,96.9,PM25,SEDANG
2022-01-15,DKI3 (Jagakarsa),59.8,38.2,12.6,6.7,65.7,21.2,59.2,O3,SEDANG
2022-01-15,DKI4 (Lubang Buaya),68.2,17.1,5.0,20.5,38.4,3.9,54.5,PM10,SEDANG
2022-01-15,DKI5 (Kebon Jeruk),55.4,20.9,16.9,19.9,35.0,14.7,44.4,PM10,BAIK
2022-01-16,DKI1 (Bunderan HI),95.1,67.4,9.8,16.8,35.9,10.0,80.9,PM25,SEDANG
2022-01-16,DKI2 (Kelapa Gading),54.6,26.2,12.2,13.1,37.2,23.3,43.7,PM10,BAIK
2022-01-16,DKI3 (Jagakarsa),65.3,65.9,9.7,13.1,37.6,21.8,79.1,PM25,SEDANG
2022-01-16,DKI4 (Lubang Buaya),72.1,39.0,15.9,7.9,42.1,19.3,57.7,PM10,SEDANG
2022-01-16,DKI5 (Kebon Jeruk),85.3,57.6,13.1,29.4,38.1,10.0,69.1,PM25,SEDANG
2022-01-17,DKI1 (Bunderan HI),67.2,32.0,8.9,10.9,42.8,4.0,53.8,PM10,SEDANG
2022-01-17,DKI2 (Kelapa Gading),30.5,18.8,10.6,4.4,27.4,24.0,24.7,O3,BAIK
2022-01-17,DKI3 (Jagakarsa),73.2,21.8,12.9,21.2,34.1,10.9,58.5,PM10,SEDANG
2022-01-17,DKI4 (Lubang Buaya),66.4,14.6,5.9,9.6,26.0,12.7,53.1,PM10,SEDANG
2022-01-17,DKI5 (Kebon Jeruk),42.1,54.6,12.5,11.6,33.9,12.1,65.5,PM25,SEDANG
2022-01-18,DKI1 (Bunderan HI),31.2,31.6,4.4,10.4,31.5,7.9,37.9,PM25,BAIK
2022-01-18,DKI2 (Kelapa Gading),73.0,57.9,20.8,17.5,47.8,13.9,69.5,PM25,SEDANG
2022-01-18,DKI3 (Jagakarsa),38.2,19.7,10.1,12.6,45.2,11.5,40.7,O3,BAIK
2022-01-18,DKI4 (Lubang Buaya),69.2,42.1,4.5,16.0,22.9,10.0,55.3,PM10,SEDANG
2022-01-18,DKI5 (Kebon Jeruk),67.6,29.0,16.2,19.1,29.4,16.8,54.0,PM10,SEDANG
2022-01-19,DKI1 (Bunderan HI),110.2,23.6,11.4,6.3,36.9,1.0,88.1,PM10,SEDANG
2022-01-19,DKI2 (Kelapa Gading),71.7,53.6,9.7,14.2,20.6,16.2,64.4,PM25,SEDANG
2022-01-19,DKI3 (Jagakarsa),90.2,63.2,9.0,7.8,16.2,23.6,75.8,PM25,SEDANG
2022-01-19,DKI4 (Lubang Buaya),52.9,31.6,1.0,11.6,67.3,28.3,60.5,O3,SEDANG
2022-01-19,DKI5 (Kebon Jeruk),68.9,65.8,8.0,22.7,36.4,19.8,79.0,PM25,SEDANG
2022-01-20,DKI1 (Bunderan HI),54.2,50.7,26.6,19.8,27.2,1.0,60.8,PM25,SEDANG
2022-01-20,DKI2 (Kelapa Gading),50.2,43.1,8.4,14.3,31.7,22.2,51.7,PM25,SEDANG
2022-01-20,DKI3 (Jagakarsa),22.2,39.4,13.3,1.0,21.5,23.4,47.2,PM25,BAIK
2022-01-20,DKI4 (Lubang Buaya),66.0,49.8,7.1,6.6,33.6,25.0,59.8,PM25,SEDANG
2022-01-20,DKI5 (Kebon Jeruk),56.9,40.3,13.2,19.1,42.5,21.7,48.4,PM25,BAIK
2022-01-21,DKI1 (Bunderan HI),34.5,43.6,10.6,10.2,26.7,23.6,52.4,PM25,SEDANG
2022-01-21,DKI2 (Kelapa Gading),41.6,5.0,7.8,5.8,43.5,14.0,39.2,O3,BAIK
2022-01-21,DKI3 (Jagakarsa),85.9,28.6,6.8,21.3,36.1,14.6,68.7,PM10,SEDANG
2022-01-21,DKI4 (Lubang Buaya),59.6,23.5,9.1,15.3,52.8,17.9,47.7,PM10,BAIK
2022-01-21,DKI5 (Kebon Jeruk),28.2,44.6,13.3,22.3,41.9,12.5,53.5,PM25,SEDANG
2022-01-22,DKI1 (Bunderan HI),70.2,31.3,11.9,30.3,40.9,1.0,56.2,PM10,SEDANG
2022-01-22,DKI2 (Kelapa Gading),66.7,63.6,14.4,15.9,40.7,13.8,76.3,PM25,SEDANG
2022-01-22,DKI3 (Jagakarsa),67.3,37.2,11.0,11.9,37.8,25.3,53.9,PM10,SEDANG
2022-01-22,DKI4 (Lubang Buaya),30.2,45.2,14.0,16.9,23.8,11.5,54.3,PM25,SEDANG
2022-01-22,DKI5 (Kebon Jeruk),92.0,44.9,10.7,11.3,39.7,14.3,73.6,PM10,SEDANG
2022-01-23,DKI1 (Bunderan HI),92.6,25.4,9.8,21.2,34.5,5.2,74.1,PM10,SEDANG
2022-01-23,DKI2 (Kelapa Gading),109.6,46.2,14.6,8.9,27.4,13.1,87.7,PM10,SEDANG
2022-01-23,DKI3 (Jagakarsa),47.0,34.1,6.2,2.3,17.4,8.9,41.0,PM25,BAIK
2022-01-23,DKI4 (Lubang Buaya),56.5,32.9,12.8,22.3,29.5,10.4,45.2,PM10,BAIK
2022-01-23,DKI5 (Kebon Jeruk),98.2,41.5,10.9,18.7,23.5,11.2,78.6,PM10,SEDANG
2022-01-24,DKI1 (Bunderan HI),65.3,70.0,1.5,14.3,24.0,3.8,84.1,PM25,SEDANG
2022-01-24,DKI2 (Kelapa Gading),50.8,41.3,11.4,9.8,40.6,2.8,49.6,PM25,BAIK
2022-01-24,DKI3 (Jagakarsa),54.8,55.9,14.3,26.4,42.8,5.6,67.1,PM25,SEDANG
2022-01-24,DKI4 (Lubang Buaya),92.6,33.1,18.9,21.1,16.5,17.0,74.1,PM10,SEDANG
2022-01-24,DKI5 (Kebon Jeruk),61.3,35.7,20.1,14.3,45.1,19.6,49.1,PM10,BAIK
2022-01-25,DKI1 (Bunderan HI),62.4,45.4,3.2,10.7,32.6,14.1,54.5,PM25,SEDANG
2022-01-25,DKI2 (Kelapa Gading),63.3,29.6,10.2,4.6,57.1,5.9,51.4,O3,SEDANG
2022-01-25,DKI3 (Jagakarsa),58.7,52.3,17.8,21.5,36.1,8.5,62.7,PM25,SEDANG
2022-01-25,DKI4 (Lubang Buaya),102.0,39.0,4.4,13.3,29.9,9.4,81.6,PM10,SEDANG
2022-01-25,DKI5 (Kebon Jeruk),72.3,5.0,3.7,14.0,26.3,14.0,57.8,PM10,SEDANG
2022-01-26,DKI1 (Bunderan HI),108.7,43.0,3.6,18.5,31.4,25.1,87.0,PM10,SEDANG
2022-01-26,DKI2 (Kelapa Gading),71.8,53.5,15.2,11.5,16.5,25.9,64.2,PM25,SEDANG
2022-01-26,DKI4 (Lubang Buaya),86.0,49.2,7.8,7.0,30.4,23.3,68.8,PM10,SEDANG
2022-01-26,DKI5 (Kebon Jeruk),89.8,8.5,15.3,6.1,32.8,13.1,71.9,PM10,SEDANG
2022-01-27,DKI1 (Bunderan HI),139.7,12.0,6.4,1.0,40.0,27.5,111.8,PM10,TIDAK SEHAT
2022-01-27,DKI2 (Kelapa Gading),94.6,9.8,12.1,19.7,30.0,6.7,75.6,PM10,SEDANG
2022-01-27,DKI3 (Jagakarsa),90.5,47.3,18.3,18.3,73.3,21.9,72.4,PM10,SEDANG
2022-01-27,DKI4 (Lubang Buaya),61.3,15.7,7.9,13.2,38.6,22.6,49.1,PM10,BAIK
2022-01-27,DKI5 (Kebon Jeruk),24.6,68.8,8.7,8.2,56.0,5.0,82.6,PM25,SEDANG
2022-01-28,DKI1 (Bunderan HI),36.5,25.5,10.1,21.4,47.9,23.7,43.1,O3,BAIK
2022-01-28,DKI2 (Kelapa Gading),66.4,39.2,12.5,16.2,36.0,20.6,53.1,PM10,SEDANG
2022-01-28,DKI3 (Jagakarsa),79.9,44.7,8.4,19.2,27.4,15.9,64.0,PM10,SEDANG
2022-01-28,DKI4 (Lubang Buaya),45.5,26.9,3.0,9.1,31.9,12.5,36.4,PM10,BAIK
2022-01-28,DKI5 (Kebon Jeruk),92.9,32.0,12.6,14.9,31.3,13.2,74.3,PM10,SEDANG
2022-01-29,DKI1 (Bunderan HI),76.8,21.4,15.5,9.9,39.1,14.8,61.4,PM10,SEDANG
2022-01-29,DKI2 (Kelapa Gading),102.9,46.2,19.6,15.0,39.4,8.4,82.3,PM10,SEDANG
2022-01-29,DKI3 (Jagakarsa),82.8,55.8,5.8,6.1,57.1,16.2,67.0,PM25,SEDANG
2022-01-29,DKI4 (Lubang Buaya),76.7,64.2,11.1,8.8,28.3,21.4,77.1,PM25,SEDANG
2022-01-29,DKI5 (Kebon Jeruk),31.3,41.6,8.9,16.7,43.0,24.3,49.9,PM25,BAIK
2022-01-30,DKI1 (Bunderan HI),71.2,53.4,5.6,9.0,49.5,7.7,64.1,PM25,SEDANG
2022-01-30,DKI2 (Kelapa Gading),125.1,32.9,11.5,16.4,22.4,18.3,100.1,PM10,TIDAK SEHAT
2022-01-30,DKI3 (Jagakarsa),92.9,31.1,7.6,20.4,22.2,10.2,74.3,PM10,SEDANG
2022-01-30,DKI4 (Lubang Buaya),92.5,54.7,17.0,7.4,21.9,17.5,74.0,PM10,SEDANG
2022-01-30,DKI5 (Kebon Jeruk),80.9,44.8,16.7,13.6,35.3,23.9,64.7,PM10,SEDANG
2022-01-31,DKI1 (Bunderan HI),46.9,46.9,13.1,9.8,34.0,14.9,56.3,PM25,SEDANG
2022-01-31,DKI2 (Kelapa Gading),52.1,17.9,7.1,13.6,28.3,5.3,41.7,PM10,BAIK
2022-01-31,DKI3 (Jagakarsa),109.5,42.6,11.0,4.7,45.8,26.0,87.6,PM10,SEDANG
2022-01-31,DKI4 (Lubang Buaya),76.0,35.2,11.1,11.5,26.8,13.0,60.8,PM10,SEDANG
2022-01-31,DKI5 (Kebon Jeruk),80.8,48.0,23.5,21.0,9.8,20.7,64.6,PM10,SEDANG
2022-02-01,DKI1 (Bunderan HI),136.3,60.8,7.7,18.9,30.4,7.5,109.1,PM10,TIDAK SEHAT
2022-02-01,DKI2 (Kelapa Gading),71.2,66.0,17.3,12.2,27.6,25.7,79.2,PM25,SEDANG
2022-02-01,DKI3 (Jagakarsa),99.1,34.8,7.9,14.1,25.2,25.8,79.3,PM10,SEDANG
2022-02-01,DKI4 (Lubang Buaya),62.0,73.1,6.3,7.3,34.7,16.2,87.7,PM25,SEDANG
2022-02-01,DKI5 (Kebon Jeruk),67.1,26.8,10.2,10.5,14.1,11.3,53.7,PM10,SEDANG
2022-02-02,DKI1 (Bunderan HI),59.9,14.2,15.7,23.7,34.3,5.6,48.0,PM10,BAIK
2022-02-02,DKI2 (Kelapa Gading),62.1,38.8,12.4,24.4,20.9,17.3,49.7,PM10,BAIK
2022-02-02,DKI3 (Jagakarsa),87.9,55.0,16.8,13.5,33.6,16.3,70.3,PM10,SEDANG
2022-02-02,DKI4 (Lubang Buaya),67.8,27.5,12.3,16.6,27.3,18.4,54.2,PM10,SEDANG
2022-02-02,DKI5 (Kebon Jeruk),49.2,35.4,10.5,20.0,37.6,20.8,42.5,PM25,BAIK
2022-02-03,DKI1 (Bunderan HI),73.8,50.4,10.0,13.7,46.0,4.5,60.5,PM25,SEDANG
2022-02-03,DKI2 (Kelapa Gading),67.8,44.6,13.9,14.7,34.9,7.9,54.3,PM10,SEDANG
2022-02-03,DKI3 (Jagakarsa),54.5,64.3,19.5,17.8,24.5,21.2,77.2,PM25,SEDANG
2022-02-03,DKI4 (Lubang Buaya),85.4,27.9,11.2,33.0,41.0,13.5,68.3,PM10,SEDANG
2022-02-03,DKI5 (Kebon Jeruk),44.2,43.6,14.9,29.2,43.9,17.7,52.3,PM25,SEDANG
2022-02-04,DKI1 (Bunderan HI),95.6,9.8,4.7,13.6,37.3,1.0,76.5,PM10,SEDANG
2022-02-04,DKI2 (Kelapa Gading),120.9,27.0,4.6,17.2,60.7,1.0,96.7,PM10,SEDANG
2022-02-04,DKI4 (Lubang Buaya),84.6,5.0,12.3,1.0,22.5,16.6,67.7,PM10,SEDANG
2022-02-04,DKI5 (Kebon Jeruk),92.8,57.0,15.6,12.1,29.5,18.0,74.3,PM10,SEDANG
2022-02-05,DKI1 (Bunderan HI),61.7,42.2,11.6,19.7,32.5,17.5,50.7,PM25,SEDANG
2022-02-05,DKI2 (Kelapa Gading),65.3,5.0,13.6,8.2,34.0,13.8,52.2,PM10,SEDANG
2022-02-05,DKI3 (Jagakarsa),79.4,17.2,18.4,15.5,31.2,15.7,63.5,PM10,SEDANG
2022-02-05,DKI4 (Lubang Buaya),96.1,42.4,11.2,14.3,44.3,11.8,76.9,PM10,SEDANG
2022-02-05,DKI5 (Kebon Jeruk),72.4,45.2,14.2,19.5,34.8,11.7,57.9,PM10,SEDANG
2022-02-06,DKI1 (Bunderan HI),84.6,13.1,5.9,7.5,25.2,5.3,67.7,PM10,SEDANG
2022-02-06,DKI2 (Kelapa Gading),91.6,35.2,2.7,6.3,37.6,3.6,73.3,PM10,SEDANG
2022-02-06,DKI3 (Jagakarsa),70.3,40.8,10.5,13.5,20.6,11.3,56.3,PM10,SEDANG
2022-02-06,DKI4 (Lubang Buaya),35.8,27.5,8.0,9.9,29.4,17.0,33.0,PM25,BAIK
2022-02-06,DKI5 (Kebon Jeruk),64.3,34.2,6.8,8.3,37.6,12.6,51.4,PM10,SEDANG
2022-02-07,DKI1 (Bunderan HI),63.6,67.1,5.5,9.6,50.2,13.8,80.5,PM25,SEDANG
2022-02-07,DKI2 (Kelapa Gading),66.3,76.3,23.3,21.0,28.5,17.2,91.5,PM25,SEDANG
2022-02-07,DKI3 (Jagakarsa),29.9,43.2,12.8,12.0,34.3,27.2,51.9,PM25,SEDANG
2022-02-07,DKI4 (Lubang Buaya),60.4,44.3,12.1,17.5,33.3,13.7,53.1,PM25,SEDANG
2022-02-07,DKI5 (Kebon Jeruk),92.4,37.1,9.2,14.9,33.4,14.3,73.9,PM10,SEDANG
2022-02-08,DKI1 (Bunderan HI),87.2,29.9,6.9,16.4,41.7,15.8,69.8,PM10,SEDANG
2022-02-08,DKI3 (Jagakarsa),40.1,82.0,13.6,16.1,20.0,12.1,98.4,PM25,SEDANG
2022-02-08,DKI4 (Lubang Buaya),80.7,52.4,8.8,25.0,39.8,10.9,64.6,PM10,SEDANG
2022-02-08,DKI5 (Kebon Jeruk),50.6,26.9,6.0,13.3,37.5,25.9,40.5,PM10,BAIK
2022-02-09,DKI1 (Bunderan HI),86.3,62.6,8.8,15.7,33.9,7.0,75.1,PM25,SEDANG
2022-02-09,DKI2 (Kelapa Gading),83.6,61.4,8.5,20.7,39.3,13.5,73.7,PM25,SEDANG
2022-02-09,DKI3 (Jagakarsa),84.1,68.4,20.7,14.7,47.2,26.3,82.1,PM25,SEDANG
2022-02-09,DKI4 (Lubang Buaya),69.1,50.7,2.6,9.2,34.2,4.2,60.8,PM25,SEDANG
2022-02-09,DKI5 (Kebon Jeruk),53.6,64.4,11.2,21.5,41.3,5.3,77.3,PM25,SEDANG
2022-02-10,DKI1 (Bunderan HI),48.2,41.6,13.6,15.5,30.1,13.1,50.0,PM25,BAIK
2022-02-10,DKI2 (Kelapa Gading),81.2,15.2,6.5,16.2,27.3,17.6,65.0,PM10,SEDANG
2022-02-10,DKI3 (Jagakarsa),71.1,6.8,7.3,19.0,25.6,24.5,56.9,PM10,SEDANG
2022-02-10,DKI4 (Lubang Buaya),43.9,72.8,9.6,18.1,42.3,26.0,87.4,PM25,SEDANG
2022-02-10,DKI5 (Kebon Jeruk),73.2,53.6,9.0,12.4,27.1,11.7,64.3,PM25,SEDANG
2022-02-11,DKI1 (Bunderan HI),10.0,38.3,11.3,4.2,45.4,9.6,46.0,PM25,BAIK
2022-02-11,DKI2 (Kelapa Gading),68.8,55.4,9.3,14.3,34.1,16.7,66.4,PM25,SEDANG
2022-02-11,DKI3 (Jagakarsa),70.9,39.2,6.6,21.0,35.4,12.3,56.8,PM10,SEDANG
2022-02-11,DKI4 (Lubang Buaya),32.2,59.9,6.0,16.3,31.4,19.6,71.9,PM25,SEDANG
2022-02-11,DKI5 (Kebon Jeruk),106.8,23.5,5.7,15.9,48.3,12.9,85.5,PM10,SEDANG
2022-02-12,DKI1 (Bunderan HI),67.3,16.2,16.4,13.9,45.8,17.1,53.8,PM10,SEDANG
2022-02-12,DKI2 (Kelapa Gading),63.5,59.7,12.2,5.7,44.2,24.8,71.6,PM25,SEDANG
2022-02-12,DKI3 (Jagakarsa),49.5,39.9,21.3,11.6,21.3,10.9,47.9,PM25,BAIK
2022-02-12,DKI4 (Lubang Buaya),60.5,61.9,9.1,18.2,38.1,15.5,74.3,PM25,SEDANG
2022-02-12,DKI5 (Kebon Jeruk),68.1,5.0,13.8,20.5,26.7,23.4,54.5,PM10,SEDANG
2022-02-13,DKI1 (Bunderan HI),57.4,40.0,12.5,21.8,10.9,19.9,48.0,PM25,BAIK
2022-02-13,DKI2 (Kelapa Gading),75.5,52.0,10.7,11.7,58.7,10.7,62.5,PM25,SEDANG
2022-02-13,DKI3 (Jagakarsa),68.2,78.3,16.1,3.5,20.0,22.0,94.0,PM25,SEDANG
2022-02-13,DKI4 (Lubang Buaya),69.8,87.6,12.3,18.1,38.6,24.1,105.1,PM25,TIDAK SEHAT
2022-02-13,DKI5 (Kebon Jeruk),121.9,47.2,19.2,18.1,37.5,15.6,97.5,PM10,SEDANG
2022-02-14,DKI1 (Bunderan HI),36.8,74.0,12.0,7.7,27.7,7.5,88.8,PM25,SEDANG
2022-02-14,DKI2 (Kelapa Gading),82.8,68.6,8.2,6.9,8.1,7.5,82.3,PM25,SEDANG
2022-02-14,DKI3 (Jagakarsa),38.6,74.9,3.8,16.7,38.6,14.4,89.9,PM25,SEDANG
2022-02-14,DKI4 (Lubang Buaya),57.6,73.9,13.2,5.2,29.9,14.2,88.7,PM25,SEDANG
2022-02-14,DKI5 (Kebon Jeruk),50.9,42.3,15.5,14.6,42.0,19.0,50.8,PM25,SEDANG
2022-02-15,DKI1 (Bunderan HI),87.2,68.6,7.5,3.4,42.0,29.4,82.4,PM25,SEDANG
2022-02-15,DKI2 (Kelapa Gading),71.0,22.1,13.6,3.8,35.5,1.8,56.8,PM10,SEDANG
2022-02-15,DKI3 (Jagakarsa),52.6,81.8,4.9,16.4,41.5,8.0,98.2,PM25,SEDANG
2022-02-15,DKI4 (Lubang Buaya),108.6,31.4,11.5,13.2,43.0,32.7,86.8,PM10,SEDANG
2022-02-15,DKI5 (Kebon Jeruk),45.5,48.0,17.4,7.3,29.7,21.3,57.6,PM25,SEDANG
2022-02-16,DKI1 (Bunderan HI),51.4,32.4,1.0,8.8,13.1,14.9,41.2,PM10,BAIK
2022-02-16,DKI2 (Kelapa Gading),14.2,33.5,12.1,12.4,41.5,18.9,40.2,PM25,BAIK
2022-02-16,DKI3 (Jagakarsa),29.7,41.0,1.0,12.4,23.7,12.6,49.2,PM25,BAIK
2022-02-16,DKI5 (Kebon Jeruk),59.8,49.8,11.0,9.8,8.6,19.5,59.8,PM25,SEDANG
2022-02-17,DKI1 (Bunderan HI),35.1,12.2,5.7,18.6,31.9,19.2,28.7,O3,BAIK
2022-02-17,DKI2 (Kelapa Gading),39.9,36.8,20.7,11.5,21.0,11.1,44.2,PM25,BAIK
2022-02-17,DKI3 (Jagakarsa),80.3,66.9,1.0,12.2,26.4,12.6,80.3,PM25,SEDANG
2022-02-17,DKI4 (Lubang Buaya),44.9,24.4,5.1,8.2,31.3,13.8,35.9,PM10,BAIK
2022-02-17,DKI5 (Kebon Jeruk),80.0,44.0,11.8,18.3,19.7,10.5,64.0,PM10,SEDANG
2022-02-18,DKI1 (Bunderan HI),55.7,39.1,15.5,14.6,47.2,25.8,47.0,PM25,BAIK
2022-02-18,DKI2 (Kelapa Gading),56.3,10.0,17.3,12.2,30.7,19.5,45.0,PM10,BAIK
2022-02-18,DKI3 (Jagakarsa),64.6,39.4,11.3,7.9,24.3,22.2,51.6,PM10,SEDANG
2022-02-18,DKI5 (Kebon Jeruk),93.9,42.1,10.1,17.4,30.5,16.1,75.2,PM10,SEDANG
2022-02-19,DKI1 (Bunderan HI),114.8,68.4,5.1,14.6,20.0,20.0,91.8,PM10,SEDANG
2022-02-19,DKI2 (Kelapa Gading),42.8,69.9,5.1,7.2,18.2,10.7,83.9,PM25,SEDANG
2022-02-19,DKI3 (Jagakarsa),77.4,60.2,7.0,18.1,29.7,5.3,72.3,PM25,SEDANG
2022-02-19,DKI4 (Lubang Buaya),91.7,35.1,8.4,23.7,43.1,32.3,73.3,PM10,SEDANG
2022-02-19,DKI5 (Kebon Jeruk),61.5,46.6,5.8,18.5,26.6,6.7,55.9,PM25,SEDANG
2022-02-20,DKI1 (Bunderan HI),49.0,42.4,24.0,14.4,31.0,20.1,50.8,PM25,SEDANG
2022-02-20,DKI2 (Kelapa Gading),72.5,12.6,12.7,21.3,31.1,16.9,58.0,PM10,SEDANG
2022-02-20,DKI3 (Jagakarsa),72.0,60.3,8.8,12.0,36.6,11.2,72.4,PM25,SEDANG
2022-02-20,DKI4 (Lubang Buaya),47.5,52.9,16.3,9.8,28.5,15.0,63.5,PM25,SEDANG
2022-02-20,DKI5 (Kebon Jeruk),81.7,35.1,8.9,16.4,21.3,13.1,65.4,PM10,SEDANG
2022-02-21,DKI1 (Bunderan HI),10.0,42.6,11.6,14.7,8.1,9.8,51.2,PM25,SEDANG
2022-02-21,DKI2 (Kelapa Gading),84.2,82.9,14.1,25.3,50.7,17.1,99.5,PM25,SEDANG
2022-02-21,DKI3 (Jagakarsa),92.4,74.0,11.7,6.9,39.2,13.5,88.8,PM25,SEDANG
2022-02-21,DKI4 (Lubang Buaya),55.9,42.5,7.7,10.7,27.1,11.9,51.0,PM25,SEDANG
2022-02-21,DKI5 (Kebon Jeruk),55.7,66.3,5.3,20.0,59.9,8.1,79.5,PM25,SEDANG
2022-02-22,DKI1 (Bunderan HI),66.1,39.3,2.8,16.5,37.6,22.8,52.9,PM10,SEDANG
2022-02-22,DKI2 (Kelapa Gading),78.0,44.8,7.9,2.5,41.1,25.9,62.4,PM10,SEDANG
2022-02-22,DKI4 (Lubang Buaya),32.0,54.3,10.9,7.7,52.0,17.1,65.1,PM25,SEDANG
2022-02-22,DKI5 (Kebon Jeruk),74.0,14.1,19.5,9.3,37.9,22.0,59.2,PM10,SEDANG
2022-02-23,DKI1 (Bunderan HI),76.8,56.7,16.5,27.6,18.4,15.1,68.0,PM25,SEDANG
2022-02-23,DKI2 (Kelapa Gading),106.1,40.6,1.0,22.2,35.6,8.0,84.9,PM10,SEDANG
2022-02-23,DKI3 (Jagakarsa),73.6,51.1,7.2,12.8,41.7,8.5,61.3,PM25,SEDANG
2022-02-23,DKI4 (Lubang Buaya),86.6,72.0,2.1,14.7,39.6,16.1,86.4,PM25,SEDANG
2022-02-23,DKI5 (Kebon Jeruk),88.0,47.3,16.1,18.5,21.7,4.6,70.4,PM10,SEDANG
2022-02-24,DKI1 (Bunderan HI),36.8,71.2,8.0,14.4,45.3,14.4,85.5,PM25,SEDANG
2022-02-24,DKI2 (Kelapa Gading),87.6,53.3,8.2,6.6,44.5,18.3,70.1,PM10,SEDANG
2022-02-24,DKI3 (Jagakarsa),53.8,60.4,10.5,15.3,37.6,12.1,72.4,PM25,SEDANG
2022-02-24,DKI4 (Lubang Buaya),45.7,66.9,19.2,8.7,31.9,19.9,80.3,PM25,SEDANG
2022-02-24,DKI5 (Kebon Jeruk),78.4,69.9,14.0,15.2,12.4,2.3,83.9,PM25,SEDANG
2022-02-25,DKI1 (Bunderan HI),52.3,33.8,12.0,19.0,32.7,11.4,41.8,PM10,BAIK
2022-02-25,DKI3 (Jagakarsa),82.9,35.7,13.4,7.4,38.3,11.4,66.3,PM10,SEDANG
2022-02-25,DKI4 (Lubang Buaya),89.0,37.3,10.4,9.1,47.3,17.1,71.2,PM10,SEDANG
2022-02-25,DKI5 (Kebon Jeruk),108.5,45.5,4.1,18.8,47.3,12.8,86.8,PM10,SEDANG
2022-02-26,DKI1 (Bunderan HI),39.5,75.0,12.3,19.9,26.5,17.1,89.9,PM25,SEDANG
2022-02-26,DKI2 (Kelapa Gading),64.9,38.3,12.7,1.0,44.1,21.1,51.9,PM10,SEDANG
2022-02-26,DKI3 (Jagakarsa),53.7,49.8,18.5,10.8,35.7,11.0,59.8,PM25,SEDANG
2022-02-26,DKI4 (Lubang Buaya),29.3,35.7,8.6,16.4,48.6,17.2,43.7,O3,BAIK
2022-02-26,DKI5 (Kebon Jeruk),60.2,30.4,16.9,19.9,29.9,17.0,48.2,PM10,BAIK
2022-02-27,DKI1 (Bunderan HI),76.9,28.8,10.8,8.6,52.5,8.0,61.6,PM10,SEDANG
2022-02-27,DKI2 (Kelapa Gading),52.5,52.5,11.4,12.8,48.6,17.5,63.1,PM25,SEDANG
2022-02-27,DKI3 (Jagakarsa),62.8,33.7,7.4,9.3,28.9,12.0,50.3,PM10,SEDANG
2022-02-27,DKI4 (Lubang Buaya),49.1,55.9,15.5,8.1,46.6,10.8,67.1,PM25,SEDANG
2022-02-27,DKI5 (Kebon Jeruk),28.8,22.4,16.1,20.7,27.9,19.5,26.9,PM25,BAIK
2022-02-28,DKI1 (Bunderan HI),61.9,80.3,1.1,16.4,38.6,28.4,96.3,PM25,SEDANG
2022-02-28,DKI2 (Kelapa Gading),86.6,8.8,9.5,16.5,25.3,13.9,69.3,PM10,SEDANG
2022-02-28,DKI3 (Jagakarsa),58.7,32.3,10.2,13.1,43.6,10.5,46.9,PM10,BAIK
2022-02-28,DKI5 (Kebon Jeruk),63.9,54.6,14.1,3.6,23.7,10.7,65.5,PM25,SEDANG
2022-03-01,DKI1 (Bunderan HI),52.7,37.6,6.2,1.0,22.6,21.3,45.2,PM25,BAIK
2022-03-01,DKI2 (Kelapa Gading),68.1,33.0,11.9,14.0,65.1,20.3,58.6,O3,SEDANG
2022-03-01,DKI3 (Jagakarsa),62.3,57.7,15.5,11.9,44.6,23.6,69.3,PM25,SEDANG
2022-03-01,DKI4 (Lubang Buaya),61.2,19.8,15.1,12.4,36.6,20.0,49.0,PM10,BAIK
2022-03-01,DKI5 (Kebon Jeruk),104.3,34.1,9.5,15.8,18.1,12.1,83.5,PM10,SEDANG
2022-03-02,DKI1 (Bunderan HI),86.5,42.6,16.6,10.4,50.2,15.4,69.2,PM10,SEDANG
2022-03-02,DKI2 (Kelapa Gading),64.0,57.6,4.7,10.7,37.5,18.4,69.1,PM25,SEDANG
2022-03-02,DKI3 (Jagakarsa),10.6,26.9,10.9,12.9,41.2,12.6,37.1,O3,BAIK
2022-03-02,DKI4 (Lubang Buaya),42.1,51.2,5.8,10.4,24.3,11.7,61.4,PM25,SEDANG
2022-03-02,DKI5 (Kebon Jeruk),23.8,33.5,15.7,12.2,6.3,4.6,40.2,PM25,BAIK
2022-03-03,DKI1 (Bunderan HI),40.2,36.9,2.7,16.3,52.9,22.7,47.6,O3,BAIK
2022-03-03,DKI2 (Kelapa Gading),82.3,57.5,18.0,17.0,18.9,24.0,69.0,PM25,SEDANG
2022-03-03,DKI3 (Jagakarsa),75.4,32.9,13.6,11.4,28.1,27.8,60.3,PM10,SEDANG
2022-03-03,DKI4 (Lubang Buaya),20.1,38.2,6.8,8.2,17.5,13.8,45.9,PM25,BAIK
2022-03-03,DKI5 (Kebon Jeruk),87.9,50.7,12.1,11.8,23.7,15.1,70.3,PM10,SEDANG
2022-03-04,DKI1 (Bunderan HI),84.7,35.1,7.6,22.9,21.8,21.3,67.7,PM10,SEDANG
2022-03-04,DKI2 (Kelapa Gading),40.5,29.7,16.0,15.1,29.6,25.9,35.7,PM25,BAIK
2022-03-04,DKI3 (Jagakarsa),38.1,51.1,17.5,13.8,35.3,16.6,61.3,PM25,SEDANG
2022-03-04,DKI4 (Lubang Buaya),30.7,29.0,17.0,8.7,29.0,6.2,34.8,PM25,BAIK
2022-03-04,DKI5 (Kebon Jeruk),49.4,52.2,4.4,2.9,45.6,15.1,62.6,PM25,SEDANG
2022-03-05,DKI1 (Bunderan HI),38.5,50.7,5.7,12.2,23.6,2.1,60.9,PM25,SEDANG
2022-03-05,DKI2 (Kelapa Gading),94.2,28.2,18.3,14.2,27.5,7.4,75.4,PM10,SEDANG
2022-03-05,DKI3 (Jagakarsa),68.7,50.3,16.1,17.1,30.8,18.7,60.4,PM25,SEDANG
2022-03-05,DKI4 (Lubang Buaya),57.7,68.4,9.6,16.8,7.2,18.5,82.1,PM25,SEDANG
2022-03-05,DKI5 (Kebon Jeruk),77.3,76.2,9.1,23.3,34.4,25.7,91.4,PM25,SEDANG
2022-03-06,DKI1 (Bunderan HI),76.1,31.3,18.4,11.4,29.5,16.9,60.9,PM10,SEDANG
2022-03-06,DKI2 (Kelapa Gading),68.4,51.3,12.6,16.9,40.5,6.4,61.5,PM25,SEDANG
2022-03-06,DKI3 (Jagakarsa),18.2,46.4,7.8,8.7,30.6,16.9,55.7,PM25,SEDANG
2022-03-06,DKI4 (Lubang Buaya),64.6,54.4,6.8,24.6,45.1,12.9,65.3,PM25,SEDANG
2022-03-06,DKI5 (Kebon Jeruk),118.6,5.0,16.5,13.8,48.4,11.7,94.9,PM10,SEDANG
2022-03-07,DKI1 (Bunderan HI),39.3,45.6,8.8,15.2,38.1,3.9,54.8,PM25,SEDANG
2022-03-07,DKI2 (Kelapa Gading),90.2,5.0,26.2,15.1,25.3,3.6,72.2,PM10,SEDANG
2022-03-07,DKI3 (Jagakarsa),82.5,48.4,10.9,11.3,41.9,1.0,66.0,PM10,SEDANG
2022-03-07,DKI4 (Lubang Buaya),34.5,51.9,8.9,17.9,21.7,14.3,62.3,PM25,SEDANG
2022-03-07,DKI5 (Kebon Jeruk),54.9,70.6,9.3,19.9,37.3,8.6,84.7,PM25,SEDANG
2022-03-08,DKI1 (Bunderan HI),77.7,46.7,4.4,11.3,34.2,25.4,62.1,PM10,SEDANG
2022-03-08,DKI2 (Kelapa Gading),88.1,33.6,3.5,21.0,40.7,4.0,70.5,PM10,SEDANG
2022-03-08,DKI3 (Jagakarsa),31.5,28.7,18.6,8.3,24.3,1.0,34.4,PM25,BAIK
2022-03-08,DKI4 (Lubang Buaya),62.9,78.8,15.5,16.0,26.6,4.0,94.6,PM25,SEDANG
2022-03-08,DKI5 (Kebon Jeruk),86.7,37.4,13.7,2.0,40.8,29.0,69.4,PM10,SEDANG
2022-03-09,DKI1 (Bunderan HI),48.4,5.0,17.3,1.0,48.9,14.6,44.0,O3,BAIK
2022-03-09,DKI2 (Kelapa Gading),130.7,16.7,13.2,2.2,51.5,19.6,104.6,PM10,TIDAK SEHAT
2022-03-09,DKI3 (Jagakarsa),78.1,59.4,3.7,16.9,56.9,6.4,71.2,PM25,SEDANG
2022-03-09,DKI4 (Lubang Buaya),93.8,54.4,7.9,13.4,65.5,18.5,75.0,PM10,SEDANG
2022-03-09,DKI5 (Kebon Jeruk),119.1,37.8,14.2,11.7,39.2,9.3,95.3,PM10,SEDANG
2022-03-10,DKI1 (Bunderan HI),29.5,31.9,20.7,1.1,36.1,14.2,38.3,PM25,BAIK
2022-03-10,DKI2 (Kelapa Gading),71.3,24.4,16.9,13.2,60.3,7.1,57.0,PM10,SEDANG
2022-03-10,DKI3 (Jagakarsa),87.9,42.1,9.3,4.9,59.7,9.8,70.3,PM10,SEDANG
2022-03-10,DKI4 (Lubang Buaya),81.9,30.5,17.1,7.7,53.8,8.2,65.5,PM10,SEDANG
2022-03-10,DKI5 (Kebon Jeruk),72.9,43.4,9.6,8.0,30.2,16.7,58.3,PM10,SEDANG
2022-03-11,DKI1 (Bunderan HI),41.4,26.9,5.3,13.7,59.3,16.0,53.4,O3,SEDANG
2022-03-11,DKI2 (Kelapa Gading),41.9,40.8,14.8,15.9,42.4,3.9,49.0,PM25,BAIK
2022-03-11,DKI4 (Lubang Buaya),83.4,51.3,6.7,27.1,12.4,25.4,66.7,PM10,SEDANG
2022-03-11,DKI5 (Kebon Jeruk),57.3,36.9,13.3,3.1,67.1,16.6,60.4,O3,SEDANG
2022-03-12,DKI1 (Bunderan HI),33.0,35.9,11.0,14.5,23.9,23.2,43.1,PM25,BAIK
2022-03-12,DKI2 (Kelapa Gading),98.6,77.2,13.0,20.7,54.8,2.3,92.7,PM25,SEDANG
2022-03-12,DKI3 (Jagakarsa),124.4,55.2,7.9,12.5,28.3,6.4,99.5,PM10,SEDANG
2022-03-12,DKI4 (Lubang Buaya),101.7,78.0,1.1,24.3,33.4,19.1,93.6,PM25,SEDANG
2022-03-12,DKI5 (Kebon Jeruk),41.3,40.0,18.4,5.8,41.7,22.4,48.0,PM25,BAIK
2022-03-13,DKI1 (Bunderan HI),55.5,21.5,10.3,24.1,42.6,23.3,44.4,PM10,BAIK
2022-03-13,DKI2 (Kelapa Gading),16.6,33.9,10.2,6.3,27.5,16.5,40.6,PM25,BAIK
2022-03-13,DKI3 (Jagakarsa),47.6,34.1,15.8,9.9,45.6,13.1,41.0,O3,BAIK
2022-03-13,DKI4 (Lubang Buaya),48.0,66.0,11.9,1.0,8.8,9.3,79.2,PM25,SEDANG
2022-03-13,DKI5 (Kebon Jeruk),55.9,46.1,11.9,7.7,32.8,12.3,55.3,PM25,SEDANG
2022-03-14,DKI1 (Bunderan HI),53.2,30.3,25.9,6.1,21.4,13.3,42.5,PM10,BAIK
2022-03-14,DKI2 (Kelapa Gading),103.1,38.8,12.3,25.6,37.6,7.8,82.5,PM10,SEDANG
2022-03-14,DKI3 (Jagakarsa),100.5,41.7,9.6,7.1,34.5,8.4,80.4,PM10,SEDANG
2022-03-14,DKI4 (Lubang Buaya),65.6,35.9,16.8,4.9,23.1,19.2,52.4,PM10,SEDANG
2022-03-14,DKI5 (Kebon Jeruk),53.1,26.0,11.6,11.2,16.2,1.0,42.5,PM10,BAIK
2022-03-15,DKI1 (Bunderan HI),103.1,52.5,19.0,3.8,59.0,14.1,82.5,PM10,SEDANG
2022-03-15,DKI2 (Kelapa Gading),21.3,54.4,7.7,22.4,19.7,21.9,65.3,PM25,SEDANG
2022-03-15,DKI3 (Jagakarsa),27.4,36.1,15.2,21.3,6.0,17.6,43.4,PM25,BAIK
2022-03-15,DKI4 (Lubang Buaya),91.2,30.9,8.7,1.0,36.4,13.7,73.0,PM10,SEDANG
2022-03-16,DKI2 (Kelapa Gading),50.7,32.0,6.5,15.5,34.4,17.7,40.6,PM10,BAIK
2022-03-16,DKI3 (Jagakarsa),69.7,54.6,18.1,7.5,22.0,12.6,65.6,PM25,SEDANG
2022-03-16,DKI4 (Lubang Buaya),49.2,65.4,12.0,8.9,34.9,14.2,78.4,PM25,SEDANG
2022-03-16,DKI5 (Kebon Jeruk),74.2,40.1,11.5,19.2,23.8,12.9,59.4,PM10,SEDANG
2022-03-17,DKI1 (Bunderan HI),86.3,51.0,5.4,7.9,17.7,12.8,69.0,PM10,SEDANG
2022-03-17,DKI2 (Kelapa Gading),89.2,51.2,10.5,3.6,47.1,11.9,71.4,PM10,SEDANG
2022-03-17,DKI3 (Jagakarsa),59.3,34.6,3.8,22.6,54.3,13.7,48.8,O3,BAIK
2022-03-17,DKI4 (Lubang Buaya),28.5,60.3,14.4,12.5,65.2,21.6,72.4,PM25,SEDANG
2022-03-17,DKI5 (Kebon Jeruk),44.2,10.8,9.2,26.0,29.4,14.5,35.3,PM10,BAIK
2022-03-18,DKI1 (Bunderan HI),38.6,32.5,10.8,14.6,31.8,13.7,39.0,PM25,BAIK
2022-03-18,DKI2 (Kelapa Gading),49.1,54.3,16.9,21.7,20.6,4.8,65.2,PM25,SEDANG
2022-03-18,DKI3 (Jagakarsa),66.6,58.1,11.2,10.2,40.7,32.8,69.8,PM25,SEDANG
2022-03-18,DKI4 (Lubang Buaya),35.3,65.4,9.2,9.4,43.7,13.2,78.5,PM25,SEDANG
2022-03-18,DKI5 (Kebon Jeruk),35.5,40.9,12.0,13.3,34.9,12.3,49.1,PM25,BAIK
2022-03-19,DKI1 (Bunderan HI),90.7,46.2,3.0,2.9,52.6,20.9,72.6,PM10,SEDANG
2022-03-19,DKI2 (Kelapa Gading),74.3,32.3,13.2,19.5,36.2,19.6,59.4,PM10,SEDANG
2022-03-19,DKI3 (Jagakarsa),115.3,19.2,10.1,19.9,23.0,13.8,92.2,PM10,SEDANG
2022-03-19,DKI4 (Lubang Buaya),23.6,77.3,9.2,12.9,26.8,16.0,92.8,PM25,SEDANG
2022-03-19,DKI5 (Kebon Jeruk),71.3,8.5,2.7,19.9,46.0,20.0,57.0,PM10,SEDANG
2022-03-20,DKI1 (Bunderan HI),26.3,60.7,4.2,11.1,23.8,35.7,72.8,PM25,SEDANG
2022-03-20,DKI2 (Kelapa Gading),69.7,40.4,12.9,17.4,23.0,24.2,55.8,PM10,SEDANG
2022-03-20,DKI3 (Jagakarsa),61.2,5.0,6.7,25.3,41.5,12.3,49.0,PM10,BAIK
2022-03-20,DKI4 (Lubang Buaya),87.9,15.5,15.6,22.3,24.7,19.5,70.3,PM10,SEDANG
2022-03-21,DKI1 (Bunderan HI),95.9,5.0,6.3,12.1,41.7,17.1,76.8,PM10,SEDANG
2022-03-21,DKI2 (Kelapa Gading),69.5,41.1,7.6,3.9,35.1,13.5,55.6,PM10,SEDANG
2022-03-21,DKI3 (Jagakarsa),66.8,36.8,14.3,5.9,37.4,5.0,53.4,PM10,SEDANG
2022-03-21,DKI4 (Lubang Buaya),73.7,47.3,5.4,19.9,42.1,11.6,59.0,PM10,SEDANG
2022-03-21,DKI5 (Kebon Jeruk),55.5,39.5,5.8,10.7,46.7,23.6,47.3,PM25,BAIK
2022-03-22,DKI1 (Bunderan HI),106.5,54.2,11.6,10.5,24.6,13.8,85.2,PM10,SEDANG
2022-03-22,DKI2 (Kelapa Gading),83.0,41.0,9.5,25.9,16.4,18.6,66.4,PM10,SEDANG
2022-03-22,DKI3 (Jagakarsa),17.3,34.3,6.6,12.7,32.4,7.5,41.2,PM25,BAIK
2022-03-22,DKI4 (Lubang Buaya),47.4,24.9,23.0,5.7,38.9,1.0,37.9,PM10,BAIK
2022-03-22,DKI5 (Kebon Jeruk),62.2,63.9,17.0,13.3,42.0,14.6,76.7,PM25,SEDANG
2022-03-23,DKI1 (Bunderan HI),67.2,17.2,5.2,12.3,48.0,22.4,53.7,PM10,SEDANG
2022-03-23,DKI2 (Kelapa Gading),38.3,42.0,19.3,18.3,35.2,9.5,50.4,PM25,SEDANG
2022-03-23,DKI3 (Jagakarsa),75.2,56.9,10.4,15.4,23.5,18.9,68.3,PM25,SEDANG
2022-03-23,DKI5 (Kebon Jeruk),64.6,28.7,16.4,21.0,11.2,12.1,51.7,PM10,SEDANG
2022-03-24,DKI1 (Bunderan HI),52.3,37.7,13.9,4.1,45.8,9.8,45.3,PM25,BAIK
2022-03-24,DKI2 (Kelapa Gading),47.1,49.2,18.0,16.0,34.3,9.8,59.0,PM25,SEDANG
2022-03-24,DKI3 (Jagakarsa),67.0,32.0,4.1,14.4,45.8,13.0,53.6,PM10,SEDANG
2022-03-24,DKI4 (Lubang Buaya),110.8,33.6,6.8,27.5,34.9,13.1,88.6,PM10,SEDANG
2022-03-24,DKI5 (Kebon Jeruk),70.0,43.2,8.5,13.9,27.3,6.0,56.0,PM10,SEDANG
2022-03-25,DKI1 (Bunderan HI),51.8,24.0,10.6,9.6,55.1,16.6,49.6,O3,BAIK
2022-03-25,DKI2 (Kelapa Gading),14.9,16.6,11.4,17.0,37.9,18.4,34.1,O3,BAIK
2022-03-25,DKI3 (Jagakarsa),48.7,77.6,7.9,18.7,15.9,4.6,93.1,PM25,SEDANG
2022-03-26,DKI1 (Bunderan HI),77.9,54.0,6.8,20.1,38.6,16.5,64.8,PM25,SEDANG
2022-03-26,DKI2 (Kelapa Gading),76.8,44.5,6.1,23.3,43.5,14.2,61.4,PM10,SEDANG
2022-03-26,DKI3 (Jagakarsa),94.4,69.5,16.1,16.3,25.5,10.4,83.4,PM25,SEDANG
2022-03-26,DKI4 (Lubang Buaya),20.1,45.7,11.0,1.0,5.0,26.7,54.9,PM25,SEDANG
2022-03-26,DKI5 (Kebon Jeruk),24.4,50.2,3.7,21.8,41.2,18.6,60.3,PM25,SEDANG
2022-03-27,DKI1 (Bunderan HI),43.1,48.6,9.0,4.3,29.6,9.1,58.3,PM25,SEDANG
2022-03-27,DKI2 (Kelapa Gading),43.4,45.5,3.8,22.3,43.8,13.1,54.6,PM25,SEDANG
2022-03-27,DKI3 (Jagakarsa),106.2,26.7,12.3,15.6,18.8,21.2,85.0,PM10,SEDANG
2022-03-27,DKI5 (Kebon Jeruk),46.0,53.5,11.8,8.9,31.2,18.2,64.2,PM25,SEDANG
2022-03-28,DKI1 (Bunderan HI),83.5,8.9,13.6,8.2,18.4,14.4,66.8,PM10,SEDANG
2022-03-28,DKI2 (Kelapa Gading),42.8,39.9,7.2,15.1,43.4,22.8,47.9,PM25,BAIK
2022-03-28,DKI3 (Jagakarsa),48.0,34.5,5.9,9.8,24.4,17.7,41.3,PM25,BAIK
2022-03-28,DKI4 (Lubang Buaya),63.4,40.6,15.6,18.7,27.3,1.0,50.7,PM10,SEDANG
2022-03-28,DKI5 (Kebon Jeruk),91.3,56.9,7.6,15.2,53.7,26.9,73.1,PM10,SEDANG
2022-03-29,DKI2 (Kelapa Gading),39.3,34.7,2.6,10.7,26.3,1.0,41.6,PM25,BAIK
2022-03-29,DKI4 (Lubang Buaya),93.8,67.0,17.5,19.3,13.3,28.2,80.4,PM25,SEDANG
2022-03-29,DKI5 (Kebon Jeruk),68.9,49.4,16.6,16.6,53.7,9.9,59.3,PM25,SEDANG
2022-03-30,DKI1 (Bunderan HI),103.8,14.8,13.4,10.3,36.5,23.9,83.0,PM10,SEDANG
2022-03-30,DKI2 (Kelapa Gading),93.8,41.5,5.2,6.2,48.4,15.9,75.0,PM10,SEDANG
2022-03-30,DKI4 (Lubang Buaya),51.1,24.4,14.2,24.3,31.0,21.9,40.9,PM10,BAIK
2022-03-30,DKI5 (Kebon Jeruk),39.7,55.2,19.0,9.1,43.6,16.6,66.2,PM25,SEDANG
2022-03-31,DKI1 (Bunderan HI),66.4,15.1,5.3,15.9,32.1,17.3,53.1,PM10,SEDANG
2022-03-31,DKI2 (Kelapa Gading),102.4,15.5,18.2,6.9,31.4,11.2,81.9,PM10,SEDANG
2022-03-31,DKI3 (Jagakarsa),44.1,77.4,12.2,22.5,21.0,14.4,92.9,PM25,SEDANG
2022-03-31,DKI4 (Lubang Buaya),36.5,13.3,13.3,14.1,43.6,32.4,39.3,O3,BAIK
2022-03-31,DKI5 (Kebon Jeruk),36.7,33.1,14.1,8.7,37.4,11.6,39.7,PM25,BAIK
2022-04-01,DKI1 (Bunderan HI),74.4,31.5,15.9,18.7,39.3,23.3,59.5,PM10,SEDANG
2022-04-01,DKI3 (Jagakarsa),72.6,96.3,19.1,22.2,23.7,18.3,115.6,PM25,TIDAK SEHAT
2022-04-01,DKI4 (Lubang Buaya),67.1,44.0,15.5,15.4,39.7,27.2,53.7,PM10,SEDANG
2022-04-01,DKI5 (Kebon Jeruk),65.8,51.6,10.2,12.3,39.6,27.1,61.9,PM25,SEDANG
2022-04-02,DKI1 (Bunderan HI),53.2,48.4,13.9,7.3,33.3,24.1,58.0,PM25,SEDANG
2022-04-02,DKI2 (Kelapa Gading),94.7,58.6,15.5,29.3,44.2,11.1,75.8,PM10,SEDANG
2022-04-02,DKI3 (Jagakarsa),56.2,47.8,12.4,13.7,51.3,28.8,57.4,PM25,SEDANG
2022-04-02,DKI4 (Lubang Buaya),80.2,30.5,16.6,15.3,40.1,16.0,64.2,PM10,SEDANG
2022-04-02,DKI5 (Kebon Jeruk),71.3,26.0,13.2,15.2,33.0,7.8,57.0,PM10,SEDANG
2022-04-03,DKI1 (Bunderan HI),103.0,27.7,14.3,19.7,23.3,14.9,82.4,PM10,SEDANG
2022-04-03,DKI2 (Kelapa Gading),106.0,43.4,3.1,20.3,36.8,17.5,84.8,PM10,SEDANG
2022-04-03,DKI3 (Jagakarsa),77.1,65.5,21.1,27.7,58.9,17.4,78.6,PM25,SEDANG
2022-04-03,DKI4 (Lubang Buaya),89.3,16.4,17.6,14.0,24.2,28.2,71.5,PM10,SEDANG
2022-04-03,DKI5 (Kebon Jeruk),102.7,79.3,10.9,6.8,59.7,14.2,95.2,PM25,SEDANG
2022-04-04,DKI1 (Bunderan HI),81.8,78.0,8.4,14.4,30.6,18.4,93.6,PM25,SEDANG
2022-04-04,DKI2 (Kelapa Gading),81.0,34.0,13.0,20.2,50.5,20.5,64.8,PM10,SEDANG
2022-04-04,DKI3 (Jagakarsa),90.7,24.2,20.2,18.7,58.0,22.4,72.6,PM10,SEDANG
2022-04-04,DKI4 (Lubang Buaya),108.5,32.3,28.7,18.4,53.3,22.8,86.8,PM10,SEDANG
2022-04-04,DKI5 (Kebon Jeruk),65.7,37.0,14.3,11.0,63.5,21.5,57.2,O3,SEDANG
2022-04-05,DKI1 (Bunderan HI),117.0,64.3,9.1,19.7,53.2,19.1,93.6,PM10,SEDANG
2022-04-05,DKI2 (Kelapa Gading),61.1,43.6,15.8,22.3,27.9,14.1,52.3,PM25,SEDANG
2022-04-05,DKI3 (Jagakarsa),105.4,30.9,13.6,16.4,52.8,21.0,84.3,PM10,SEDANG
2022-04-05,DKI4 (Lubang Buaya),82.2,52.8,15.2,17.8,54.7,24.1,65.8,PM10,SEDANG
2022-04-05,DKI5 (Kebon Jeruk),86.6,70.6,25.4,22.3,38.4,9.1,84.7,PM25,SEDANG
2022-04-06,DKI1 (Bunderan HI),69.7,52.4,25.4,14.8,61.1,20.8,62.9,PM25,SEDANG
2022-04-06,DKI2 (Kelapa Gading),71.3,32.7,13.2,12.5,32.7,9.6,57.0,PM10,SEDANG
2022-04-06,DKI3 (Jagakarsa),70.3,37.1,13.3,16.7,31.6,15.6,56.3,PM10,SEDANG
2022-04-06,DKI4 (Lubang Buaya),80.1,62.4,18.6,15.4,41.0,11.8,74.9,PM25,SEDANG
2022-04-06,DKI5 (Kebon Jeruk),79.6,31.3,16.9,9.7,45.3,14.6,63.7,PM10,SEDANG
2022-04-07,DKI1 (Bunderan HI),144.2,62.7,16.9,15.8,56.5,20.0,115.3,PM10,TIDAK SEHAT
2022-04-07,DKI2 (Kelapa Gading),69.1,65.0,14.0,7.9,30.7,27.7,78.0,PM25,SEDANG
2022-04-07,DKI3 (Jagakarsa),76.9,65.2,7.6,23.1,19.4,7.8,78.3,PM25,SEDANG
2022-04-07,DKI4 (Lubang Buaya),47.1,56.4,15.3,11.6,20.4,27.0,67.7,PM25,SEDANG
2022-04-07,DKI5 (Kebon Jeruk),92.9,60.2,15.2,8.2,38.3,14.5,74.3,PM10,SEDANG
2022-04-08,DKI1 (Bunderan HI),60.6,33.8,14.3,20.6,40.5,22.9,48.5,PM10,BAIK
2022-04-08,DKI2 (Kelapa Gading),113.3,61.6,18.7,10.4,35.6,8.0,90.6,PM10,SEDANG
2022-04-08,DKI3 (Jagakarsa),75.3,10.1,17.3,21.1,28.9,19.9,60.2,PM10,SEDANG
2022-04-08,DKI4 (Lubang Buaya),105.2,57.4,7.7,16.2,51.9,8.9,84.1,PM10,SEDANG
2022-04-09,DKI1 (Bunderan HI),63.6,57.7,16.3,16.8,42.8,14.6,69.3,PM25,SEDANG
2022-04-09,DKI2 (Kelapa Gading),75.9,14.9,13.5,23.1,52.6,23.6,60.8,PM10,SEDANG
2022-04-09,DKI3 (Jagakarsa),62.2,59.2,9.0,18.6,28.4,4.7,71.0,PM25,SEDANG
2022-04-09,DKI4 (Lubang Buaya),38.9,68.5,18.4,15.8,26.6,11.1,82.2,PM25,SEDANG
2022-04-09,DKI5 (Kebon Jeruk),67.5,76.5,11.7,17.0,52.6,15.3,91.8,PM25,SEDANG
2022-04-10,DKI1 (Bunderan HI),86.3,62.5,16.0,20.2,46.5,14.1,75.0,PM25,SEDANG
2022-04-10,DKI2 (Kelapa Gading),96.2,54.5,10.6,10.2,37.1,23.7,77.0,PM10,SEDANG
2022-04-10,DKI3 (Jagakarsa),83.4,74.3,13.8,11.4,40.8,25.2,89.1,PM25,SEDANG
2022-04-10,DKI4 (Lubang Buaya),114.5,26.0,14.4,19.7,16.8,34.6,91.6,PM10,SEDANG
2022-04-10,DKI5 (Kebon Jeruk),43.3,20.3,8.9,16.6,17.5,16.3,34.6,PM10,BAIK
2022-04-11,DKI1 (Bunderan HI),16.0,40.2,15.3,22.2,21.8,8.6,48.2,PM25,BAIK
2022-04-11,DKI2 (Kelapa Gading),77.5,67.0,20.0,17.3,29.6,13.3,80.4,PM25,SEDANG
2022-04-11,DKI3 (Jagakarsa),48.1,70.2,14.6,24.9,32.3,10.6,84.2,PM25,SEDANG
2022-04-11,DKI4 (Lubang Buaya),109.5,42.7,11.9,25.3,44.5,26.4,87.6,PM10,SEDANG
2022-04-11,DKI5 (Kebon Jeruk),95.0,64.8,20.5,10.7,52.0,29.9,77.8,PM25,SEDANG
2022-04-12,DKI1 (Bunderan HI),66.1,38.1,23.9,14.2,45.5,7.0,52.9,PM10,SEDANG
2022-04-12,DKI2 (Kelapa Gading),95.9,45.0,16.3,16.2,53.8,24.9,76.7,PM10,SEDANG
2022-04-12,DKI3 (Jagakarsa),87.9,39.3,4.3,14.6,50.8,17.6,70.3,PM10,SEDANG
2022-04-12,DKI4 (Lubang Buaya),88.9,49.9,3.6,16.5,42.7,16.1,71.1,PM10,SEDANG
2022-04-12,DKI5 (Kebon Jeruk),91.0,20.1,7.5,19.3,41.7,28.2,72.8,PM10,SEDANG
2022-04-13,DKI1 (Bunderan HI),100.8,79.5,20.9,18.5,56.8,11.3,95.4,PM25,SEDANG
2022-04-13,DKI2 (Kelapa Gading),100.1,32.7,22.5,16.8,41.4,12.5,80.1,PM10,SEDANG
2022-04-13,DKI3 (Jagakarsa),10.0,50.8,8.1,29.8,42.0,26.1,61.0,PM25,SEDANG
2022-04-13,DKI4 (Lubang Buaya),115.8,79.7,21.4,22.9,43.2,8.6,95.6,PM25,SEDANG
2022-04-13,DKI5 (Kebon Jeruk),75.8,47.4,15.6,28.0,43.8,17.0,60.6,PM10,SEDANG
2022-04-14,DKI1 (Bunderan HI),88.6,25.2,16.9,11.0,44.2,12.6,70.9,PM10,SEDANG
2022-04-14,DKI2 (Kelapa Gading),88.0,56.1,17.9,20.7,53.3,19.5,70.4,PM10,SEDANG
2022-04-14,DKI3 (Jagakarsa),63.5,43.0,15.4,23.2,48.6,25.8,51.6,PM25,SEDANG
2022-04-14,DKI4 (Lubang Buaya),97.6,51.2,15.5,18.5,47.2,23.1,78.1,PM10,SEDANG
2022-04-14,DKI5 (Kebon Jeruk),80.8,58.0,14.4,25.7,33.1,12.3,69.6,PM25,SEDANG
2022-04-15,DKI1 (Bunderan HI),69.1,36.4,12.2,10.3,55.5,20.4,55.3,PM10,SEDANG
2022-04-15,DKI2 (Kelapa Gading),93.3,35.8,15.0,17.9,12.9,9.5,74.6,PM10,SEDANG
2022-04-15,DKI3 (Jagakarsa),66.0,64.2,12.0,21.9,49.2,5.9,77.1,PM25,SEDANG
2022-04-15,DKI4 (Lubang Buaya),102.1,37.6,16.7,7.5,33.3,10.3,81.7,PM10,SEDANG
2022-04-15,DKI5 (Kebon Jeruk),83.1,65.2,8.7,21.1,41.1,31.9,78.2,PM25,SEDANG
2022-04-16,DKI1 (Bunderan HI),87.1,33.2,18.1,11.8,31.4,15.6,69.7,PM10,SEDANG
2022-04-16,DKI2 (Kelapa Gading),78.3,53.7,9.2,13.9,35.1,21.2,64.4,PM25,SEDANG
2022-04-16,DKI3 (Jagakarsa),60.1,23.0,8.6,14.2,46.2,25.2,48.1,PM10,BAIK
2022-04-16,DKI4 (Lubang Buaya),53.9,24.9,13.2,12.8,36.3,28.8,43.1,PM10,BAIK
2022-04-16,DKI5 (Kebon Jeruk),51.4,48.0,16.5,12.1,54.6,29.3,57.5,PM25,SEDANG
2022-04-17,DKI1 (Bunderan HI),80.1,79.4,14.7,10.6,52.5,11.5,95.3,PM25,SEDANG
2022-04-17,DKI2 (Kelapa Gading),53.6,65.7,10.4,27.4,22.2,25.7,78.9,PM25,SEDANG
2022-04-17,DKI3 (Jagakarsa),81.1,13.1,19.7,11.2,13.1,31.4,64.9,PM10,SEDANG
2022-04-17,DKI4 (Lubang Buaya),104.8,46.2,20.4,17.4,44.2,30.0,83.8,PM10,SEDANG
2022-04-17,DKI5 (Kebon Jeruk),92.9,71.7,11.5,9.1,38.5,23.7,86.0,PM25,SEDANG
2022-04-18,DKI1 (Bunderan HI),123.3,53.8,24.9,12.8,32.0,20.1,98.6,PM10,SEDANG
2022-04-18,DKI2 (Kelapa Gading),91.5,46.6,12.2,12.7,51.4,20.1,73.2,PM10,SEDANG
2022-04-18,DKI3 (Jagakarsa),95.3,8.4,19.9,12.0,57.8,10.4,76.3,PM10,SEDANG
2022-04-18,DKI4 (Lubang Buaya),53.1,43.7,16.1,23.9,40.2,14.3,52.4,PM25,SEDANG
2022-04-18,DKI5 (Kebon Jeruk),115.5,47.0,13.0,22.5,49.6,23.7,92.4,PM10,SEDANG
2022-04-19,DKI1 (Bunderan HI),109.1,32.2,15.4,12.1,33.4,25.4,87.2,PM10,SEDANG
2022-04-19,DKI2 (Kelapa Gading),112.2,95.7,14.5,8.9,52.3,13.4,114.9,PM25,TIDAK SEHAT
2022-04-19,DKI3 (Jagakarsa),72.4,68.3,13.5,20.0,43.7,23.9,82.0,PM25,SEDANG
2022-04-19,DKI4 (Lubang Buaya),78.4,30.4,19.6,13.3,48.2,21.8,62.7,PM10,SEDANG
2022-04-19,DKI5 (Kebon Jeruk),82.5,53.9,14.4,2.8,44.0,21.4,66.0,PM10,SEDANG
2022-04-20,DKI1 (Bunderan HI),111.9,26.9,16.6,9.5,58.5,15.5,89.5,PM10,SEDANG
2022-04-20,DKI2 (Kelapa Gading),102.8,77.5,13.5,13.0,39.4,27.4,93.0,PM25,SEDANG
2022-04-20,DKI3 (Jagakarsa),105.6,65.8,22.5,16.5,43.6,22.8,84.5,PM10,SEDANG
2022-04-20,DKI4 (Lubang Buaya),50.0,72.0,10.6,18.6,51.0,14.9,86.4,PM25,SEDANG
2022-04-20,DKI5 (Kebon Jeruk),62.3,51.1,17.3,21.0,44.7,11.5,61.4,PM25,SEDANG
2022-04-21,DKI1 (Bunderan HI),56.8,66.3,14.6,22.3,39.7,18.5,79.6,PM25,SEDANG
2022-04-21,DKI2 (Kelapa Gading),90.2,74.3,18.1,12.1,43.9,23.9,89.1,PM25,SEDANG
2022-04-21,DKI3 (Jagakarsa),113.8,100.8,9.7,21.1,53.5,22.8,120.9,PM25,TIDAK SEHAT
2022-04-21,DKI4 (Lubang Buaya),88.8,47.8,14.5,18.9,46.4,26.7,71.1,PM10,SEDANG
2022-04-21,DKI5 (Kebon Jeruk),88.4,60.9,20.5,20.5,56.0,18.6,73.1,PM25,SEDANG
2022-04-22,DKI1 (Bunderan HI),84.1,11.6,16.1,10.5,34.7,28.2,67.3,PM10,SEDANG
2022-04-22,DKI2 (Kelapa Gading),113.7,56.7,16.5,22.2,53.5,15.4,91.0,PM10,SEDANG
2022-04-22,DKI3 (Jagakarsa),98.6,37.7,16.9,14.5,42.9,14.1,78.9,PM10,SEDANG
2022-04-22,DKI4 (Lubang Buaya),93.1,42.7,27.2,11.9,60.8,19.6,74.5,PM10,SEDANG
2022-04-22,DKI5 (Kebon Jeruk),89.7,67.0,10.0,24.4,44.4,4.2,80.4,PM25,SEDANG
2022-04-23,DKI1 (Bunderan HI),93.3,53.1,12.9,17.0,63.4,24.8,74.6,PM10,SEDANG
2022-04-23,DKI2 (Kelapa Gading),53.7,25.1,12.3,26.1,56.1,13.3,50.5,O3,SEDANG
2022-04-23,DKI3 (Jagakarsa),65.0,55.9,13.9,7.7,40.5,12.4,67.1,PM25,SEDANG
2022-04-23,DKI4 (Lubang Buaya),54.7,38.5,7.7,16.4,29.3,17.2,46.2,PM25,BAIK
2022-04-23,DKI5 (Kebon Jeruk),91.1,64.7,12.8,26.6,50.3,27.0,77.6,PM25,SEDANG
2022-04-24,DKI1 (Bunderan HI),103.5,48.4,12.6,17.6,54.0,18.1,82.8,PM10,SEDANG
2022-04-24,DKI2 (Kelapa Gading),44.0,40.8,1.0,14.1,36.6,16.6,48.9,PM25,BAIK
2022-04-24,DKI3 (Jagakarsa),97.5,83.2,10.0,19.4,22.9,21.8,99.9,PM25,SEDANG
2022-04-24,DKI4 (Lubang Buaya),88.2,96.6,12.3,16.4,27.1,28.6,115.9,PM25,TIDAK SEHAT
2022-04-24,DKI5 (Kebon Jeruk),61.2,68.8,21.7,7.8,43.2,19.9,82.6,PM25,SEDANG
2022-04-25,DKI1 (Bunderan HI),47.6,24.0,4.9,7.1,52.2,5.0,47.0,O3,BAIK
2022-04-25,DKI2 (Kelapa Gading),94.2,75.4,18.3,10.7,70.7,20.9,90.5,PM25,SEDANG
2022-04-25,DKI3 (Jagakarsa),76.4,84.7,19.1,15.3,47.4,23.9,101.6,PM25,TIDAK SEHAT
2022-04-25,DKI4 (Lubang Buaya),115.1,35.1,23.0,13.3,45.4,12.0,92.1,PM10,SEDANG
2022-04-25,DKI5 (Kebon Jeruk),37.2,35.0,14.1,23.5,43.1,28.1,42.0,PM25,BAIK
2022-04-26,DKI1 (Bunderan HI),98.8,44.3,21.0,18.5,34.5,20.1,79.0,PM10,SEDANG
2022-04-26,DKI2 (Kelapa Gading),79.8,52.5,9.7,22.8,29.4,17.8,63.9,PM10,SEDANG
2022-04-26,DKI4 (Lubang Buaya),94.4,38.2,14.0,11.8,27.0,30.5,75.5,PM10,SEDANG
2022-04-26,DKI5 (Kebon Jeruk),106.5,52.1,18.4,21.7,38.2,26.0,85.2,PM10,SEDANG
2022-04-27,DKI1 (Bunderan HI),63.5,67.8,6.3,15.0,26.0,21.8,81.3,PM25,SEDANG
2022-04-27,DKI2 (Kelapa Gading),118.4,67.0,12.0,10.0,78.3,38.1,94.8,PM10,SEDANG
2022-04-27,DKI3 (Jagakarsa),53.3,63.2,8.2,8.9,42.9,19.2,75.8,PM25,SEDANG
2022-04-27,DKI4 (Lubang Buaya),108.1,13.0,13.9,18.8,75.5,12.6,86.5,PM10,SEDANG
2022-04-27,DKI5 (Kebon Jeruk),94.8,79.2,25.0,27.3,44.4,17.8,95.1,PM25,SEDANG
2022-04-28,DKI1 (Bunderan HI),64.7,77.8,11.5,15.1,45.1,10.5,93.4,PM25,SEDANG
2022-04-28,DKI2 (Kelapa Gading),92.7,38.7,18.1,34.0,55.0,8.0,74.1,PM10,SEDANG
2022-04-28,DKI3 (Jagakarsa),92.2,40.9,15.7,21.0,36.2,22.7,73.8,PM10,SEDANG
2022-04-28,DKI4 (Lubang Buaya),107.5,45.7,17.6,8.0,52.5,36.2,86.0,PM10,SEDANG
2022-04-28,DKI5 (Kebon Jeruk),109.5,72.7,23.3,16.2,52.3,20.0,87.6,PM10,SEDANG
2022-04-29,DKI1 (Bunderan HI),91.3,86.0,18.5,6.4,33.3,14.6,103.2,PM25,TIDAK SEHAT
2022-04-29,DKI2 (Kelapa Gading),98.0,57.7,14.3,22.2,67.9,10.9,78.4,PM10,SEDANG
2022-04-29,DKI3 (Jagakarsa),134.3,34.7,1.0,21.9,47.1,14.7,107.5,PM10,TIDAK SEHAT
2022-04-29,DKI4 (Lubang Buaya),120.6,5.0,18.6,9.4,56.4,10.8,96.5,PM10,SEDANG
2022-04-29,DKI5 (Kebon Jeruk),66.3,33.1,15.1,15.9,30.7,8.4,53.0,PM10,SEDANG
2022-04-30,DKI1 (Bunderan HI),88.0,20.8,18.8,18.2,39.2,32.2,70.4,PM10,SEDANG
2022-04-30,DKI2 (Kelapa Gading),60.3,56.2,17.7,18.8,22.2,13.3,67.4,PM25,SEDANG
2022-04-30,DKI3 (Jagakarsa),39.3,55.5,15.2,15.1,37.8,17.3,66.6,PM25,SEDANG
2022-05-01,DKI1 (Bunderan HI),69.0,32.0,18.9,12.5,49.1,11.2,55.2,PM10,SEDANG
2022-05-01,DKI2 (Kelapa Gading),63.4,69.2,13.5,12.1,44.1,27.6,83.1,PM25,SEDANG
2022-05-01,DKI3 (Jagakarsa),113.4,59.0,18.9,19.4,31.7,11.1,90.7,PM10,SEDANG
2022-05-01,DKI4 (Lubang Buaya),133.8,22.1,16.3,10.7,40.4,6.5,107.0,PM10,TIDAK SEHAT
2022-05-01,DKI5 (Kebon Jeruk),137.2,66.0,19.5,22.0,37.0,23.6,109.8,PM10,TIDAK SEHAT
2022-05-02,DKI1 (Bunderan HI),56.0,37.6,5.5,16.1,27.0,27.7,45.2,PM25,BAIK
2022-05-02,DKI3 (Jagakarsa),107.0,62.5,24.3,16.5,56.5,15.5,85.6,PM10,SEDANG
2022-05-02,DKI4 (Lubang Buaya),39.7,54.1,20.4,5.6,52.4,20.6,65.0,PM25,SEDANG
2022-05-02,DKI5 (Kebon Jeruk),79.4,41.2,12.3,15.5,36.4,12.0,63.5,PM10,SEDANG
2022-05-03,DKI1 (Bunderan HI),121.2,64.5,9.7,16.9,43.4,29.7,96.9,PM10,SEDANG
2022-05-03,DKI2 (Kelapa Gading),66.0,66.5,9.8,12.9,41.7,8.8,79.8,PM25,SEDANG
2022-05-03,DKI3 (Jagakarsa),54.1,54.2,14.1,18.1,53.9,16.0,65.0,PM25,SEDANG
2022-05-03,DKI4 (Lubang Buaya),70.4,63.8,11.7,21.6,17.0,20.7,76.6,PM25,SEDANG
2022-05-03,DKI5 (Kebon Jeruk),89.9,80.0,17.6,23.2,42.1,21.2,96.0,PM25,SEDANG
2022-05-04,DKI1 (Bunderan HI),58.7,42.2,16.7,29.3,53.8,23.7,50.7,PM25,SEDANG
2022-05-04,DKI2 (Kelapa Gading),111.3,60.8,15.0,16.1,33.3,10.7,89.0,PM10,SEDANG
2022-05-04,DKI3 (Jagakarsa),81.2,48.9,10.2,19.6,56.7,15.5,65.0,PM10,SEDANG
2022-05-04,DKI4 (Lubang Buaya),89.0,40.6,17.9,19.8,34.7,21.9,71.2,PM10,SEDANG
2022-05-04,DKI5 (Kebon Jeruk),29.1,62.5,10.5,10.8,32.1,13.6,75.0,PM25,SEDANG
2022-05-05,DKI1 (Bunderan HI),51.9,74.8,14.6,22.7,52.0,19.0,89.8,PM25,SEDANG
2022-05-05,DKI2 (Kelapa Gading),122.8,79.6,15.1,19.4,34.5,18.3,98.3,PM10,SEDANG
2022-05-05,DKI3 (Jagakarsa),82.8,36.3,19.2,16.6,34.3,11.6,66.3,PM10,SEDANG
2022-05-05,DKI4 (Lubang Buaya),122.3,35.6,12.2,23.9,32.8,18.4,97.9,PM10,SEDANG
2022-05-05,DKI5 (Kebon Jeruk),106.1,40.4,5.3,17.3,12.9,7.6,84.9,PM10,SEDANG
2022-05-06,DKI1 (Bunderan HI),101.7,49.2,14.2,21.9,44.2,23.0,81.3,PM10,SEDANG
2022-05-06,DKI2 (Kelapa Gading),78.2,83.0,7.2,26.5,37.3,11.8,99.6,PM25,SEDANG
2022-05-06,DKI3 (Jagakarsa),118.4,42.2,10.8,2.3,44.9,29.9,94.8,PM10,SEDANG
2022-05-06,DKI4 (Lubang Buaya),91.3,54.5,20.5,17.2,36.8,11.6,73.0,PM10,SEDANG
2022-05-06,DKI5 (Kebon Jeruk),78.1,43.4,18.3,16.7,50.2,11.7,62.5,PM10,SEDANG
2022-05-07,DKI1 (Bunderan HI),67.9,58.3,6.8,11.8,56.0,24.1,69.9,PM25,SEDANG
2022-05-07,DKI2 (Kelapa Gading),48.5,46.6,17.5,16.5,51.1,17.0,56.0,PM25,SEDANG
2022-05-07,DKI3 (Jagakarsa),119.8,37.0,13.6,15.3,48.7,36.9,95.8,PM10,SEDANG
2022-05-07,DKI4 (Lubang Buaya),31.2,78.1,19.8,19.3,40.0,13.7,93.8,PM25,SEDANG
2022-05-07,DKI5 (Kebon Jeruk),106.9,63.9,7.2,26.5,41.7,6.7,85.5,PM10,SEDANG
2022-05-08,DKI1 (Bunderan HI),117.2,30.9,15.4,27.8,39.2,20.3,93.7,PM10,SEDANG
2022-05-08,DKI2 (Kelapa Gading),62.4,81.3,18.0,16.3,27.7,19.6,97.6,PM25,SEDANG
2022-05-08,DKI3 (Jagakarsa),101.3,58.3,13.3,21.2,49.4,24.5,81.0,PM10,SEDANG
2022-05-08,DKI4 (Lubang Buaya),91.5,59.8,12.7,23.7,24.8,18.3,73.2,PM10,SEDANG
2022-05-08,DKI5 (Kebon Jeruk),64.0,57.4,18.9,11.0,50.9,19.6,68.9,PM25,SEDANG
2022-05-09,DKI1 (Bunderan HI),54.1,62.2,19.4,15.7,43.7,16.1,74.7,PM25,SEDANG
2022-05-09,DKI2 (Kelapa Gading),10.5,50.1,13.1,12.8,19.7,16.5,60.1,PM25,SEDANG
2022-05-09,DKI3 (Jagakarsa),68.0,63.0,15.5,3.0,28.0,19.7,75.6,PM25,SEDANG
2022-05-09,DKI5 (Kebon Jeruk),93.0,36.1,18.6,21.0,39.0,14.9,74.4,PM10,SEDANG
2022-05-10,DKI1 (Bunderan HI),58.9,58.3,12.7,9.1,45.9,12.7,70.0,PM25,SEDANG
2022-05-10,DKI2 (Kelapa Gading),97.3,75.8,20.2,15.2,38.7,19.1,90.9,PM25,SEDANG
2022-05-10,DKI3 (Jagakarsa),81.2,83.6,15.2,14.5,21.1,10.8,100.4,PM25,TIDAK SEHAT
2022-05-10,DKI4 (Lubang Buaya),69.4,68.0,9.6,12.2,47.2,7.7,81.6,PM25,SEDANG
2022-05-10,DKI5 (Kebon Jeruk),91.7,51.3,12.1,21.8,41.2,18.6,73.4,PM10,SEDANG
2022-05-11,DKI1 (Bunderan HI),107.2,65.5,17.3,13.7,6.1,27.0,85.7,PM10,SEDANG
2022-05-11,DKI2 (Kelapa Gading),129.0,23.9,22.6,19.6,23.3,17.8,103.2,PM10,TIDAK SEHAT
2022-05-11,DKI3 (Jagakarsa),76.4,44.7,16.6,15.9,34.1,30.9,61.1,PM10,SEDANG
2022-05-11,DKI4 (Lubang Buaya),96.8,38.8,21.4,14.5,46.3,27.5,77.4,PM10,SEDANG
2022-05-11,DKI5 (Kebon Jeruk),92.7,74.7,22.0,17.1,64.2,10.0,89.7,PM25,SEDANG
2022-05-12,DKI1 (Bunderan HI),99.9,48.8,17.6,19.3,54.4,19.3,80.0,PM10,SEDANG
2022-05-12,DKI2 (Kelapa Gading),124.2,57.6,12.4,18.2,35.2,10.4,99.3,PM10,SEDANG
2022-05-12,DKI3 (Jagakarsa),78.2,74.4,14.9,20.9,50.2,8.1,89.2,PM25,SEDANG
2022-05-12,DKI4 (Lubang Buaya),92.6,42.4,15.0,20.5,32.4,22.2,74.1,PM10,SEDANG
2022-05-12,DKI5 (Kebon Jeruk),61.5,87.1,10.0,23.3,35.3,20.4,104.5,PM25,TIDAK SEHAT
2022-05-13,DKI1 (Bunderan HI),106.0,22.3,23.4,26.6,70.3,13.4,84.8,PM10,SEDANG
2022-05-13,DKI2 (Kelapa Gading),74.1,20.5,12.0,10.9,51.7,32.2,59.3,PM10,SEDANG
2022-05-13,DKI3 (Jagakarsa),43.0,78.1,11.0,17.8,49.6,28.8,93.7,PM25,SEDANG
2022-05-13,DKI5 (Kebon Jeruk),107.5,57.8,13.6,24.4,25.9,14.7,86.0,PM10,SEDANG
2022-05-14,DKI1 (Bunderan HI),82.0,48.1,13.7,24.9,42.6,14.6,65.6,PM10,SEDANG
2022-05-14,DKI2 (Kelapa Gading),107.1,66.6,16.4,21.3,42.1,18.2,85.7,PM10,SEDANG
2022-05-14,DKI3 (Jagakarsa),71.0,15.7,9.5,27.1,50.3,18.7,56.8,PM10,SEDANG
2022-05-14,DKI5 (Kebon Jeruk),91.4,30.1,21.2,25.9,35.9,21.5,73.1,PM10,SEDANG
2022-05-15,DKI1 (Bunderan HI),64.6,60.8,18.3,16.1,48.2,13.0,72.9,PM25,SEDANG
2022-05-15,DKI2 (Kelapa Gading),118.0,66.8,7.0,18.2,55.5,18.5,94.4,PM10,SEDANG
2022-05-15,DKI3 (Jagakarsa),89.6,49.2,8.7,22.3,41.8,21.4,71.7,PM10,SEDANG
2022-05-15,DKI4 (Lubang Buaya),98.5,34.5,10.4,16.7,59.5,12.6,78.8,PM10,SEDANG
2022-05-15,DKI5 (Kebon Jeruk),99.8,48.3,10.8,13.6,50.2,20.5,79.9,PM10,SEDANG
2022-05-16,DKI1 (Bunderan HI),65.5,52.6,9.6,27.8,32.4,17.7,63.2,PM25,SEDANG
2022-05-16,DKI2 (Kelapa Gading),67.3,57.5,20.5,16.6,32.7,23.5,69.0,PM25,SEDANG
2022-05-16,DKI3 (Jagakarsa),87.0,53.1,6.7,23.5,62.0,15.8,69.6,PM10,SEDANG
2022-05-16,DKI4 (Lubang Buaya),79.4,57.5,16.8,12.7,47.4,22.6,69.0,PM25,SEDANG
2022-05-16,DKI5 (Kebon Jeruk),93.5,42.5,24.4,10.0,40.3,18.6,74.8,PM10,SEDANG
2022-05-17,DKI1 (Bunderan HI),57.0,64.1,16.3,26.6,34.8,22.4,76.9,PM25,SEDANG
2022-05-17,DKI2 (Kelapa Gading),85.4,44.0,21.6,14.7,55.6,14.4,68.3,PM10,SEDANG
2022-05-17,DKI3 (Jagakarsa),121.4,48.8,9.2,28.4,48.1,25.6,97.2,PM10,SEDANG
2022-05-17,DKI4 (Lubang Buaya),61.0,48.2,11.4,15.9,34.2,18.6,57.8,PM25,SEDANG
2022-05-17,DKI5 (Kebon Jeruk),68.2,73.9,6.3,22.2,42.0,26.0,88.7,PM25,SEDANG
2022-05-18,DKI1 (Bunderan HI),104.3,73.6,14.9,28.3,14.8,19.8,88.4,PM25,SEDANG
2022-05-18,DKI2 (Kelapa Gading),116.8,38.9,15.0,1.2,23.5,13.2,93.5,PM10,SEDANG
2022-05-18,DKI3 (Jagakarsa),106.6,53.7,10.6,15.1,57.0,18.8,85.3,PM10,SEDANG
2022-05-18,DKI4 (Lubang Buaya),96.7,83.1,3.3,8.5,39.9,31.2,99.7,PM25,SEDANG
2022-05-18,DKI5 (Kebon Jeruk),77.2,53.5,13.7,21.1,45.0,23.8,64.2,PM25,SEDANG
2022-05-19,DKI1 (Bunderan HI),57.6,62.0,11.4,17.2,39.9,25.8,74.4,PM25,SEDANG
2022-05-19,DKI2 (Kelapa Gading),55.5,50.8,16.1,22.3,43.9,15.1,61.0,PM25,SEDANG
2022-05-19,DKI3 (Jagakarsa),83.5,32.5,15.3,28.0,31.2,18.3,66.8,PM10,SEDANG
2022-05-19,DKI4 (Lubang Buaya),65.0,52.2,7.9,20.9,52.8,1.0,62.7,PM25,SEDANG
2022-05-19,DKI5 (Kebon Jeruk),140.9,52.7,17.3,12.3,46.0,17.3,112.7,PM10,TIDAK SEHAT
2022-05-20,DKI1 (Bunderan HI),91.0,40.2,20.0,9.3,53.2,20.8,72.8,PM10,SEDANG
2022-05-20,DKI2 (Kelapa Gading),79.7,47.9,10.3,10.7,44.1,31.8,63.8,PM10,SEDANG
2022-05-20,DKI3 (Jagakarsa),39.2,57.1,12.8,27.0,23.1,17.5,68.5,PM25,SEDANG
2022-05-20,DKI4 (Lubang Buaya),91.7,18.9,24.7,21.0,49.3,26.7,73.3,PM10,SEDANG
2022-05-20,DKI5 (Kebon Jeruk),57.7,64.8,12.3,8.1,53.8,1.3,77.7,PM25,SEDANG
2022-05-21,DKI2 (Kelapa Gading),97.1,56.9,25.2,10.2,40.6,18.8,77.7,PM10,SEDANG
2022-05-21,DKI3 (Jagakarsa),98.2,65.3,13.5,19.4,49.1,24.4,78.6,PM10,SEDANG
2022-05-21,DKI4 (Lubang Buaya),91.7,46.3,26.2,13.1,33.2,19.0,73.4,PM10,SEDANG
2022-05-21,DKI5 (Kebon Jeruk),77.2,99.0,9.1,13.8,43.4,29.3,118.8,PM25,TIDAK SEHAT
2022-05-22,DKI1 (Bunderan HI),55.2,70.2,18.7,19.4,33.6,13.7,84.2,PM25,SEDANG
2022-05-22,DKI2 (Kelapa Gading),79.2,59.4,19.0,14.6,28.9,13.4,71.2,PM25,SEDANG
2022-05-22,DKI3 (Jagakarsa),77.0,62.4,10.2,10.9,39.8,20.6,74.9,PM25,SEDANG
2022-05-22,DKI4 (Lubang Buaya),94.8,44.8,14.2,9.1,38.8,18.7,75.9,PM10,SEDANG
2022-05-22,DKI5 (Kebon Jeruk),124.7,69.9,15.9,8.8,47.5,14.3,99.8,PM10,SEDANG
2022-05-23,DKI1 (Bunderan HI),25.0,68.9,17.3,12.4,48.5,18.9,82.7,PM25,SEDANG
2022-05-23,DKI2 (Kelapa Gading),71.6,61.4,19.9,14.2,32.0,27.2,73.6,PM25,SEDANG
2022-05-23,DKI3 (Jagakarsa),125.1,82.7,18.5,10.9,26.2,27.5,100.1,PM10,TIDAK SEHAT
2022-05-23,DKI4 (Lubang Buaya),95.3,63.5,6.9,20.3,54.0,9.3,76.2,PM10,SEDANG
2022-05-23,DKI5 (Kebon Jeruk),101.4,37.5,11.2,18.4,49.6,14.7,81.1,PM10,SEDANG
2022-05-24,DKI1 (Bunderan HI),135.8,68.2,16.4,13.3,54.9,7.2,108.6,PM10,TIDAK SEHAT
2022-05-24,DKI2 (Kelapa Gading),54.6,44.9,12.6,10.9,54.0,10.5,53.8,PM25,SEDANG
2022-05-24,DKI3 (Jagakarsa),125.3,60.9,14.3,17.1,29.8,29.9,100.2,PM10,TIDAK SEHAT
2022-05-24,DKI5 (Kebon Jeruk),27.2,49.8,13.5,18.9,46.5,7.1,59.8,PM25,SEDANG
2022-05-25,DKI1 (Bunderan HI),76.0,41.0,19.9,15.2,43.9,23.9,60.8,PM10,SEDANG
2022-05-25,DKI2 (Kelapa Gading),37.4,14.1,13.4,19.7,45.9,10.9,41.3,O3,BAIK
2022-05-25,DKI3 (Jagakarsa),92.9,40.7,12.1,24.8,51.5,25.8,74.3,PM10,SEDANG
2022-05-25,DKI4 (Lubang Buaya),62.4,83.3,13.0,20.9,60.4,12.5,99.9,PM25,SEDANG
2022-05-25,DKI5 (Kebon Jeruk),63.7,71.7,16.7,19.8,41.8,14.5,86.0,PM25,SEDANG
2022-05-26,DKI1 (Bunderan HI),54.1,65.7,9.0,20.0,42.6,17.6,78.9,PM25,SEDANG
2022-05-26,DKI2 (Kelapa Gading),82.6,38.4,17.1,16.4,42.3,11.4,66.0,PM10,SEDANG
2022-05-26,DKI3 (Jagakarsa),78.0,55.1,16.0,17.6,42.0,16.5,66.2,PM25,SEDANG
2022-05-26,DKI4 (Lubang Buaya),77.2,57.7,19.8,29.0,55.7,25.2,69.2,PM25,SEDANG
2022-05-26,DKI5 (Kebon Jeruk),119.7,60.8,16.4,14.9,40.8,20.1,95.7,PM10,SEDANG
2022-05-27,DKI1 (Bunderan HI),78.7,36.8,14.0,15.7,29.9,28.7,63.0,PM10,SEDANG
2022-05-27,DKI2 (Kelapa Gading),63.2,58.9,15.4,10.2,45.7,21.6,70.7,PM25,SEDANG
2022-05-27,DKI3 (Jagakarsa),82.5,50.6,11.2,32.6,41.5,22.0,66.0,PM10,SEDANG
2022-05-27,DKI4 (Lubang Buaya),76.0,33.5,13.9,13.1,51.8,17.2,60.8,PM10,SEDANG
2022-05-27,DKI5 (Kebon Jeruk),86.7,17.5,16.9,22.4,41.4,25.1,69.4,PM10,SEDANG
2022-05-28,DKI1 (Bunderan HI),103.8,66.2,14.3,13.6,23.7,16.0,83.0,PM10,SEDANG
2022-05-28,DKI2 (Kelapa Gading),88.2,41.8,12.3,16.6,39.4,22.5,70.6,PM10,SEDANG
2022-05-28,DKI3 (Jagakarsa),109.6,62.8,13.8,9.6,31.6,26.1,87.7,PM10,SEDANG
2022-05-28,DKI4 (Lubang Buaya),87.4,35.3,8.1,3.6,38.2,27.1,70.0,PM10,SEDANG
2022-05-28,DKI5 (Kebon Jeruk),109.2,55.6,20.7,21.9,27.3,29.7,87.4,PM10,SEDANG
2022-05-29,DKI1 (Bunderan HI),78.1,35.9,12.3,17.4,44.1,19.7,62.5,PM10,SEDANG
2022-05-29,DKI2 (Kelapa Gading),86.0,43.1,13.9,21.0,39.4,20.9,68.8,PM10,SEDANG
2022-05-29,DKI3 (Jagakarsa),32.8,45.5,22.5,19.1,16.3,17.3,54.6,PM25,SEDANG
2022-05-29,DKI4 (Lubang Buaya),90.7,66.2,21.0,27.2,47.2,17.9,79.4,PM25,SEDANG
2022-05-29,DKI5 (Kebon Jeruk),86.6,54.9,6.4,12.5,41.1,21.5,69.3,PM10,SEDANG
2022-05-30,DKI1 (Bunderan HI),95.6,48.9,9.5,10.9,49.3,17.9,76.4,PM10,SEDANG
2022-05-30,DKI2 (Kelapa Gading),94.0,32.0,21.0,21.7,31.0,11.4,75.2,PM10,SEDANG
2022-05-30,DKI3 (Jagakarsa),82.4,22.2,24.2,11.3,52.8,23.0,65.9,PM10,SEDANG
2022-05-30,DKI4 (Lubang Buaya),138.4,36.3,17.7,10.8,39.2,2.6,110.7,PM10,TIDAK SEHAT
2022-05-30,DKI5 (Kebon Jeruk),84.0,32.4,1.0,12.0,40.5,18.6,67.2,PM10,SEDANG
2022-05-31,DKI1 (Bunderan HI),79.4,46.4,22.0,9.4,44.6,17.0,63.5,PM10,SEDANG
2022-05-31,DKI2 (Kelapa Gading),60.2,49.7,19.0,19.5,51.3,17.1,59.6,PM25,SEDANG
2022-05-31,DKI3 (Jagakarsa),79.3,32.4,19.1,14.8,41.9,14.6,63.4,PM10,SEDANG
2022-05-31,DKI4 (Lubang Buaya),135.6,69.8,14.9,16.5,41.5,24.7,108.5,PM10,TIDAK SEHAT
2022-05-31,DKI5 (Kebon Jeruk),77.4,69.1,10.4,22.1,42.4,7.2,83.0,PM25,SEDANG
2022-06-01,DKI1 (Bunderan HI),163.0,54.5,18.2,19.1,37.1,21.1,130.4,PM10,TIDAK SEHAT
2022-06-01,DKI3 (Jagakarsa),82.1,88.8,11.3,21.9,58.3,15.6,106.6,PM25,TIDAK SEHAT
2022-06-01,DKI4 (Lubang Buaya),111.5,43.7,13.7,16.7,68.0,29.4,89.2,PM10,SEDANG
2022-06-01,DKI5 (Kebon Jeruk),67.5,66.0,19.8,25.5,68.7,34.7,79.2,PM25,SEDANG
2022-06-02,DKI2 (Kelapa Gading),114.1,112.4,13.0,22.0,57.1,15.4,134.9,PM25,TIDAK SEHAT
2022-06-02,DKI3 (Jagakarsa),115.9,42.5,26.1,9.9,34.8,23.5,92.7,PM10,SEDANG
2022-06-02,DKI4 (Lubang Buaya),70.4,30.2,19.0,12.5,51.7,19.1,56.4,PM10,SEDANG
2022-06-02,DKI5 (Kebon Jeruk),137.7,67.8,18.6,19.0,56.3,24.0,110.2,PM10,TIDAK SEHAT
2022-06-03,DKI1 (Bunderan HI),73.5,42.3,12.9,17.0,47.9,19.5,58.8,PM10,SEDANG
2022-06-03,DKI2 (Kelapa Gading),107.9,62.4,19.0,18.9,49.3,27.3,86.3,PM10,SEDANG
2022-06-03,DKI3 (Jagakarsa),138.9,62.7,14.4,31.5,49.1,26.2,111.2,PM10,TIDAK SEHAT
2022-06-03,DKI4 (Lubang Buaya),124.8,54.5,8.1,20.7,52.5,19.1,99.8,PM10,SEDANG
2022-06-03,DKI5 (Kebon Jeruk),90.7,59.9,12.4,22.3,60.0,24.3,72.6,PM10,SEDANG
2022-06-04,DKI1 (Bunderan HI),56.2,45.1,18.0,25.5,51.5,34.1,54.1,PM25,SEDANG
2022-06-04,DKI2 (Kelapa Gading),122.1,71.4,19.4,22.4,52.9,25.1,97.7,PM10,SEDANG
2022-06-04,DKI3 (Jagakarsa),148.9,77.0,11.9,20.9,40.6,19.9,119.1,PM10,TIDAK SEHAT
2022-06-04,DKI4 (Lubang Buaya),71.3,111.3,16.4,24.8,50.8,24.8,133.5,PM25,TIDAK SEHAT
2022-06-04,DKI5 (Kebon Jeruk),116.9,92.0,17.8,17.9,44.9,16.9,110.5,PM25,TIDAK SEHAT
2022-06-05,DKI1 (Bunderan HI),96.7,120.4,22.0,20.3,71.0,20.9,144.5,PM25,TIDAK SEHAT
2022-06-05,DKI2 (Kelapa Gading),141.7,73.3,24.7,24.8,43.4,25.9,113.3,PM10,TIDAK SEHAT
2022-06-05,DKI3 (Jagakarsa),126.7,85.3,17.1,23.0,67.5,29.5,102.3,PM25,TIDAK SEHAT
2022-06-05,DKI4 (Lubang Buaya),121.8,64.8,16.2,23.0,50.4,16.6,97.4,PM10,SEDANG
2022-06-05,DKI5 (Kebon Jeruk),140.3,50.4,23.3,17.7,59.7,12.4,112.2,PM10,TIDAK SEHAT
2022-06-06,DKI1 (Bunderan HI),124.2,70.3,21.5,16.1,83.5,10.9,99.3,PM10,SEDANG
2022-06-06,DKI2 (Kelapa Gading),113.0,52.8,23.4,17.6,50.7,23.7,90.4,PM10,SEDANG
2022-06-06,DKI3 (Jagakarsa),105.5,60.0,24.4,15.2,66.9,19.1,84.4,PM10,SEDANG
2022-06-06,DKI4 (Lubang Buaya),64.2,76.3,14.2,15.1,64.6,12.7,91.6,PM25,SEDANG
2022-06-06,DKI5 (Kebon Jeruk),93.2,79.6,12.9,14.1,55.6,20.3,95.5,PM25,SEDANG
2022-06-07,DKI1 (Bunderan HI),113.9,59.0,13.1,25.0,65.3,19.5,91.1,PM10,SEDANG
2022-06-07,DKI2 (Kelapa Gading),154.6,95.5,30.7,20.6,53.8,21.7,123.7,PM10,TIDAK SEHAT
2022-06-07,DKI3 (Jagakarsa),121.2,46.2,17.1,26.9,45.3,22.6,97.0,PM10,SEDANG
2022-06-07,DKI4 (Lubang Buaya),123.0,63.8,15.5,26.0,54.8,25.9,98.4,PM10,SEDANG
2022-06-07,DKI5 (Kebon Jeruk),92.8,56.5,21.9,30.8,48.9,29.5,74.3,PM10,SEDANG
2022-06-08,DKI1 (Bunderan HI),124.1,81.4,17.9,27.7,61.6,21.4,99.3,PM10,SEDANG
2022-06-08,DKI2 (Kelapa Gading),100.3,110.2,22.4,23.5,51.6,22.0,132.3,PM25,TIDAK SEHAT
2022-06-08,DKI3 (Jagakarsa),115.9,49.8,10.8,26.0,73.4,35.4,92.7,PM10,SEDANG
2022-06-08,DKI4 (Lubang Buaya),126.3,60.0,25.5,31.5,58.5,33.2,101.0,PM10,TIDAK SEHAT
2022-06-08,DKI5 (Kebon Jeruk),60.4,74.4,20.3,18.8,50.9,31.8,89.3,PM25,SEDANG
2022-06-09,DKI1 (Bunderan HI),119.2,78.9,23.7,25.1,59.6,28.2,95.4,PM10,SEDANG
2022-06-09,DKI2 (Kelapa Gading),74.5,84.8,20.6,26.1,54.7,26.1,101.8,PM25,TIDAK SEHAT
2022-06-09,DKI3 (Jagakarsa),137.0,38.6,6.5,28.4,54.3,10.5,109.6,PM10,TIDAK SEHAT
2022-06-09,DKI4 (Lubang Buaya),95.0,74.6,18.2,22.1,60.3,19.0,89.5,PM25,SEDANG
2022-06-09,DKI5 (Kebon Jeruk),75.6,82.0,25.2,22.5,27.5,23.0,98.4,PM25,SEDANG
2022-06-10,DKI1 (Bunderan HI),80.8,59.8,17.7,31.3,63.3,7.5,71.8,PM25,SEDANG
2022-06-10,DKI2 (Kelapa Gading),75.8,87.1,14.7,24.3,47.4,30.6,104.5,PM25,TIDAK SEHAT
2022-06-10,DKI3 (Jagakarsa),119.0,82.3,9.1,25.0,38.3,30.4,98.8,PM25,SEDANG
2022-06-10,DKI4 (Lubang Buaya),162.5,38.2,21.3,13.7,47.8,21.3,130.0,PM10,TIDAK SEHAT
2022-06-10,DKI5 (Kebon Jeruk),125.5,85.0,23.2,16.5,62.1,18.9,102.0,PM25,TIDAK SEHAT
2022-06-11,DKI1 (Bunderan HI),107.3,52.9,21.1,17.8,54.5,28.3,85.9,PM10,SEDANG
2022-06-11,DKI2 (Kelapa Gading),67.2,85.3,27.5,14.8,32.1,27.0,102.3,PM25,TIDAK SEHAT
2022-06-11,DKI3 (Jagakarsa),126.0,41.9,15.6,23.4,52.0,30.4,100.8,PM10,TIDAK SEHAT
2022-06-11,DKI4 (Lubang Buaya),121.4,51.1,22.6,21.1,42.7,21.0,97.1,PM10,SEDANG
2022-06-11,DKI5 (Kebon Jeruk),124.8,42.6,12.6,32.2,43.3,33.4,99.9,PM10,SEDANG
2022-06-12,DKI1 (Bunderan HI),74.4,72.4,23.2,15.3,45.1,32.5,86.9,PM25,SEDANG
2022-06-12,DKI2 (Kelapa Gading),158.8,80.4,17.8,22.0,41.6,10.2,127.1,PM10,TIDAK SEHAT
2022-06-12,DKI3 (Jagakarsa),128.3,34.3,15.7,21.3,45.0,29.4,102.7,PM10,TIDAK SEHAT
2022-06-12,DKI4 (Lubang Buaya),109.6,59.0,21.1,24.0,65.0,21.5,87.7,PM10,SEDANG
2022-06-12,DKI5 (Kebon Jeruk),130.8,72.7,21.9,27.7,64.1,24.4,104.6,PM10,TIDAK SEHAT
2022-06-13,DKI1 (Bunderan HI),117.9,84.3,13.4,23.4,30.2,23.1,101.1,PM25,TIDAK SEHAT
2022-06-13,DKI2 (Kelapa Gading),50.9,54.0,9.4,28.4,47.4,17.3,64.8,PM25,SEDANG
2022-06-13,DKI3 (Jagakarsa),115.6,53.9,11.9,20.3,36.5,38.1,92.5,PM10,SEDANG
2022-06-13,DKI4 (Lubang Buaya),113.2,79.1,24.7,29.9,63.3,21.9,94.9,PM25,SEDANG
2022-06-13,DKI5 (Kebon Jeruk),116.2,68.4,18.8,25.0,57.3,21.6,93.0,PM10,SEDANG
2022-06-14,DKI1 (Bunderan HI),176.0,43.2,19.9,25.9,70.1,23.5,140.8,PM10,TIDAK SEHAT
2022-06-14,DKI2 (Kelapa Gading),127.1,61.5,23.4,23.9,64.7,26.8,101.7,PM10,TIDAK SEHAT
2022-06-14,DKI3 (Jagakarsa),103.1,43.6,12.6,18.2,52.9,28.8,82.5,PM10,SEDANG
2022-06-14,DKI4 (Lubang Buaya),110.2,78.4,24.9,18.9,72.7,5.0,94.1,PM25,SEDANG
2022-06-14,DKI5 (Kebon Jeruk),118.1,75.4,21.2,29.2,65.1,30.5,94.4,PM10,SEDANG
2022-06-15,DKI1 (Bunderan HI),57.1,55.2,16.9,26.4,65.6,18.3,66.2,PM25,SEDANG
2022-06-15,DKI2 (Kelapa Gading),120.7,49.3,21.5,27.5,69.7,15.8,96.6,PM10,SEDANG
2022-06-15,DKI3 (Jagakarsa),89.9,18.9,22.6,30.0,43.0,18.7,71.9,PM10,SEDANG
2022-06-15,DKI4 (Lubang Buaya),135.5,62.3,24.3,21.8,61.7,19.8,108.4,PM10,TIDAK SEHAT
2022-06-15,DKI5 (Kebon Jeruk),110.7,19.8,27.9,25.4,51.6,21.3,88.5,PM10,SEDANG
2022-06-16,DKI1 (Bunderan HI),72.3,47.8,20.2,22.0,63.9,17.0,57.8,PM10,SEDANG
2022-06-16,DKI2 (Kelapa Gading),143.2,54.7,13.1,18.9,73.3,30.0,114.6,PM10,TIDAK SEHAT
2022-06-16,DKI4 (Lubang Buaya),85.0,53.4,6.6,24.9,52.0,19.1,68.0,PM10,SEDANG
2022-06-16,DKI5 (Kebon Jeruk),146.4,108.9,20.2,23.8,57.7,24.4,130.7,PM25,TIDAK SEHAT
2022-06-17,DKI1 (Bunderan HI),73.5,53.9,18.1,27.4,50.9,35.5,64.7,PM25,SEDANG
2022-06-17,DKI2 (Kelapa Gading),137.3,66.6,17.4,23.7,62.0,25.0,109.9,PM10,TIDAK SEHAT
2022-06-17,DKI3 (Jagakarsa),115.4,84.9,18.2,27.6,51.2,19.0,101.9,PM25,TIDAK SEHAT
2022-06-17,DKI4 (Lubang Buaya),97.1,61.4,12.6,25.2,48.0,17.9,77.7,PM10,SEDANG
2022-06-17,DKI5 (Kebon Jeruk),117.7,38.8,18.1,20.1,42.2,28.2,94.2,PM10,SEDANG
2022-06-18,DKI1 (Bunderan HI),95.9,80.5,19.9,19.1,76.1,25.7,96.6,PM25,SEDANG
2022-06-18,DKI2 (Kelapa Gading),102.0,99.7,16.6,37.4,62.3,37.1,119.7,PM25,TIDAK SEHAT
2022-06-18,DKI3 (Jagakarsa),138.8,56.8,21.0,31.3,81.4,26.1,111.1,PM10,TIDAK SEHAT
2022-06-18,DKI4 (Lubang Buaya),78.1,76.0,15.8,17.9,66.4,21.8,91.2,PM25,SEDANG
2022-06-18,DKI5 (Kebon Jeruk),118.1,53.9,16.9,16.8,73.6,19.3,94.4,PM10,SEDANG
2022-06-19,DKI1 (Bunderan HI),117.2,81.8,17.1,26.7,60.3,35.1,98.2,PM25,SEDANG
2022-06-19,DKI2 (Kelapa Gading),129.0,87.2,21.6,9.7,42.4,29.5,104.6,PM25,TIDAK SEHAT
2022-06-19,DKI3 (Jagakarsa),69.0,74.3,22.4,27.3,43.5,28.2,89.1,PM25,SEDANG
2022-06-19,DKI4 (Lubang Buaya),122.4,72.9,19.0,20.3,35.1,36.6,98.0,PM10,SEDANG
2022-06-19,DKI5 (Kebon Jeruk),128.3,75.5,20.9,30.3,40.2,15.3,102.6,PM10,TIDAK SEHAT
2022-06-20,DKI1 (Bunderan HI),62.3,60.0,19.0,21.9,35.3,16.4,72.0,PM25,SEDANG
2022-06-20,DKI2 (Kelapa Gading),155.3,62.5,16.7,27.6,68.4,26.5,124.2,PM10,TIDAK SEHAT
2022-06-20,DKI3 (Jagakarsa),119.6,45.5,20.3,25.8,66.7,20.6,95.7,PM10,SEDANG
2022-06-20,DKI4 (Lubang Buaya),135.9,84.5,16.2,27.1,45.0,14.3,108.7,PM10,TIDAK SEHAT
2022-06-20,DKI5 (Kebon Jeruk),98.3,71.1,16.0,12.7,60.3,23.4,85.3,PM25,SEDANG
2022-06-21,DKI1 (Bunderan HI),83.2,63.7,15.0,22.1,52.3,27.7,76.4,PM25,SEDANG
2022-06-21,DKI2 (Kelapa Gading),104.1,30.7,14.1,16.7,57.3,24.5,83.3,PM10,SEDANG
2022-06-21,DKI3 (Jagakarsa),135.3,65.0,13.1,23.0,62.5,22.5,108.2,PM10,TIDAK SEHAT
2022-06-21,DKI4 (Lubang Buaya),129.1,60.3,18.3,22.1,44.8,21.1,103.3,PM10,TIDAK SEHAT
2022-06-21,DKI5 (Kebon Jeruk),113.5,73.2,26.4,18.1,65.4,28.4,90.8,PM10,SEDANG
2022-06-22,DKI1 (Bunderan HI),130.6,55.8,16.5,18.5,52.1,28.2,104.4,PM10,TIDAK SEHAT
2022-06-22,DKI2 (Kelapa Gading),111.4,82.9,14.4,10.3,54.3,23.3,99.4,PM25,SEDANG
2022-06-22,DKI4 (Lubang Buaya),116.3,73.0,11.1,10.4,83.3,34.3,93.0,PM10,SEDANG
2022-06-22,DKI5 (Kebon Jeruk),137.9,89.1,19.9,25.5,43.8,25.4,110.3,PM10,TIDAK SEHAT
2022-06-23,DKI1 (Bunderan HI),119.2,94.1,7.2,34.2,64.2,27.3,112.9,PM25,TIDAK SEHAT
2022-06-23,DKI2 (Kelapa Gading),111.2,62.4,11.6,20.7,59.6,23.2,89.0,PM10,SEDANG
2022-06-23,DKI3 (Jagakarsa),120.4,71.5,12.1,16.5,57.0,12.6,96.3,PM10,SEDANG
2022-06-23,DKI4 (Lubang Buaya),141.9,81.5,16.3,18.4,51.8,23.9,113.5,PM10,TIDAK SEHAT
2022-06-23,DKI5 (Kebon Jeruk),91.3,75.6,20.6,21.4,66.4,35.7,90.7,PM25,SEDANG
2022-06-24,DKI1 (Bunderan HI),75.3,86.4,13.3,14.5,43.1,27.3,103.7,PM25,TIDAK SEHAT
2022-06-24,DKI2 (Kelapa Gading),81.8,58.4,19.1,14.0,49.1,21.1,70.1,PM25,SEDANG
2022-06-24,DKI3 (Jagakarsa),101.1,83.5,20.4,23.3,51.9,11.9,100.2,PM25,TIDAK SEHAT
2022-06-24,DKI5 (Kebon Jeruk),83.7,77.6,19.5,22.3,55.5,25.4,93.1,PM25,SEDANG
2022-06-25,DKI1 (Bunderan HI),75.7,58.6,20.5,27.5,57.0,25.4,70.3,PM25,SEDANG
2022-06-25,DKI2 (Kelapa Gading),156.6,42.5,13.3,34.3,47.3,17.5,125.3,PM10,TIDAK SEHAT
2022-06-25,DKI3 (Jagakarsa),89.4,103.1,18.5,22.6,48.1,24.5,123.7,PM25,TIDAK SEHAT
2022-06-25,DKI4 (Lubang Buaya),127.1,99.8,11.8,31.6,64.7,24.8,119.8,PM25,TIDAK SEHAT
2022-06-25,DKI5 (Kebon Jeruk),93.6,55.7,15.9,26.1,57.6,32.7,74.9,PM10,SEDANG
2022-06-26,DKI1 (Bunderan HI),104.0,63.5,13.0,26.4,49.5,13.9,83.2,PM10,SEDANG
2022-06-26,DKI2 (Kelapa Gading),90.5,46.5,21.9,20.6,56.2,31.7,72.4,PM10,SEDANG
2022-06-26,DKI3 (Jagakarsa),83.2,88.8,11.9,6.0,71.6,8.3,106.6,PM25,TIDAK SEHAT
2022-06-26,DKI4 (Lubang Buaya),157.5,70.8,23.0,13.3,55.7,28.0,126.0,PM10,TIDAK SEHAT
2022-06-26,DKI5 (Kebon Jeruk),137.3,75.6,17.6,21.0,52.7,23.6,109.8,PM10,TIDAK SEHAT
2022-06-27,DKI1 (Bunderan HI),94.8,79.5,13.9,24.5,52.0,7.8,95.4,PM25,SEDANG
2022-06-27,DKI2 (Kelapa Gading),142.4,40.1,19.3,28.7,52.4,45.5,113.9,PM10,TIDAK SEHAT
2022-06-27,DKI3 (Jagakarsa),105.3,50.7,27.3,16.9,60.4,30.8,84.2,PM10,SEDANG
2022-06-27,DKI4 (Lubang Buaya),106.6,70.6,17.4,40.1,75.2,30.9,85.3,PM10,SEDANG
2022-06-27,DKI5 (Kebon Jeruk),121.6,56.3,12.5,24.5,62.9,8.6,97.3,PM10,SEDANG
2022-06-28,DKI1 (Bunderan HI),81.7,70.4,15.5,24.2,51.2,28.0,84.5,PM25,SEDANG
2022-06-28,DKI2 (Kelapa Gading),148.7,44.4,19.0,35.2,50.2,19.1,119.0,PM10,TIDAK SEHAT
2022-06-28,DKI3 (Jagakarsa),131.6,66.5,24.0,18.6,62.2,21.5,105.3,PM10,TIDAK SEHAT
2022-06-28,DKI4 (Lubang Buaya),113.7,65.2,24.9,22.6,39.1,16.9,91.0,PM10,SEDANG
2022-06-28,DKI5 (Kebon Jeruk),117.4,51.6,20.5,16.1,51.9,18.2,93.9,PM10,SEDANG
2022-06-29,DKI1 (Bunderan HI),108.6,46.9,17.4,24.8,49.7,26.6,86.9,PM10,SEDANG
2022-06-29,DKI2 (Kelapa Gading),77.8,49.9,15.4,16.8,58.3,34.5,62.2,PM10,SEDANG
2022-06-29,DKI3 (Jagakarsa),102.1,96.1,23.7,18.7,53.7,38.1,115.3,PM25,TIDAK SEHAT
2022-06-29,DKI4 (Lubang Buaya),122.2,52.6,22.7,21.4,57.6,34.0,97.8,PM10,SEDANG
2022-06-29,DKI5 (Kebon Jeruk),119.0,69.4,17.6,25.3,40.0,18.0,95.2,PM10,SEDANG
2022-06-30,DKI1 (Bunderan HI),137.4,117.9,20.5,30.9,47.9,27.3,141.4,PM25,TIDAK SEHAT
2022-06-30,DKI2 (Kelapa Gading),46.1,65.5,22.8,17.9,51.6,31.9,78.6,PM25,SEDANG
2022-06-30,DKI3 (Jagakarsa),84.6,77.2,8.3,29.1,51.9,24.8,92.6,PM25,SEDANG
2022-06-30,DKI5 (Kebon Jeruk),123.6,23.8,11.7,22.1,42.9,14.9,98.8,PM10,SEDANG
2022-07-01,DKI2 (Kelapa Gading),128.4,52.4,18.0,18.0,49.9,26.6,102.7,PM10,TIDAK SEHAT
2022-07-01,DKI3 (Jagakarsa),86.2,72.7,14.1,22.5,53.5,13.4,87.2,PM25,SEDANG
2022-07-01,DKI4 (Lubang Buaya),110.3,60.1,20.1,15.2,64.1,20.4,88.2,PM10,SEDANG
2022-07-01,DKI5 (Kebon Jeruk),125.4,100.5,9.9,15.5,45.8,25.2,120.6,PM25,TIDAK SEHAT
2022-07-02,DKI1 (Bunderan HI),114.3,55.0,23.0,27.1,68.9,30.1,91.5,PM10,SEDANG
2022-07-02,DKI2 (Kelapa Gading),141.2,55.6,14.8,15.6,60.9,26.0,112.9,PM10,TIDAK SEHAT
2022-07-02,DKI3 (Jagakarsa),129.3,60.7,25.2,23.6,50.1,24.6,103.4,PM10,TIDAK SEHAT
2022-07-02,DKI4 (Lubang Buaya),150.2,66.7,18.8,24.1,61.4,26.4,120.2,PM10,TIDAK SEHAT
2022-07-02,DKI5 (Kebon Jeruk),125.0,75.9,19.9,32.5,46.1,27.4,100.0,PM10,SEDANG
2022-07-03,DKI2 (Kelapa Gading),103.7,51.2,17.1,15.9,56.4,25.6,83.0,PM10,SEDANG
2022-07-03,DKI3 (Jagakarsa),118.1,64.2,18.5,17.4,49.3,17.7,94.4,PM10,SEDANG
2022-07-03,DKI4 (Lubang Buaya),80.7,32.6,23.8,29.6,34.3,26.2,64.5,PM10,SEDANG
2022-07-03,DKI5 (Kebon Jeruk),81.8,57.8,17.4,18.7,66.4,42.7,69.4,PM25,SEDANG
2022-07-04,DKI1 (Bunderan HI),77.2,82.7,20.9,21.8,45.2,10.7,99.2,PM25,SEDANG
2022-07-04,DKI2 (Kelapa Gading),121.2,69.7,18.8,26.4,60.9,24.3,96.9,PM10,SEDANG
2022-07-04,DKI3 (Jagakarsa),128.3,68.9,18.7,29.9,55.8,13.4,102.6,PM10,TIDAK SEHAT
2022-07-04,DKI4 (Lubang Buaya),132.7,83.3,17.8,29.2,48.8,24.4,106.2,PM10,TIDAK SEHAT
2022-07-04,DKI5 (Kebon Jeruk),142.3,61.5,16.3,22.6,65.2,16.1,113.9,PM10,TIDAK SEHAT
2022-07-05,DKI1 (Bunderan HI),137.7,86.5,25.1,11.7,68.8,25.4,110.2,PM10,TIDAK SEHAT
2022-07-05,DKI3 (Jagakarsa),103.1,61.3,17.0,25.3,56.7,25.1,82.5,PM10,SEDANG
2022-07-05,DKI4 (Lubang Buaya),51.0,56.4,19.3,7.8,64.1,22.1,67.6,PM25,SEDANG
2022-07-05,DKI5 (Kebon Jeruk),98.9,66.9,12.5,14.7,63.8,29.0,80.3,PM25,SEDANG
2022-07-06,DKI1 (Bunderan HI),96.2,81.9,23.3,10.0,64.6,24.2,98.3,PM25,SEDANG
2022-07-06,DKI2 (Kelapa Gading),135.9,85.3,18.7,24.4,62.2,33.3,108.7,PM10,TIDAK SEHAT
2022-07-06,DKI3 (Jagakarsa),119.8,59.3,16.1,19.2,54.6,44.2,95.8,PM10,SEDANG
2022-07-06,DKI4 (Lubang Buaya),121.2,108.5,24.3,19.6,58.2,24.6,130.2,PM25,TIDAK SEHAT
2022-07-06,DKI5 (Kebon Jeruk),110.7,74.2,36.4,27.1,51.7,22.8,89.0,PM25,SEDANG
2022-07-07,DKI1 (Bunderan HI),109.8,64.8,16.2,28.4,49.8,11.3,87.9,PM10,SEDANG
2022-07-07,DKI2 (Kelapa Gading),94.5,82.3,16.6,25.3,37.9,13.3,98.7,PM25,SEDANG
2022-07-07,DKI3 (Jagakarsa),89.5,73.4,15.3,19.8,52.8,16.7,88.1,PM25,SEDANG
2022-07-07,DKI4 (Lubang Buaya),144.3,97.9,22.2,29.6,57.7,25.6,117.5,PM25,TIDAK SEHAT
2022-07-07,DKI5 (Kebon Jeruk),121.5,68.8,22.5,17.1,65.7,36.1,97.2,PM10,SEDANG
2022-07-08,DKI2 (Kelapa Gading),103.2,50.5,24.4,25.2,58.9,21.3,82.5,PM10,SEDANG
2022-07-08,DKI3 (Jagakarsa),121.4,68.7,19.5,24.9,50.1,19.6,97.1,PM10,SEDANG
2022-07-08,DKI4 (Lubang Buaya),80.0,59.0,17.0,26.3,65.8,5.3,70.8,PM25,SEDANG
2022-07-08,DKI5 (Kebon Jeruk),110.2,74.6,17.2,21.9,56.9,22.7,89.6,PM25,SEDANG
2022-07-09,DKI1 (Bunderan HI),115.7,40.2,14.6,20.6,48.7,18.7,92.6,PM10,SEDANG
2022-07-09,DKI2 (Kelapa Gading),125.5,53.0,26.8,17.9,51.3,18.2,100.4,PM10,TIDAK SEHAT
2022-07-09,DKI3 (Jagakarsa),83.9,74.3,13.3,22.6,64.8,17.0,89.2,PM25,SEDANG
2022-07-09,DKI4 (Lubang Buaya),70.2,92.9,11.4,24.8,39.2,26.5,111.5,PM25,TIDAK SEHAT
2022-07-09,DKI5 (Kebon Jeruk),126.6,57.2,11.0,17.4,46.8,19.5,101.3,PM10,TIDAK SEHAT
2022-07-10,DKI1 (Bunderan HI),30.1,43.5,14.6,21.3,45.3,27.1,52.3,PM25,SEDANG
2022-07-10,DKI2 (Kelapa Gading),92.9,76.3,24.1,23.7,62.5,19.3,91.6,PM25,SEDANG
2022-07-10,DKI3 (Jagakarsa),129.9,45.2,17.4,24.5,52.6,25.7,103.9,PM10,TIDAK SEHAT
2022-07-10,DKI4 (Lubang Buaya),84.5,80.8,12.8,15.2,66.4,33.3,97.0,PM25,SEDANG
2022-07-10,DKI5 (Kebon Jeruk),117.2,62.2,12.8,15.5,49.7,21.4,93.7,PM10,SEDANG
2022-07-11,DKI1 (Bunderan HI),52.5,74.1,9.5,13.6,48.4,26.2,88.9,PM25,SEDANG
2022-07-11,DKI2 (Kelapa Gading),112.6,66.4,12.8,21.7,70.0,24.5,90.1,PM10,SEDANG
2022-07-11,DKI3 (Jagakarsa),126.2,28.9,18.9,27.0,60.8,27.5,100.9,PM10,TIDAK SEHAT
2022-07-11,DKI4 (Lubang Buaya),89.6,70.7,23.5,21.1,75.9,16.5,84.8,PM25,SEDANG
2022-07-11,DKI5 (Kebon Jeruk),118.2,63.0,10.4,23.0,53.5,16.4,94.6,PM10,SEDANG
2022-07-12,DKI2 (Kelapa Gading),69.3,70.7,18.4,22.4,67.3,25.8,84.8,PM25,SEDANG
2022-07-12,DKI3 (Jagakarsa),92.1,113.4,27.4,20.8,56.8,9.2,136.1,PM25,TIDAK SEHAT
2022-07-12,DKI4 (Lubang Buaya),127.5,61.5,20.1,13.8,61.7,11.1,102.0,PM10,TIDAK SEHAT
2022-07-12,DKI5 (Kebon Jeruk),41.9,95.3,7.7,11.6,42.1,22.6,114.4,PM25,TIDAK SEHAT
2022-07-13,DKI2 (Kelapa Gading),51.1,38.8,11.5,19.2,75.9,28.2,68.3,O3,SEDANG
2022-07-13,DKI3 (Jagakarsa),109.3,51.0,16.8,20.2,58.9,25.7,87.5,PM10,SEDANG
2022-07-13,DKI4 (Lubang Buaya),103.2,76.4,18.6,11.8,39.5,18.2,91.6,PM25,SEDANG
2022-07-13,DKI5 (Kebon Jeruk),137.6,82.9,17.6,22.6,50.8,25.5,110.1,PM10,TIDAK SEHAT
2022-07-14,DKI1 (Bunderan HI),125.5,72.4,14.7,20.1,57.2,18.6,100.4,PM10,TIDAK SEHAT
2022-07-14,DKI3 (Jagakarsa),116.7,78.0,18.2,28.3,59.4,29.0,93.6,PM25,SEDANG
2022-07-14,DKI4 (Lubang Buaya),90.6,89.6,21.2,21.0,60.2,24.5,107.5,PM25,TIDAK SEHAT
2022-07-14,DKI5 (Kebon Jeruk),131.7,64.8,16.5,19.3,63.8,27.2,105.3,PM10,TIDAK SEHAT
2022-07-15,DKI1 (Bunderan HI),163.9,66.1,10.5,25.0,56.7,25.5,131.1,PM10,TIDAK SEHAT
2022-07-15,DKI2 (Kelapa Gading),105.2,66.5,21.3,25.3,46.1,22.8,84.2,PM10,SEDANG
2022-07-15,DKI3 (Jagakarsa),146.4,88.7,19.5,22.0,24.8,24.0,117.1,PM10,TIDAK SEHAT
2022-07-15,DKI4 (Lubang Buaya),94.8,45.5,11.3,25.3,37.0,20.3,75.8,PM10,SEDANG
2022-07-15,DKI5 (Kebon Jeruk),114.7,103.4,18.1,17.8,70.4,27.4,124.1,PM25,TIDAK SEHAT
2022-07-16,DKI1 (Bunderan HI),109.7,58.1,23.8,31.3,73.9,17.3,87.7,PM10,SEDANG
2022-07-16,DKI2 (Kelapa Gading),114.7,63.6,13.0,12.7,45.3,33.8,91.8,PM10,SEDANG
2022-07-16,DKI3 (Jagakarsa),157.3,52.0,1.9,24.3,78.9,25.9,125.9,PM10,TIDAK SEHAT
2022-07-16,DKI4 (Lubang Buaya),80.7,61.0,9.3,28.5,59.6,24.4,73.2,PM25,SEDANG
2022-07-16,DKI5 (Kebon Jeruk),121.4,42.0,16.2,29.1,38.8,31.7,97.1,PM10,SEDANG
2022-07-17,DKI1 (Bunderan HI),103.1,41.9,20.0,31.0,48.9,30.2,82.5,PM10,SEDANG
2022-07-17,DKI3 (Jagakarsa),126.6,63.8,23.0,25.6,36.7,16.0,101.3,PM10,TIDAK SEHAT
2022-07-17,DKI4 (Lubang Buaya),105.8,86.0,17.0,34.0,66.4,20.8,103.2,PM25,TIDAK SEHAT
2022-07-17,DKI5 (Kebon Jeruk),67.0,65.8,19.4,24.0,60.4,20.0,79.0,PM25,SEDANG
2022-07-18,DKI1 (Bunderan HI),138.9,49.1,24.3,16.2,56.5,29.2,111.2,PM10,TIDAK SEHAT
2022-07-18,DKI2 (Kelapa Gading),121.7,50.4,13.4,13.2,39.5,14.5,97.4,PM10,SEDANG
2022-07-18,DKI3 (Jagakarsa),142.2,99.9,20.6,25.5,63.6,22.9,119.9,PM25,TIDAK SEHAT
2022-07-18,DKI4 (Lubang Buaya),95.6,64.0,9.7,22.4,79.1,23.3,76.8,PM25,SEDANG
2022-07-18,DKI5 (Kebon Jeruk),99.8,77.8,15.5,15.3,44.7,34.4,93.4,PM25,SEDANG
2022-07-19,DKI1 (Bunderan HI),98.1,42.5,21.8,23.7,46.6,28.1,78.5,PM10,SEDANG
2022-07-19,DKI2 (Kelapa Gading),127.7,46.0,23.2,20.1,35.1,13.3,102.1,PM10,TIDAK SEHAT
2022-07-19,DKI3 (Jagakarsa),92.9,71.9,22.1,20.5,34.6,33.0,86.3,PM25,SEDANG
2022-07-19,DKI4 (Lubang Buaya),141.0,71.4,16.0,19.7,32.3,21.5,112.8,PM10,TIDAK SEHAT
2022-07-19,DKI5 (Kebon Jeruk),75.8,71.8,14.8,32.2,71.5,17.0,86.1,PM25,SEDANG
2022-07-20,DKI1 (Bunderan HI),94.8,72.6,20.1,26.7,54.2,9.7,87.1,PM25,SEDANG
2022-07-20,DKI2 (Kelapa Gading),100.2,60.7,19.1,27.4,66.9,27.9,80.1,PM10,SEDANG
2022-07-20,DKI3 (Jagakarsa),104.4,70.3,14.9,29.0,50.3,24.2,84.4,PM25,SEDANG
2022-07-20,DKI4 (Lubang Buaya),62.8,63.4,23.7,21.7,49.4,35.2,76.1,PM25,SEDANG
2022-07-20,DKI5 (Kebon Jeruk),84.2,51.4,10.9,29.8,33.0,23.4,67.4,PM10,SEDANG
2022-07-21,DKI1 (Bunderan HI),98.6,67.8,24.3,19.6,50.7,14.9,81.4,PM25,SEDANG
2022-07-21,DKI2 (Kelapa Gading),121.9,66.5,18.7,29.7,58.2,14.7,97.5,PM10,SEDANG
2022-07-21,DKI3 (Jagakarsa),91.6,110.8,22.9,18.4,42.5,12.7,133.0,PM25,TIDAK SEHAT
2022-07-21,DKI5 (Kebon Jeruk),126.6,62.4,15.4,23.0,64.3,17.4,101.3,PM10,TIDAK SEHAT
2022-07-22,DKI1 (Bunderan HI),189.9,45.9,20.2,19.9,55.3,36.2,151.9,PM10,TIDAK SEHAT
2022-07-22,DKI2 (Kelapa Gading),136.4,35.5,17.8,15.9,46.5,14.5,109.1,PM10,TIDAK SEHAT
2022-07-22,DKI3 (Jagakarsa),73.6,75.4,21.3,20.2,49.7,27.8,90.4,PM25,SEDANG
2022-07-22,DKI4 (Lubang Buaya),88.5,24.0,24.2,26.8,55.8,29.9,70.8,PM10,SEDANG
2022-07-22,DKI5 (Kebon Jeruk),125.9,74.7,24.0,14.2,42.2,29.6,100.8,PM10,TIDAK SEHAT
2022-07-23,DKI1 (Bunderan HI),115.0,74.8,20.3,32.9,46.2,32.0,92.0,PM10,SEDANG
2022-07-23,DKI2 (Kelapa Gading),87.0,53.9,11.4,27.2,42.8,20.1,69.6,PM10,SEDANG
2022-07-23,DKI3 (Jagakarsa),178.5,35.0,18.3,24.7,56.4,37.7,142.8,PM10,TIDAK SEHAT
2022-07-23,DKI4 (Lubang Buaya),102.6,79.8,12.7,28.6,48.1,30.8,95.8,PM25,SEDANG
2022-07-23,DKI5 (Kebon Jeruk),117.2,80.5,14.4,15.5,46.3,27.5,96.6,PM25,SEDANG
2022-07-24,DKI1 (Bunderan HI),92.8,71.8,21.2,10.3,51.8,20.1,86.1,PM25,SEDANG
2022-07-24,DKI2 (Kelapa Gading),130.8,102.7,16.4,31.8,60.0,20.9,123.2,PM25,TIDAK SEHAT
2022-07-24,DKI3 (Jagakarsa),110.9,65.9,23.0,10.5,57.6,34.1,88.7,PM10,SEDANG
2022-07-24,DKI4 (Lubang Buaya),127.5,67.6,20.1,20.1,55.7,28.5,102.0,PM10,TIDAK SEHAT
2022-07-24,DKI5 (Kebon Jeruk),103.4,42.7,10.5,25.1,56.4,30.3,82.7,PM10,SEDANG
2022-07-25,DKI1 (Bunderan HI),90.8,47.2,22.4,23.8,50.1,23.5,72.6,PM10,SEDANG
2022-07-25,DKI2 (Kelapa Gading),90.5,81.9,19.3,22.8,63.5,20.3,98.2,PM25,SEDANG
2022-07-25,DKI3 (Jagakarsa),150.0,44.5,17.2,31.4,55.1,22.6,120.0,PM10,TIDAK SEHAT
2022-07-25,DKI5 (Kebon Jeruk),109.7,88.1,15.2,19.5,63.6,22.3,105.7,PM25,TIDAK SEHAT
2022-07-26,DKI1 (Bunderan HI),83.4,66.4,13.7,22.5,50.7,23.6,79.7,PM25,SEDANG
2022-07-26,DKI2 (Kelapa Gading),94.5,81.7,19.7,21.2,47.6,21.4,98.0,PM25,SEDANG
2022-07-26,DKI3 (Jagakarsa),100.7,61.7,21.7,17.0,53.3,23.6,80.6,PM10,SEDANG
2022-07-26,DKI4 (Lubang Buaya),131.2,85.3,20.7,28.3,62.0,24.9,105.0,PM10,TIDAK SEHAT
2022-07-26,DKI5 (Kebon Jeruk),150.2,57.7,21.2,18.5,43.4,32.5,120.2,PM10,TIDAK SEHAT
2022-07-27,DKI1 (Bunderan HI),110.7,94.5,24.2,23.2,56.3,41.5,113.4,PM25,TIDAK SEHAT
2022-07-27,DKI2 (Kelapa Gading),111.4,30.1,24.7,27.4,61.1,24.3,89.2,PM10,SEDANG
2022-07-27,DKI3 (Jagakarsa),110.0,72.3,18.6,28.4,71.3,18.0,88.0,PM10,SEDANG
2022-07-27,DKI4 (Lubang Buaya),120.0,43.4,25.3,19.4,56.0,32.1,96.0,PM10,SEDANG
2022-07-27,DKI5 (Kebon Jeruk),90.4,70.4,12.6,22.5,58.4,9.5,84.5,PM25,SEDANG
2022-07-28,DKI1 (Bunderan HI),127.8,47.3,16.5,20.5,39.4,26.9,102.2,PM10,TIDAK SEHAT
2022-07-28,DKI2 (Kelapa Gading),111.4,43.3,25.6,37.9,50.2,19.5,89.1,PM10,SEDANG
2022-07-28,DKI4 (Lubang Buaya),92.1,64.7,21.0,16.9,63.6,23.9,77.7,PM25,SEDANG
2022-07-28,DKI5 (Kebon Jeruk),117.4,65.4,10.7,24.9,67.3,35.0,94.0,PM10,SEDANG
2022-07-29,DKI1 (Bunderan HI),109.5,32.6,18.4,20.9,63.4,15.0,87.6,PM10,SEDANG
2022-07-29,DKI2 (Kelapa Gading),92.5,50.9,16.5,20.9,45.2,31.4,74.0,PM10,SEDANG
2022-07-29,DKI3 (Jagakarsa),148.3,24.7,19.3,35.3,56.7,17.9,118.6,PM10,TIDAK SEHAT
2022-07-29,DKI4 (Lubang Buaya),93.9,89.1,15.7,27.9,52.8,20.6,106.9,PM25,TIDAK SEHAT
2022-07-30,DKI2 (Kelapa Gading),139.6,109.7,20.6,27.0,73.3,21.9,131.6,PM25,TIDAK SEHAT
2022-07-30,DKI3 (Jagakarsa),110.7,44.8,21.4,16.1,67.6,20.0,88.6,PM10,SEDANG
2022-07-30,DKI4 (Lubang Buaya),118.1,63.5,26.3,33.5,62.2,21.3,94.5,PM10,SEDANG
2022-07-30,DKI5 (Kebon Jeruk),138.8,90.5,10.8,25.2,62.2,21.9,111.1,PM10,TIDAK SEHAT
2022-07-31,DKI1 (Bunderan HI),103.5,47.3,20.8,16.6,63.5,26.5,82.8,PM10,SEDANG
2022-07-31,DKI2 (Kelapa Gading),75.9,57.3,25.4,16.2,46.3,24.2,68.7,PM25,SEDANG
2022-07-31,DKI3 (Jagakarsa),132.8,64.3,11.2,28.9,84.4,22.3,106.2,PM10,TIDAK SEHAT
2022-07-31,DKI4 (Lubang Buaya),129.8,52.4,24.6,29.8,64.3,30.6,103.8,PM10,TIDAK SEHAT
2022-07-31,DKI5 (Kebon Jeruk),138.3,68.6,7.9,21.5,47.2,21.9,110.6,PM10,TIDAK SEHAT
2022-08-01,DKI1 (Bunderan HI),119.7,73.3,11.5,26.1,54.9,31.0,95.8,PM10,SEDANG
2022-08-01,DKI2 (Kelapa Gading),117.9,74.2,16.4,26.5,63.4,26.2,94.3,PM10,SEDANG
2022-08-01,DKI3 (Jagakarsa),120.2,74.9,18.6,16.7,42.3,20.8,96.2,PM10,SEDANG
2022-08-01,DKI4 (Lubang Buaya),148.4,88.3,22.9,11.5,62.1,30.6,118.7,PM10,TIDAK SEHAT
2022-08-01,DKI5 (Kebon Jeruk),118.5,75.9,21.1,24.6,57.1,18.2,94.8,PM10,SEDANG
2022-08-02,DKI1 (Bunderan HI),105.9,32.2,16.4,26.7,41.7,18.6,84.7,PM10,SEDANG
2022-08-02,DKI2 (Kelapa Gading),77.2,106.9,24.2,19.3,84.6,33.1,128.3,PM25,TIDAK SEHAT
2022-08-02,DKI3 (Jagakarsa),136.0,66.0,22.0,26.8,38.9,26.7,108.8,PM10,TIDAK SEHAT
2022-08-02,DKI4 (Lubang Buaya),108.0,67.7,22.7,30.0,40.5,18.6,86.4,PM10,SEDANG
2022-08-02,DKI5 (Kebon Jeruk),105.5,85.1,15.9,16.4,58.9,9.6,102.1,PM25,TIDAK SEHAT
2022-08-03,DKI1 (Bunderan HI),112.1,108.6,20.6,17.3,56.2,19.3,130.4,PM25,TIDAK SEHAT
2022-08-03,DKI2 (Kelapa Gading),78.0,60.4,14.3,30.3,77.9,23.6,72.5,PM25,SEDANG
2022-08-03,DKI3 (Jagakarsa),101.0,73.6,14.7,20.9,55.7,19.3,88.3,PM25,SEDANG
2022-08-03,DKI4 (Lubang Buaya),81.1,73.0,20.5,16.4,60.6,22.7,87.6,PM25,SEDANG
2022-08-03,DKI5 (Kebon Jeruk),98.4,35.2,21.8,20.4,52.4,28.6,78.7,PM10,SEDANG
2022-08-04,DKI1 (Bunderan HI),144.1,58.3,19.2,32.1,58.7,22.5,115.3,PM10,TIDAK SEHAT
2022-08-04,DKI2 (Kelapa Gading),155.5,43.8,19.8,19.2,62.3,27.9,124.4,PM10,TIDAK SEHAT
2022-08-04,DKI3 (Jagakarsa),21.6,85.8,20.0,31.0,43.1,22.7,103.0,PM25,TIDAK SEHAT
2022-08-04,DKI4 (Lubang Buaya),130.0,65.1,18.1,6.3,52.4,34.0,104.0,PM10,TIDAK SEHAT
2022-08-04,DKI5 (Kebon Jeruk),129.0,67.9,13.3,20.8,34.4,31.0,103.2,PM10,TIDAK SEHAT
2022-08-05,DKI1 (Bunderan HI),126.6,62.6,24.4,27.7,65.2,34.5,101.3,PM10,TIDAK SEHAT
2022-08-05,DKI2 (Kelapa Gading),159.3,59.4,16.2,18.3,43.5,14.1,127.4,PM10,TIDAK SEHAT
2022-08-05,DKI3 (Jagakarsa),98.7,64.3,12.6,19.2,52.3,21.7,79.0,PM10,SEDANG
2022-08-05,DKI4 (Lubang Buaya),96.9,60.2,20.3,18.0,39.9,24.5,77.5,PM10,SEDANG
2022-08-05,DKI5 (Kebon Jeruk),90.5,73.3,11.1,24.4,55.0,28.7,88.0,PM25,SEDANG
2022-08-06,DKI1 (Bunderan HI),65.0,34.0,18.0,15.2,48.5,34.6,52.0,PM10,SEDANG
2022-08-06,DKI3 (Jagakarsa),114.8,49.7,19.4,21.3,55.5,42.0,91.9,PM10,SEDANG
2022-08-06,DKI4 (Lubang Buaya),129.2,35.7,31.4,18.5,55.8,14.0,103.4,PM10,TIDAK SEHAT
2022-08-06,DKI5 (Kebon Jeruk),106.7,52.1,16.1,18.9,69.0,25.4,85.3,PM10,SEDANG
2022-08-07,DKI1 (Bunderan HI),155.5,63.3,18.9,22.6,68.5,32.7,124.4,PM10,TIDAK SEHAT
2022-08-07,DKI2 (Kelapa Gading),94.7,53.7,16.8,18.8,35.4,25.0,75.7,PM10,SEDANG
2022-08-07,DKI3 (Jagakarsa),122.8,71.8,17.5,24.6,75.9,26.8,98.2,PM10,SEDANG
2022-08-07,DKI4 (Lubang Buaya),98.5,77.2,24.4,25.8,67.3,21.3,92.6,PM25,SEDANG
2022-08-07,DKI5 (Kebon Jeruk),116.0,107.0,20.6,16.9,48.9,37.1,128.4,PM25,TIDAK SEHAT
2022-08-08,DKI1 (Bunderan HI),109.4,80.6,15.8,16.5,42.0,27.2,96.7,PM25,SEDANG
2022-08-08,DKI2 (Kelapa Gading),162.3,73.2,21.0,20.9,45.6,19.9,129.8,PM10,TIDAK SEHAT
2022-08-08,DKI3 (Jagakarsa),83.5,61.4,15.0,22.7,75.9,33.9,73.7,PM25,SEDANG
2022-08-08,DKI4 (Lubang Buaya),105.9,53.9,20.9,9.5,58.8,13.5,84.7,PM10,SEDANG
2022-08-08,DKI5 (Kebon Jeruk),114.6,85.9,22.3,29.7,52.3,25.9,103.1,PM25,TIDAK SEHAT
2022-08-09,DKI1 (Bunderan HI),110.7,76.2,11.7,21.5,56.4,26.5,91.5,PM25,SEDANG
2022-08-09,DKI2 (Kelapa Gading),89.5,88.6,18.3,24.4,41.1,19.4,106.4,PM25,TIDAK SEHAT
2022-08-09,DKI3 (Jagakarsa),103.6,96.8,21.8,31.5,43.6,38.4,116.1,PM25,TIDAK SEHAT
2022-08-09,DKI4 (Lubang Buaya),127.1,85.7,11.0,13.6,47.3,27.6,102.9,PM25,TIDAK SEHAT
2022-08-09,DKI5 (Kebon Jeruk),129.5,69.1,13.6,29.1,60.7,16.4,103.6,PM10,TIDAK SEHAT
2022-08-10,DKI1 (Bunderan HI),67.4,57.9,14.0,22.4,58.8,21.7,69.5,PM25,SEDANG
2022-08-10,DKI2 (Kelapa Gading),122.2,67.2,12.2,19.6,56.0,17.3,97.8,PM10,SEDANG
2022-08-10,DKI3 (Jagakarsa),117.2,111.5,25.9,26.2,72.6,28.1,133.8,PM25,TIDAK SEHAT
2022-08-10,DKI4 (Lubang Buaya),119.2,68.4,24.0,26.3,40.5,19.8,95.3,PM10,SEDANG
2022-08-10,DKI5 (Kebon Jeruk),157.3,65.5,19.7,18.2,69.5,27.9,125.8,PM10,TIDAK SEHAT
2022-08-11,DKI1 (Bunderan HI),109.2,77.0,17.2,19.6,40.5,28.2,92.4,PM25,SEDANG
2022-08-11,DKI3 (Jagakarsa),140.3,74.6,15.3,22.3,76.3,28.9,112.3,PM10,TIDAK SEHAT
2022-08-11,DKI4 (Lubang Buaya),64.0,59.1,9.4,30.6,55.0,29.3,70.9,PM25,SEDANG
2022-08-11,DKI5 (Kebon Jeruk),116.8,55.9,25.6,15.4,35.3,30.6,93.5,PM10,SEDANG
2022-08-12,DKI2 (Kelapa Gading),133.7,71.6,23.0,16.4,46.3,22.0,107.0,PM10,TIDAK SEHAT
2022-08-12,DKI3 (Jagakarsa),74.0,92.8,18.3,15.8,36.1,20.2,111.4,PM25,TIDAK SEHAT
2022-08-12,DKI4 (Lubang Buaya),116.8,50.3,19.5,20.3,62.7,14.6,93.4,PM10,SEDANG
2022-08-12,DKI5 (Kebon Jeruk),69.5,84.0,14.8,36.3,41.1,33.0,100.8,PM25,TIDAK SEHAT
2022-08-13,DKI1 (Bunderan HI),147.0,56.6,21.4,20.9,67.1,20.1,117.6,PM10,TIDAK SEHAT
2022-08-13,DKI2 (Kelapa Gading),120.6,56.4,29.1,27.7,53.2,33.2,96.4,PM10,SEDANG
2022-08-13,DKI3 (Jagakarsa),96.7,72.1,18.4,24.9,59.7,18.0,86.5,PM25,SEDANG
2022-08-13,DKI5 (Kebon Jeruk),137.0,53.3,21.7,28.2,74.3,34.3,109.6,PM10,TIDAK SEHAT
2022-08-14,DKI1 (Bunderan HI),78.8,93.6,20.6,16.0,40.2,10.1,112.4,PM25,TIDAK SEHAT
2022-08-14,DKI2 (Kelapa Gading),56.3,46.9,8.0,21.7,46.3,29.6,56.3,PM25,SEDANG
2022-08-14,DKI3 (Jagakarsa),147.1,62.3,10.0,17.2,51.5,37.7,117.6,PM10,TIDAK SEHAT
2022-08-14,DKI4 (Lubang Buaya),63.7,83.1,25.5,29.0,39.6,22.8,99.7,PM25,SEDANG
2022-08-14,DKI5 (Kebon Jeruk),86.8,45.0,22.1,21.8,52.3,14.8,69.4,PM10,SEDANG
2022-08-15,DKI1 (Bunderan HI),82.7,51.1,16.6,34.6,36.8,35.4,66.1,PM10,SEDANG
2022-08-15,DKI2 (Kelapa Gading),123.3,52.2,23.1,9.2,34.3,16.0,98.6,PM10,SEDANG
2022-08-15,DKI3 (Jagakarsa),111.0,73.0,17.4,23.4,43.0,45.1,88.8,PM10,SEDANG
2022-08-15,DKI4 (Lubang Buaya),105.0,23.1,22.1,18.1,43.8,26.3,84.0,PM10,SEDANG
2022-08-15,DKI5 (Kebon Jeruk),127.3,66.8,21.6,18.4,71.9,27.8,101.8,PM10,TIDAK SEHAT
2022-08-16,DKI2 (Kelapa Gading),79.0,79.9,18.2,16.6,38.6,12.0,95.8,PM25,SEDANG
2022-08-16,DKI3 (Jagakarsa),146.4,75.0,17.4,32.6,84.5,31.1,117.2,PM10,TIDAK SEHAT
2022-08-16,DKI4 (Lubang Buaya),122.0,73.0,23.9,22.5,30.8,21.6,97.6,PM10,SEDANG
2022-08-16,DKI5 (Kebon Jeruk),99.3,55.5,21.2,6.7,30.2,25.6,79.4,PM10,SEDANG
2022-08-17,DKI1 (Bunderan HI),113.1,68.6,16.1,24.0,50.2,29.6,90.5,PM10,SEDANG
2022-08-17,DKI2 (Kelapa Gading),35.9,66.9,19.1,12.1,28.5,23.9,80.3,PM25,SEDANG
2022-08-17,DKI3 (Jagakarsa),79.0,51.4,21.2,24.1,65.8,40.7,63.2,PM10,SEDANG
2022-08-17,DKI4 (Lubang Buaya),122.2,95.2,15.2,11.2,36.1,12.2,114.2,PM25,TIDAK SEHAT
2022-08-17,DKI5 (Kebon Jeruk),128.3,109.8,15.0,7.9,54.3,22.4,131.7,PM25,TIDAK SEHAT
2022-08-18,DKI1 (Bunderan HI),81.1,82.2,15.1,23.3,60.3,24.7,98.6,PM25,SEDANG
2022-08-18,DKI2 (Kelapa Gading),100.6,66.8,14.1,23.0,60.5,15.2,80.5,PM10,SEDANG
2022-08-18,DKI3 (Jagakarsa),86.6,62.3,15.1,15.8,55.3,28.1,74.7,PM25,SEDANG
2022-08-18,DKI4 (Lubang Buaya),48.4,71.5,23.4,14.2,70.0,28.6,85.8,PM25,SEDANG
2022-08-18,DKI5 (Kebon Jeruk),82.9,46.0,18.4,18.9,46.3,38.9,66.3,PM10,SEDANG
2022-08-19,DKI1 (Bunderan HI),135.4,55.8,19.9,22.6,63.7,23.1,108.3,PM10,TIDAK SEHAT
2022-08-19,DKI2 (Kelapa Gading),146.3,96.8,18.0,24.9,64.2,24.2,117.0,PM10,TIDAK SEHAT
2022-08-19,DKI3 (Jagakarsa),103.6,76.8,19.3,31.2,59.3,37.3,92.2,PM25,SEDANG
2022-08-19,DKI4 (Lubang Buaya),80.5,58.7,15.4,20.5,50.9,12.6,70.4,PM25,SEDANG
2022-08-19,DKI5 (Kebon Jeruk),140.7,67.0,17.4,21.5,54.8,21.8,112.6,PM10,TIDAK SEHAT
2022-08-20,DKI1 (Bunderan HI),70.0,73.4,18.9,23.6,42.6,26.8,88.1,PM25,SEDANG
2022-08-20,DKI2 (Kelapa Gading),39.7,106.5,22.5,17.7,83.1,22.7,127.9,PM25,TIDAK SEHAT
2022-08-20,DKI3 (Jagakarsa),68.7,36.2,12.3,27.1,58.0,34.5,55.0,PM10,SEDANG
2022-08-20,DKI4 (Lubang Buaya),143.3,95.7,15.2,21.1,42.9,29.5,114.8,PM25,TIDAK SEHAT
2022-08-20,DKI5 (Kebon Jeruk),75.9,77.0,13.4,24.4,32.3,21.9,92.4,PM25,SEDANG
2022-08-21,DKI1 (Bunderan HI),79.7,49.6,18.1,11.3,39.9,19.1,63.8,PM10,SEDANG
2022-08-21,DKI2 (Kelapa Gading),127.4,55.1,17.0,16.9,46.7,28.5,101.9,PM10,TIDAK SEHAT
2022-08-21,DKI3 (Jagakarsa),129.0,79.6,28.5,26.8,62.7,16.8,103.2,PM10,TIDAK SEHAT
2022-08-21,DKI4 (Lubang Buaya),100.4,74.8,22.1,29.3,49.0,31.7,89.8,PM25,SEDANG
2022-08-21,DKI5 (Kebon Jeruk),104.2,79.8,9.1,31.9,65.2,21.2,95.8,PM25,SEDANG
2022-08-22,DKI1 (Bunderan HI),126.0,80.9,26.4,20.1,44.1,28.2,100.8,PM10,TIDAK SEHAT
2022-08-22,DKI2 (Kelapa Gading),101.0,96.3,16.8,23.7,48.3,25.9,115.6,PM25,TIDAK SEHAT
2022-08-22,DKI3 (Jagakarsa),111.5,45.5,19.2,13.2,66.4,33.8,89.2,PM10,SEDANG
2022-08-22,DKI4 (Lubang Buaya),92.8,82.8,17.8,25.6,58.1,21.2,99.4,PM25,SEDANG
2022-08-22,DKI5 (Kebon Jeruk),78.9,92.5,25.3,21.8,48.5,26.8,111.0,PM25,TIDAK SEHAT
2022-08-23,DKI1 (Bunderan HI),102.9,44.8,21.7,22.1,51.2,20.1,82.4,PM10,SEDANG
2022-08-23,DKI2 (Kelapa Gading),112.3,67.1,21.0,24.2,64.2,10.5,89.8,PM10,SEDANG
2022-08-23,DKI3 (Jagakarsa),114.2,82.3,20.9,29.8,46.2,27.3,98.8,PM25,SEDANG
2022-08-23,DKI4 (Lubang Buaya),87.0,103.4,16.0,20.2,62.8,19.2,124.1,PM25,TIDAK SEHAT
2022-08-23,DKI5 (Kebon Jeruk),77.0,96.0,24.4,24.9,50.4,30.6,115.2,PM25,TIDAK SEHAT
2022-08-24,DKI1 (Bunderan HI),71.5,40.0,12.4,19.9,59.8,20.2,57.2,PM10,SEDANG
2022-08-24,DKI2 (Kelapa Gading),99.3,59.3,21.5,21.1,50.5,14.0,79.5,PM10,SEDANG
2022-08-24,DKI3 (Jagakarsa),97.6,61.0,9.1,20.1,52.9,18.5,78.1,PM10,SEDANG
2022-08-24,DKI4 (Lubang Buaya),113.9,87.7,29.1,20.6,45.8,18.4,105.3,PM25,TIDAK SEHAT
2022-08-24,DKI5 (Kebon Jeruk),121.0,33.7,25.0,16.3,64.9,14.9,96.8,PM10,SEDANG
2022-08-25,DKI1 (Bunderan HI),136.7,75.6,17.8,22.3,51.7,26.6,109.3,PM10,TIDAK SEHAT
2022-08-25,DKI2 (Kelapa Gading),66.4,72.6,19.1,15.2,53.4,31.0,87.1,PM25,SEDANG
2022-08-25,DKI3 (Jagakarsa),96.3,83.2,19.5,24.7,45.6,33.4,99.9,PM25,SEDANG
2022-08-25,DKI4 (Lubang Buaya),104.6,58.8,22.6,22.6,52.8,32.1,83.7,PM10,SEDANG
2022-08-25,DKI5 (Kebon Jeruk),114.5,75.9,18.0,16.9,52.9,16.8,91.6,PM10,SEDANG
2022-08-26,DKI1 (Bunderan HI),135.1,53.1,24.7,21.0,49.9,31.4,108.1,PM10,TIDAK SEHAT
2022-08-26,DKI2 (Kelapa Gading),154.3,74.3,21.0,23.9,50.5,28.6,123.4,PM10,TIDAK SEHAT
2022-08-26,DKI3 (Jagakarsa),100.3,74.5,11.1,28.9,47.2,17.6,89.4,PM25,SEDANG
2022-08-26,DKI4 (Lubang Buaya),118.8,68.9,16.4,18.5,43.5,28.7,95.0,PM10,SEDANG
2022-08-26,DKI5 (Kebon Jeruk),113.5,82.3,21.0,22.7,47.2,35.8,98.7,PM25,SEDANG
2022-08-27,DKI1 (Bunderan HI),91.2,72.7,24.9,27.7,61.5,19.1,87.3,PM25,SEDANG
2022-08-27,DKI2 (Kelapa Gading),155.7,62.6,12.4,24.4,53.8,20.6,124.6,PM10,TIDAK SEHAT
2022-08-27,DKI3 (Jagakarsa),79.2,90.4,23.7,12.3,66.6,24.4,108.5,PM25,TIDAK SEHAT
2022-08-27,DKI4 (Lubang Buaya),79.6,61.6,21.4,14.1,52.2,13.6,74.0,PM25,SEDANG
2022-08-27,DKI5 (Kebon Jeruk),106.7,60.2,23.5,24.2,48.9,20.9,85.4,PM10,SEDANG
2022-08-28,DKI1 (Bunderan HI),150.9,68.1,15.1,21.6,72.3,27.1,120.7,PM10,TIDAK SEHAT
2022-08-28,DKI2 (Kelapa Gading),137.0,51.9,19.2,18.6,72.6,31.6,109.6,PM10,TIDAK SEHAT
2022-08-28,DKI3 (Jagakarsa),129.9,64.2,26.0,20.3,66.3,36.9,103.9,PM10,TIDAK SEHAT
2022-08-28,DKI4 (Lubang Buaya),135.5,73.5,10.8,29.1,37.5,20.8,108.4,PM10,TIDAK SEHAT
2022-08-28,DKI5 (Kebon Jeruk),114.5,65.8,24.0,11.4,54.4,22.0,91.6,PM10,SEDANG
2022-08-29,DKI1 (Bunderan HI),103.3,120.2,18.0,19.0,78.6,17.4,144.2,PM25,TIDAK SEHAT
2022-08-29,DKI2 (Kelapa Gading),138.8,73.5,22.3,18.6,55.5,28.9,111.0,PM10,TIDAK SEHAT
2022-08-29,DKI3 (Jagakarsa),117.7,70.8,27.5,6.2,57.9,36.7,94.1,PM10,SEDANG
2022-08-29,DKI4 (Lubang Buaya),121.6,51.6,20.1,34.8,37.6,20.0,97.2,PM10,SEDANG
2022-08-29,DKI5 (Kebon Jeruk),113.4,88.3,20.5,31.7,55.8,26.4,105.9,PM25,TIDAK SEHAT
2022-08-30,DKI1 (Bunderan HI),108.5,59.2,21.3,24.5,61.9,32.9,86.8,PM10,SEDANG
2022-08-30,DKI2 (Kelapa Gading),106.4,65.4,22.2,10.5,37.0,34.3,85.1,PM10,SEDANG
2022-08-30,DKI3 (Jagakarsa),85.8,69.2,19.9,28.4,48.2,29.1,83.0,PM25,SEDANG
2022-08-30,DKI5 (Kebon Jeruk),89.5,56.3,16.0,19.8,46.4,23.3,71.6,PM10,SEDANG
2022-08-31,DKI1 (Bunderan HI),116.8,84.9,12.6,14.7,43.6,25.1,101.9,PM25,TIDAK SEHAT
2022-08-31,DKI2 (Kelapa Gading),123.7,58.8,25.1,24.5,59.4,31.0,99.0,PM10,SEDANG
2022-08-31,DKI3 (Jagakarsa),134.4,76.6,11.6,36.6,45.8,35.2,107.5,PM10,TIDAK SEHAT
2022-08-31,DKI4 (Lubang Buaya),55.4,58.9,17.4,28.5,62.3,29.1,70.7,PM25,SEDANG
2022-08-31,DKI5 (Kebon Jeruk),159.8,100.9,23.3,19.1,54.2,16.8,127.8,PM10,TIDAK SEHAT
2022-09-01,DKI1 (Bunderan HI),130.3,53.2,16.6,20.3,58.2,23.0,104.3,PM10,TIDAK SEHAT
2022-09-01,DKI2 (Kelapa Gading),101.2,66.0,22.1,28.9,56.4,24.4,80.9,PM10,SEDANG
2022-09-01,DKI3 (Jagakarsa),108.8,29.4,20.2,9.6,59.1,36.5,87.1,PM10,SEDANG
2022-09-01,DKI4 (Lubang Buaya),87.6,46.2,19.0,14.0,43.6,35.1,70.1,PM10,SEDANG
2022-09-01,DKI5 (Kebon Jeruk),109.6,38.8,24.0,18.1,71.2,18.4,87.6,PM10,SEDANG
2022-09-02,DKI1 (Bunderan HI),135.6,103.7,19.9,27.2,54.5,29.3,124.5,PM25,TIDAK SEHAT
2022-09-02,DKI2 (Kelapa Gading),146.4,41.0,11.8,7.1,70.7,18.1,117.2,PM10,TIDAK SEHAT
2022-09-02,DKI3 (Jagakarsa),131.2,105.3,28.5,17.8,57.9,27.1,126.4,PM25,TIDAK SEHAT
2022-09-02,DKI4 (Lubang Buaya),131.6,45.0,28.0,24.6,88.5,23.0,105.3,PM10,TIDAK SEHAT
2022-09-02,DKI5 (Kebon Jeruk),125.6,74.0,15.5,16.6,55.9,12.0,100.5,PM10,TIDAK SEHAT
2022-09-03,DKI1 (Bunderan HI),102.2,88.2,14.7,15.9,46.6,21.1,105.8,PM25,TIDAK SEHAT
2022-09-03,DKI2 (Kelapa Gading),93.3,21.9,24.4,32.3,40.2,21.2,74.6,PM10,SEDANG
2022-09-03,DKI3 (Jagakarsa),125.3,92.7,12.0,18.6,68.0,32.8,111.3,PM25,TIDAK SEHAT
2022-09-03,DKI4 (Lubang Buaya),62.2,55.9,19.3,24.3,48.0,18.3,67.1,PM25,SEDANG
2022-09-03,DKI5 (Kebon Jeruk),103.2,74.7,9.7,12.4,58.8,25.5,89.7,PM25,SEDANG
2022-09-04,DKI3 (Jagakarsa),104.5,77.0,21.1,20.9,52.6,19.8,92.3,PM25,SEDANG
2022-09-04,DKI4 (Lubang Buaya),102.1,68.9,19.7,9.3,51.7,27.3,82.7,PM25,SEDANG
2022-09-04,DKI5 (Kebon Jeruk),103.5,94.4,17.0,22.0,63.0,22.1,113.3,PM25,TIDAK SEHAT
2022-09-05,DKI1 (Bunderan HI),168.4,61.9,10.4,13.9,52.0,26.5,134.7,PM10,TIDAK SEHAT
2022-09-05,DKI2 (Kelapa Gading),91.2,89.8,22.4,23.7,63.6,32.5,107.7,PM25,TIDAK SEHAT
2022-09-05,DKI3 (Jagakarsa),96.9,68.1,12.4,35.5,48.9,10.4,81.7,PM25,SEDANG
2022-09-05,DKI4 (Lubang Buaya),99.4,59.0,21.9,25.9,65.1,23.6,79.5,PM10,SEDANG
2022-09-05,DKI5 (Kebon Jeruk),120.9,27.2,16.8,31.8,74.8,19.0,96.7,PM10,SEDANG
2022-09-06,DKI1 (Bunderan HI),108.1,62.7,11.0,22.9,49.2,16.4,86.5,PM10,SEDANG
2022-09-06,DKI2 (Kelapa Gading),69.8,83.6,10.0,25.2,65.6,20.6,100.4,PM25,TIDAK SEHAT
2022-09-06,DKI3 (Jagakarsa),122.8,38.3,21.9,26.0,56.6,27.5,98.2,PM10,SEDANG
2022-09-06,DKI4 (Lubang Buaya),111.5,45.1,19.9,23.7,61.0,24.0,89.2,PM10,SEDANG
2022-09-06,DKI5 (Kebon Jeruk),105.6,78.8,2.0,26.8,49.4,24.6,94.5,PM25,SEDANG
2022-09-07,DKI1 (Bunderan HI),84.8,85.8,22.8,22.9,42.3,17.1,103.0,PM25,TIDAK SEHAT
2022-09-07,DKI2 (Kelapa Gading),105.9,41.7,22.5,22.7,50.5,20.1,84.7,PM10,SEDANG
2022-09-07,DKI3 (Jagakarsa),116.8,64.5,19.3,14.8,41.8,37.8,93.4,PM10,SEDANG
2022-09-07,DKI4 (Lubang Buaya),134.9,59.3,13.9,17.0,47.8,20.7,107.9,PM10,TIDAK SEHAT
2022-09-07,DKI5 (Kebon Jeruk),121.2,103.1,29.0,34.2,44.4,31.0,123.7,PM25,TIDAK SEHAT
2022-09-08,DKI1 (Bunderan HI),118.1,66.2,19.3,26.2,60.4,26.5,94.5,PM10,SEDANG
2022-09-08,DKI2 (Kelapa Gading),120.4,68.3,14.6,18.8,24.2,30.8,96.3,PM10,SEDANG
2022-09-08,DKI3 (Jagakarsa),87.0,66.3,18.6,24.8,60.4,30.4,79.5,PM25,SEDANG
2022-09-08,DKI4 (Lubang Buaya),101.7,44.9,18.3,18.5,62.4,27.0,81.4,PM10,SEDANG
2022-09-08,DKI5 (Kebon Jeruk),82.8,75.0,13.4,19.6,53.2,11.3,89.9,PM25,SEDANG
2022-09-09,DKI1 (Bunderan HI),141.1,54.8,13.4,20.8,43.8,42.1,112.8,PM10,TIDAK SEHAT
2022-09-09,DKI2 (Kelapa Gading),124.5,41.2,22.7,13.9,58.0,33.5,99.6,PM10,SEDANG
2022-09-09,DKI3 (Jagakarsa),102.7,46.7,17.6,15.3,27.6,31.2,82.2,PM10,SEDANG
2022-09-09,DKI4 (Lubang Buaya),121.8,48.8,21.8,21.9,46.3,27.3,97.5,PM10,SEDANG
2022-09-09,DKI5 (Kebon Jeruk),100.8,35.6,28.2,32.4,67.5,23.5,80.6,PM10,SEDANG
2022-09-10,DKI1 (Bunderan HI),143.8,57.5,11.7,16.4,70.7,16.4,115.0,PM10,TIDAK SEHAT
2022-09-10,DKI2 (Kelapa Gading),79.7,58.8,12.6,23.4,72.7,38.7,70.5,PM25,SEDANG
2022-09-10,DKI3 (Jagakarsa),114.6,70.5,17.9,21.7,48.3,16.0,91.6,PM10,SEDANG
2022-09-10,DKI4 (Lubang Buaya),159.5,51.2,25.6,25.6,58.7,35.2,127.6,PM10,TIDAK SEHAT
2022-09-10,DKI5 (Kebon Jeruk),107.5,70.9,12.3,13.3,38.3,32.9,86.0,PM10,SEDANG
2022-09-11,DKI1 (Bunderan HI),86.6,57.0,24.9,16.3,68.6,18.0,69.2,PM10,SEDANG
2022-09-11,DKI2 (Kelapa Gading),151.4,56.0,12.0,13.0,57.4,43.7,121.1,PM10,TIDAK SEHAT
2022-09-11,DKI3 (Jagakarsa),113.5,81.1,12.5,30.2,64.2,16.9,97.4,PM25,SEDANG
2022-09-11,DKI4 (Lubang Buaya),106.1,70.7,9.0,21.8,44.8,26.4,84.9,PM25,SEDANG
2022-09-11,DKI5 (Kebon Jeruk),110.6,90.6,14.6,21.8,59.9,27.8,108.7,PM25,TIDAK SEHAT
2022-09-12,DKI1 (Bunderan HI),97.0,78.8,24.7,23.3,63.6,21.6,94.5,PM25,SEDANG
2022-09-12,DKI2 (Kelapa Gading),85.3,102.3,24.8,19.2,54.9,18.6,122.8,PM25,TIDAK SEHAT
2022-09-12,DKI3 (Jagakarsa),138.3,70.0,22.8,29.1,53.2,14.6,110.6,PM10,TIDAK SEHAT
2022-09-12,DKI4 (Lubang Buaya),105.3,76.0,13.3,19.9,38.6,26.5,91.2,PM25,SEDANG
2022-09-12,DKI5 (Kebon Jeruk),124.9,72.9,18.8,25.2,62.1,20.2,99.9,PM10,SEDANG
2022-09-13,DKI1 (Bunderan HI),115.2,59.4,11.3,27.7,51.2,26.7,92.1,PM10,SEDANG
2022-09-13,DKI2 (Kelapa Gading),139.8,66.1,19.7,21.4,25.9,26.2,111.8,PM10,TIDAK SEHAT
2022-09-13,DKI3 (Jagakarsa),88.8,64.3,12.1,16.9,40.6,19.1,77.1,PM25,SEDANG
2022-09-13,DKI4 (Lubang Buaya),104.7,70.5,20.4,23.6,67.3,15.0,84.6,PM25,SEDANG
2022-09-13,DKI5 (Kebon Jeruk),115.2,31.5,15.1,12.2,67.8,36.2,92.2,PM10,SEDANG
2022-09-14,DKI1 (Bunderan HI),108.8,55.6,16.7,17.1,60.1,12.7,87.0,PM10,SEDANG
2022-09-14,DKI2 (Kelapa Gading),133.4,38.1,5.3,14.9,48.0,27.8,106.8,PM10,TIDAK SEHAT
2022-09-14,DKI3 (Jagakarsa),137.1,90.2,16.1,27.4,68.4,32.0,109.7,PM10,TIDAK SEHAT
2022-09-14,DKI4 (Lubang Buaya),42.8,49.1,16.9,33.1,60.3,21.2,58.9,PM25,SEDANG
2022-09-14,DKI5 (Kebon Jeruk),96.1,57.8,14.0,26.6,63.8,16.6,76.9,PM10,SEDANG
2022-09-15,DKI1 (Bunderan HI),66.8,58.3,14.9,23.4,74.9,18.5,69.9,PM25,SEDANG
2022-09-15,DKI2 (Kelapa Gading),127.8,79.7,9.3,18.1,41.4,29.9,102.3,PM10,TIDAK SEHAT
2022-09-15,DKI3 (Jagakarsa),100.9,65.0,16.4,23.9,45.9,20.9,80.7,PM10,SEDANG
2022-09-15,DKI4 (Lubang Buaya),89.3,51.0,16.6,23.6,36.7,29.1,71.5,PM10,SEDANG
2022-09-15,DKI5 (Kebon Jeruk),64.0,64.7,23.7,30.3,61.9,13.1,77.6,PM25,SEDANG
2022-09-16,DKI1 (Bunderan HI),105.1,101.6,25.0,21.4,70.2,23.2,121.9,PM25,TIDAK SEHAT
2022-09-16,DKI2 (Kelapa Gading),124.8,44.2,8.3,17.0,57.4,17.1,99.8,PM10,SEDANG
2022-09-16,DKI3 (Jagakarsa),97.7,33.6,12.6,12.3,43.9,9.2,78.1,PM10,SEDANG
2022-09-16,DKI4 (Lubang Buaya),97.7,67.9,19.8,28.9,42.7,17.3,81.4,PM25,SEDANG
2022-09-16,DKI5 (Kebon Jeruk),88.4,76.0,19.7,19.2,74.1,23.6,91.2,PM25,SEDANG
2022-09-17,DKI1 (Bunderan HI),97.8,60.1,17.6,17.9,17.1,27.4,78.3,PM10,SEDANG
2022-09-17,DKI2 (Kelapa Gading),127.4,90.7,18.1,9.3,61.0,13.4,108.8,PM25,TIDAK SEHAT
2022-09-17,DKI3 (Jagakarsa),134.5,86.1,10.0,26.4,52.7,15.8,107.6,PM10,TIDAK SEHAT
2022-09-17,DKI4 (Lubang Buaya),117.5,52.6,5.8,29.5,59.4,29.4,94.0,PM10,SEDANG
2022-09-17,DKI5 (Kebon Jeruk),151.0,72.1,22.8,27.3,49.4,22.0,120.8,PM10,TIDAK SEHAT
2022-09-18,DKI2 (Kelapa Gading),110.3,85.9,16.7,14.4,61.3,35.0,103.1,PM25,TIDAK SEHAT
2022-09-18,DKI3 (Jagakarsa),117.3,46.6,28.4,25.5,51.3,28.2,93.8,PM10,SEDANG
2022-09-18,DKI5 (Kebon Jeruk),101.4,30.6,22.1,27.8,71.3,23.8,81.1,PM10,SEDANG
2022-09-19,DKI1 (Bunderan HI),124.9,70.0,26.4,20.6,52.7,21.2,99.9,PM10,SEDANG
2022-09-19,DKI2 (Kelapa Gading),110.8,82.6,27.1,20.7,50.0,10.4,99.1,PM25,SEDANG
2022-09-19,DKI3 (Jagakarsa),103.9,45.3,31.0,23.0,37.4,23.1,83.1,PM10,SEDANG
2022-09-19,DKI4 (Lubang Buaya),122.4,87.6,19.8,28.9,58.2,20.8,105.1,PM25,TIDAK SEHAT
2022-09-19,DKI5 (Kebon Jeruk),76.1,45.5,18.1,22.1,28.0,13.7,60.9,PM10,SEDANG
2022-09-20,DKI1 (Bunderan HI),117.0,55.3,17.3,20.8,39.4,20.8,93.6,PM10,SEDANG
2022-09-20,DKI2 (Kelapa Gading),117.3,74.8,19.5,31.6,74.3,24.5,93.8,PM10,SEDANG
2022-09-20,DKI3 (Jagakarsa),90.2,87.3,13.7,17.1,50.0,32.0,104.8,PM25,TIDAK SEHAT
2022-09-20,DKI4 (Lubang Buaya),94.9,95.3,27.0,11.5,43.4,31.3,114.4,PM25,TIDAK SEHAT
2022-09-20,DKI5 (Kebon Jeruk),104.8,86.6,11.8,17.4,67.5,19.8,104.0,PM25,TIDAK SEHAT
2022-09-21,DKI1 (Bunderan HI),83.4,59.5,25.5,24.9,50.0,17.4,71.4,PM25,SEDANG
2022-09-21,DKI2 (Kelapa Gading),94.6,59.8,23.4,16.6,42.5,26.9,75.7,PM10,SEDANG
2022-09-21,DKI3 (Jagakarsa),154.8,77.2,21.3,23.8,67.3,15.3,123.8,PM10,TIDAK SEHAT
2022-09-21,DKI4 (Lubang Buaya),65.6,84.0,17.0,19.2,53.0,27.0,100.8,PM25,TIDAK SEHAT
2022-09-21,DKI5 (Kebon Jeruk),141.8,79.0,16.8,24.3,54.2,17.4,113.5,PM10,TIDAK SEHAT
2022-09-22,DKI1 (Bunderan HI),73.5,94.6,20.7,18.8,72.0,27.7,113.5,PM25,TIDAK SEHAT
2022-09-22,DKI3 (Jagakarsa),125.0,80.3,18.9,21.3,67.2,25.0,100.0,PM10,TIDAK SEHAT
2022-09-22,DKI4 (Lubang Buaya),155.9,82.5,21.8,23.7,44.1,15.1,124.7,PM10,TIDAK SEHAT
2022-09-22,DKI5 (Kebon Jeruk),111.5,52.9,25.3,11.1,41.4,26.8,89.2,PM10,SEDANG
2022-09-23,DKI1 (Bunderan HI),127.6,38.1,10.6,14.9,67.3,25.5,102.1,PM10,TIDAK SEHAT
2022-09-23,DKI2 (Kelapa Gading),142.9,66.6,17.6,26.2,73.9,19.6,114.3,PM10,TIDAK SEHAT
2022-09-23,DKI3 (Jagakarsa),108.6,64.4,14.4,29.0,50.1,24.0,86.9,PM10,SEDANG
2022-09-23,DKI4 (Lubang Buaya),119.9,88.6,25.3,15.9,64.7,25.9,106.4,PM25,TIDAK SEHAT
2022-09-23,DKI5 (Kebon Jeruk),118.5,47.5,24.2,25.1,45.8,12.3,94.8,PM10,SEDANG
2022-09-24,DKI1 (Bunderan HI),104.0,77.1,11.5,6.8,54.1,19.8,92.5,PM25,SEDANG
2022-09-24,DKI2 (Kelapa Gading),77.0,56.1,18.9,15.3,79.1,27.8,71.2,O3,SEDANG
2022-09-24,DKI3 (Jagakarsa),138.6,73.3,10.5,25.3,53.8,25.4,110.9,PM10,TIDAK SEHAT
2022-09-24,DKI4 (Lubang Buaya),93.7,59.8,25.6,20.6,43.4,19.0,75.0,PM10,SEDANG
2022-09-24,DKI5 (Kebon Jeruk),138.1,90.8,20.5,24.2,68.9,24.5,110.5,PM10,TIDAK SEHAT
2022-09-25,DKI1 (Bunderan HI),95.7,26.3,16.7,21.3,69.6,21.6,76.6,PM10,SEDANG
2022-09-25,DKI2 (Kelapa Gading),101.2,34.9,21.1,25.9,52.9,24.4,80.9,PM10,SEDANG
2022-09-25,DKI3 (Jagakarsa),165.5,118.2,19.5,15.1,36.6,29.7,141.8,PM25,TIDAK SEHAT
2022-09-25,DKI4 (Lubang Buaya),154.0,94.2,23.2,21.9,40.5,33.6,123.2,PM10,TIDAK SEHAT
2022-09-25,DKI5 (Kebon Jeruk),81.7,58.8,12.2,10.9,38.5,15.2,70.5,PM25,SEDANG
2022-09-26,DKI1 (Bunderan HI),110.4,54.8,28.1,15.8,38.1,36.2,88.3,PM10,SEDANG
2022-09-26,DKI2 (Kelapa Gading),150.4,54.9,23.1,30.2,38.6,25.2,120.3,PM10,TIDAK SEHAT
2022-09-26,DKI4 (Lubang Buaya),68.0,62.2,18.9,23.9,52.8,21.5,74.7,PM25,SEDANG
2022-09-26,DKI5 (Kebon Jeruk),95.6,41.4,24.5,33.3,70.3,31.9,76.5,PM10,SEDANG
2022-09-27,DKI1 (Bunderan HI),121.3,75.3,25.1,15.3,64.6,25.0,97.0,PM10,SEDANG
2022-09-27,DKI2 (Kelapa Gading),95.8,56.4,18.9,22.3,62.3,22.8,76.7,PM10,SEDANG
2022-09-27,DKI3 (Jagakarsa),110.0,80.6,15.3,25.0,67.2,29.8,96.7,PM25,SEDANG
2022-09-27,DKI4 (Lubang Buaya),121.9,37.7,17.1,23.1,61.4,13.3,97.5,PM10,SEDANG
2022-09-27,DKI5 (Kebon Jeruk),106.8,82.5,26.2,17.1,43.2,23.0,99.0,PM25,SEDANG
2022-09-28,DKI1 (Bunderan HI),190.1,90.9,25.0,18.2,58.5,28.0,152.1,PM10,TIDAK SEHAT
2022-09-28,DKI2 (Kelapa Gading),121.5,42.9,9.5,28.3,40.1,23.3,97.2,PM10,SEDANG
2022-09-28,DKI3 (Jagakarsa),86.7,50.6,15.7,17.7,68.6,28.5,69.4,PM10,SEDANG
2022-09-28,DKI4 (Lubang Buaya),109.9,61.1,19.0,24.7,36.8,25.4,87.9,PM10,SEDANG
2022-09-28,DKI5 (Kebon Jeruk),116.1,62.1,11.3,16.2,63.8,24.9,92.9,PM10,SEDANG
2022-09-29,DKI1 (Bunderan HI),115.2,55.1,23.7,20.1,42.1,26.4,92.1,PM10,SEDANG
2022-09-29,DKI2 (Kelapa Gading),77.2,70.6,21.8,11.2,66.8,10.5,84.7,PM25,SEDANG
2022-09-29,DKI3 (Jagakarsa),130.3,70.3,21.9,15.6,34.0,28.9,104.2,PM10,TIDAK SEHAT
2022-09-29,DKI4 (Lubang Buaya),71.9,72.7,24.7,21.2,54.3,20.2,87.3,PM25,SEDANG
2022-09-29,DKI5 (Kebon Jeruk),136.8,64.0,20.7,10.9,48.7,22.5,109.5,PM10,TIDAK SEHAT
2022-09-30,DKI1 (Bunderan HI),94.1,61.0,18.0,22.1,42.6,30.7,75.3,PM10,SEDANG
2022-09-30,DKI2 (Kelapa Gading),95.9,110.9,27.9,22.8,52.2,26.6,133.1,PM25,TIDAK SEHAT
2022-09-30,DKI3 (Jagakarsa),101.9,64.8,23.2,16.0,50.5,26.8,81.5,PM10,SEDANG
2022-09-30,DKI4 (Lubang Buaya),92.0,68.7,15.6,26.5,50.6,29.4,82.4,PM25,SEDANG
2022-09-30,DKI5 (Kebon Jeruk),88.2,52.8,26.0,12.5,48.1,23.0,70.5,PM10,SEDANG
2022-10-01,DKI1 (Bunderan HI),35.7,46.5,3.8,17.8,43.2,2.4,55.8,PM25,SEDANG
2022-10-01,DKI2 (Kelapa Gading),77.2,46.1,11.9,11.3,48.3,10.4,61.8,PM10,SEDANG
2022-10-01,DKI3 (Jagakarsa),99.4,70.6,11.3,12.3,43.0,26.3,84.7,PM25,SEDANG
2022-10-01,DKI4 (Lubang Buaya),41.4,45.0,13.4,19.9,41.7,21.1,54.0,PM25,SEDANG
2022-10-01,DKI5 (Kebon Jeruk),88.4,49.7,16.8,16.8,44.6,18.7,70.7,PM10,SEDANG
2022-10-02,DKI1 (Bunderan HI),73.8,67.8,20.5,15.6,28.7,25.3,81.3,PM25,SEDANG
2022-10-02,DKI2 (Kelapa Gading),62.1,76.5,20.1,17.2,32.0,19.6,91.8,PM25,SEDANG
2022-10-02,DKI3 (Jagakarsa),80.4,44.7,21.8,19.7,51.0,9.9,64.3,PM10,SEDANG
2022-10-02,DKI4 (Lubang Buaya),119.8,35.2,13.1,17.2,50.7,27.0,95.8,PM10,SEDANG
2022-10-03,DKI1 (Bunderan HI),94.9,63.5,2.7,23.3,45.3,17.9,76.2,PM25,SEDANG
2022-10-03,DKI2 (Kelapa Gading),92.0,54.7,16.8,10.8,40.2,11.8,73.6,PM10,SEDANG
2022-10-03,DKI3 (Jagakarsa),101.3,61.4,11.8,7.2,18.7,22.2,81.0,PM10,SEDANG
2022-10-03,DKI4 (Lubang Buaya),100.6,44.1,10.5,5.6,12.2,28.1,80.5,PM10,SEDANG
2022-10-03,DKI5 (Kebon Jeruk),75.6,60.1,16.7,11.5,37.9,28.6,72.1,PM25,SEDANG
2022-10-04,DKI1 (Bunderan HI),70.7,52.6,16.1,23.2,52.0,10.8,63.1,PM25,SEDANG
2022-10-04,DKI2 (Kelapa Gading),101.5,37.3,11.0,10.7,44.0,17.2,81.2,PM10,SEDANG
2022-10-04,DKI4 (Lubang Buaya),134.8,78.4,11.1,10.0,38.2,21.8,107.8,PM10,TIDAK SEHAT
2022-10-04,DKI5 (Kebon Jeruk),81.5,63.0,5.0,25.0,66.8,6.4,75.5,PM25,SEDANG
2022-10-05,DKI1 (Bunderan HI),100.1,54.2,16.6,3.7,18.3,18.7,80.1,PM10,SEDANG
2022-10-05,DKI2 (Kelapa Gading),68.2,40.9,15.8,24.2,28.7,19.1,54.5,PM10,SEDANG
2022-10-05,DKI3 (Jagakarsa),64.7,54.6,12.7,20.5,24.6,23.4,65.5,PM25,SEDANG
2022-10-05,DKI4 (Lubang Buaya),63.9,33.5,11.8,24.7,44.3,19.9,51.1,PM10,SEDANG
2022-10-05,DKI5 (Kebon Jeruk),108.3,5.0,7.6,15.9,51.3,21.4,86.7,PM10,SEDANG
2022-10-06,DKI1 (Bunderan HI),92.2,54.1,23.3,24.1,43.4,21.2,73.8,PM10,SEDANG
2022-10-06,DKI2 (Kelapa Gading),91.0,5.0,9.3,16.0,53.9,21.0,72.8,PM10,SEDANG
2022-10-06,DKI3 (Jagakarsa),99.4,35.3,11.9,6.1,50.2,14.9,79.5,PM10,SEDANG
2022-10-06,DKI4 (Lubang Buaya),60.8,57.3,19.9,21.0,43.4,11.4,68.8,PM25,SEDANG
2022-10-06,DKI5 (Kebon Jeruk),84.0,57.5,11.6,21.2,30.5,10.1,69.0,PM25,SEDANG
2022-10-07,DKI1 (Bunderan HI),64.0,39.9,16.1,24.9,53.4,14.0,51.2,PM10,SEDANG
2022-10-07,DKI2 (Kelapa Gading),65.0,38.9,11.5,22.3,57.5,27.6,52.0,PM10,SEDANG
2022-10-07,DKI3 (Jagakarsa),99.8,58.9,19.2,16.9,41.3,20.0,79.8,PM10,SEDANG
2022-10-07,DKI4 (Lubang Buaya),68.4,63.4,9.5,15.5,62.1,27.8,76.0,PM25,SEDANG
2022-10-07,DKI5 (Kebon Jeruk),93.0,27.1,12.4,22.4,49.0,17.6,74.4,PM10,SEDANG
2022-10-08,DKI1 (Bunderan HI),115.9,51.2,14.1,22.4,44.3,20.3,92.7,PM10,SEDANG
2022-10-08,DKI2 (Kelapa Gading),61.6,41.0,14.0,32.4,32.1,12.5,49.2,PM10,BAIK
2022-10-08,DKI3 (Jagakarsa),86.1,85.8,20.6,13.2,35.5,20.8,103.0,PM25,TIDAK SEHAT
2022-10-08,DKI5 (Kebon Jeruk),73.1,83.6,16.6,10.2,38.5,22.0,100.3,PM25,TIDAK SEHAT
2022-10-09,DKI1 (Bunderan HI),98.5,53.7,12.7,22.1,59.7,24.3,78.8,PM10,SEDANG
2022-10-09,DKI2 (Kelapa Gading),85.4,32.1,13.4,8.1,46.3,23.0,68.3,PM10,SEDANG
2022-10-09,DKI3 (Jagakarsa),105.4,72.4,14.9,23.5,36.7,18.7,86.9,PM25,SEDANG
2022-10-09,DKI4 (Lubang Buaya),124.0,57.9,18.1,24.9,38.7,21.8,99.2,PM10,SEDANG
2022-10-09,DKI5 (Kebon Jeruk),126.0,90.3,13.0,11.1,54.7,11.0,108.4,PM25,TIDAK SEHAT
2022-10-10,DKI1 (Bunderan HI),103.9,44.9,14.0,17.6,52.9,33.1,83.2,PM10,SEDANG
2022-10-10,DKI2 (Kelapa Gading),142.0,45.6,13.8,14.8,38.3,18.7,113.6,PM10,TIDAK SEHAT
2022-10-10,DKI3 (Jagakarsa),88.0,31.2,15.5,18.1,40.4,13.1,70.4,PM10,SEDANG
2022-10-10,DKI4 (Lubang Buaya),109.6,67.2,13.0,13.1,44.6,12.3,87.7,PM10,SEDANG
2022-10-10,DKI5 (Kebon Jeruk),79.9,51.9,6.8,12.4,25.8,14.5,64.0,PM10,SEDANG
2022-10-11,DKI1 (Bunderan HI),76.4,49.4,18.8,22.4,51.0,5.5,61.1,PM10,SEDANG
2022-10-11,DKI2 (Kelapa Gading),90.6,41.3,9.5,20.9,45.7,20.5,72.5,PM10,SEDANG
2022-10-11,DKI3 (Jagakarsa),62.3,73.6,21.7,9.8,35.7,14.9,88.3,PM25,SEDANG
2022-10-11,DKI4 (Lubang Buaya),78.7,56.0,9.4,25.7,57.0,13.6,67.3,PM25,SEDANG
2022-10-11,DKI5 (Kebon Jeruk),62.1,76.0,12.3,11.2,46.3,24.8,91.3,PM25,SEDANG
2022-10-12,DKI2 (Kelapa Gading),64.4,50.2,10.5,26.1,30.5,10.3,60.3,PM25,SEDANG
2022-10-12,DKI3 (Jagakarsa),85.7,43.2,17.4,20.2,12.9,28.5,68.6,PM10,SEDANG
2022-10-12,DKI4 (Lubang Buaya),111.1,70.8,17.5,18.9,24.5,22.3,88.9,PM10,SEDANG
2022-10-12,DKI5 (Kebon Jeruk),98.6,75.8,17.1,28.5,29.6,37.3,91.0,PM25,SEDANG
2022-10-13,DKI1 (Bunderan HI),57.8,39.5,18.3,15.6,71.2,19.3,64.1,O3,SEDANG
2022-10-13,DKI2 (Kelapa Gading),90.4,61.4,14.5,20.6,26.2,30.2,73.6,PM25,SEDANG
2022-10-13,DKI3 (Jagakarsa),65.4,27.5,10.8,27.4,35.0,12.3,52.3,PM10,SEDANG
2022-10-13,DKI4 (Lubang Buaya),50.8,34.4,12.6,13.4,51.3,16.9,46.2,O3,BAIK
2022-10-13,DKI5 (Kebon Jeruk),62.0,74.3,12.0,20.7,50.4,16.4,89.1,PM25,SEDANG
2022-10-14,DKI1 (Bunderan HI),80.8,51.5,18.5,11.5,37.8,29.0,64.6,PM10,SEDANG
2022-10-14,DKI2 (Kelapa Gading),91.5,74.0,8.1,27.0,50.8,24.7,88.8,PM25,SEDANG
2022-10-14,DKI3 (Jagakarsa),62.4,71.5,7.2,18.7,41.6,24.7,85.8,PM25,SEDANG
2022-10-14,DKI4 (Lubang Buaya),91.7,72.7,18.7,26.2,44.5,13.7,87.2,PM25,SEDANG
2022-10-14,DKI5 (Kebon Jeruk),97.1,33.8,17.5,25.5,28.5,28.9,77.7,PM10,SEDANG
2022-10-15,DKI1 (Bunderan HI),68.7,22.6,10.0,28.5,33.9,2.8,55.0,PM10,SEDANG
2022-10-15,DKI3 (Jagakarsa),54.9,68.9,18.5,14.1,49.5,22.6,82.6,PM25,SEDANG
2022-10-15,DKI4 (Lubang Buaya),74.0,73.5,11.8,17.0,28.1,20.7,88.2,PM25,SEDANG
2022-10-15,DKI5 (Kebon Jeruk),107.7,45.5,12.6,3.4,54.0,14.9,86.1,PM10,SEDANG
2022-10-16,DKI1 (Bunderan HI),65.3,40.6,6.1,15.4,28.1,16.0,52.3,PM10,SEDANG
2022-10-16,DKI2 (Kelapa Gading),94.7,42.8,11.4,28.6,27.0,16.5,75.7,PM10,SEDANG
2022-10-16,DKI3 (Jagakarsa),97.7,67.7,7.8,19.4,37.5,28.9,81.3,PM25,SEDANG
2022-10-16,DKI4 (Lubang Buaya),93.9,56.0,22.4,16.9,32.7,9.5,75.1,PM10,SEDANG
2022-10-16,DKI5 (Kebon Jeruk),67.5,72.8,9.8,17.4,35.9,20.7,87.3,PM25,SEDANG
2022-10-17,DKI1 (Bunderan HI),76.8,37.7,10.1,21.9,40.6,24.3,61.5,PM10,SEDANG
2022-10-17,DKI2 (Kelapa Gading),65.7,62.6,9.8,6.3,39.6,25.2,75.1,PM25,SEDANG
2022-10-17,DKI3 (Jagakarsa),101.7,38.4,16.0,18.1,37.4,18.2,81.4,PM10,SEDANG
2022-10-17,DKI4 (Lubang Buaya),110.5,45.3,10.2,18.4,28.3,17.5,88.4,PM10,SEDANG
2022-10-17,DKI5 (Kebon Jeruk),95.3,54.4,12.7,18.1,51.0,26.9,76.3,PM10,SEDANG
2022-10-18,DKI1 (Bunderan HI),36.3,30.6,10.5,24.8,43.0,15.5,38.7,O3,BAIK
2022-10-18,DKI2 (Kelapa Gading),71.2,45.2,12.9,15.9,39.0,21.1,57.0,PM10,SEDANG
2022-10-18,DKI4 (Lubang Buaya),93.7,25.9,18.7,20.4,37.7,16.9,75.0,PM10,SEDANG
2022-10-18,DKI5 (Kebon Jeruk),82.9,75.8,15.4,28.0,36.2,15.4,91.0,PM25,SEDANG
2022-10-19,DKI1 (Bunderan HI),85.3,36.5,12.9,12.8,58.3,20.8,68.3,PM10,SEDANG
2022-10-19,DKI2 (Kelapa Gading),51.4,35.8,14.7,12.7,47.6,20.9,43.0,PM25,BAIK
2022-10-19,DKI3 (Jagakarsa),48.4,50.2,16.8,21.9,37.7,20.6,60.3,PM25,SEDANG
2022-10-19,DKI4 (Lubang Buaya),77.1,51.4,14.0,21.4,45.5,12.1,61.7,PM10,SEDANG
2022-10-19,DKI5 (Kebon Jeruk),71.5,61.3,10.5,19.1,57.9,25.9,73.5,PM25,SEDANG
2022-10-20,DKI1 (Bunderan HI),102.1,54.7,9.4,1.0,39.1,11.4,81.7,PM10,SEDANG
2022-10-20,DKI2 (Kelapa Gading),64.8,29.1,24.3,17.9,39.6,18.5,51.8,PM10,SEDANG
2022-10-20,DKI3 (Jagakarsa),66.1,47.2,13.1,15.4,44.5,21.7,56.7,PM25,SEDANG
2022-10-20,DKI4 (Lubang Buaya),65.1,63.0,13.8,26.0,38.0,25.4,75.6,PM25,SEDANG
2022-10-20,DKI5 (Kebon Jeruk),93.1,63.9,21.6,8.1,31.1,20.4,76.7,PM25,SEDANG
2022-10-21,DKI1 (Bunderan HI),129.0,57.4,15.5,10.3,42.6,16.8,103.2,PM10,TIDAK SEHAT
2022-10-21,DKI2 (Kelapa Gading),49.8,58.6,23.4,21.5,30.8,18.8,70.3,PM25,SEDANG
2022-10-21,DKI3 (Jagakarsa),68.6,76.8,18.1,25.4,46.4,17.9,92.1,PM25,SEDANG
2022-10-21,DKI4 (Lubang Buaya),53.9,59.9,10.2,11.9,48.6,25.3,71.9,PM25,SEDANG
2022-10-21,DKI5 (Kebon Jeruk),83.2,34.9,15.0,28.9,38.7,16.9,66.6,PM10,SEDANG
2022-10-22,DKI1 (Bunderan HI),82.5,42.0,16.3,22.4,36.7,8.9,66.0,PM10,SEDANG
2022-10-22,DKI2 (Kelapa Gading),127.5,76.3,20.3,23.3,35.0,13.3,102.0,PM10,TIDAK SEHAT
2022-10-22,DKI3 (Jagakarsa),117.6,37.6,4.3,19.9,47.2,33.4,94.1,PM10,SEDANG
2022-10-22,DKI5 (Kebon Jeruk),62.1,45.0,12.1,11.9,51.6,17.6,54.0,PM25,SEDANG
2022-10-23,DKI1 (Bunderan HI),44.0,17.9,4.5,28.7,56.6,16.3,50.9,O3,SEDANG
2022-10-23,DKI2 (Kelapa Gading),121.8,78.2,7.7,6.6,37.1,19.3,97.4,PM10,SEDANG
2022-10-23,DKI3 (Jagakarsa),33.6,25.3,17.4,21.2,56.0,7.3,50.4,O3,SEDANG
2022-10-23,DKI4 (Lubang Buaya),53.6,64.2,11.7,17.4,46.4,21.9,77.0,PM25,SEDANG
2022-10-23,DKI5 (Kebon Jeruk),100.1,23.4,9.2,21.7,36.5,35.8,80.0,PM10,SEDANG
2022-10-24,DKI1 (Bunderan HI),103.9,57.3,10.0,15.9,43.3,19.5,83.1,PM10,SEDANG
2022-10-24,DKI2 (Kelapa Gading),115.4,54.9,15.4,23.9,41.6,17.4,92.3,PM10,SEDANG
2022-10-24,DKI3 (Jagakarsa),85.8,34.6,7.9,14.7,45.7,28.2,68.6,PM10,SEDANG
2022-10-24,DKI4 (Lubang Buaya),68.6,74.6,5.9,16.6,49.8,12.7,89.6,PM25,SEDANG
2022-10-25,DKI1 (Bunderan HI),107.0,30.8,9.5,12.2,55.9,24.9,85.6,PM10,SEDANG
2022-10-25,DKI2 (Kelapa Gading),87.7,65.0,17.0,18.3,35.2,12.4,78.0,PM25,SEDANG
2022-10-25,DKI3 (Jagakarsa),75.8,56.5,14.6,12.4,67.9,25.0,67.8,PM25,SEDANG
2022-10-25,DKI4 (Lubang Buaya),77.3,55.0,11.5,32.5,33.3,17.1,66.1,PM25,SEDANG
2022-10-25,DKI5 (Kebon Jeruk),71.4,52.3,12.6,20.5,35.4,18.4,62.8,PM25,SEDANG
2022-10-26,DKI1 (Bunderan HI),85.0,80.8,19.3,23.0,62.8,19.4,96.9,PM25,SEDANG
2022-10-26,DKI2 (Kelapa Gading),93.0,47.8,17.1,27.4,15.4,26.1,74.4,PM10,SEDANG
2022-10-26,DKI3 (Jagakarsa),126.8,75.0,7.4,7.8,47.1,8.5,101.4,PM10,TIDAK SEHAT
2022-10-26,DKI4 (Lubang Buaya),10.0,64.4,22.1,24.0,57.9,15.8,77.3,PM25,SEDANG
2022-10-26,DKI5 (Kebon Jeruk),80.3,38.5,8.7,18.7,49.3,9.6,64.2,PM10,SEDANG
2022-10-27,DKI1 (Bunderan HI),48.2,55.1,20.8,14.7,60.1,20.5,66.2,PM25,SEDANG
2022-10-27,DKI2 (Kelapa Gading),74.1,47.3,12.0,15.7,56.2,8.3,59.3,PM10,SEDANG
2022-10-27,DKI3 (Jagakarsa),60.3,41.7,13.2,13.0,43.3,20.5,50.0,PM25,SEDANG
2022-10-27,DKI4 (Lubang Buaya),98.7,72.1,17.7,27.2,57.2,36.2,86.5,PM25,SEDANG
2022-10-27,DKI5 (Kebon Jeruk),122.5,25.7,16.7,23.8,34.7,12.6,98.0,PM10,SEDANG
2022-10-28,DKI1 (Bunderan HI),71.4,56.2,21.6,26.6,38.1,13.9,67.5,PM25,SEDANG
2022-10-28,DKI2 (Kelapa Gading),100.1,37.5,6.4,15.7,22.2,26.2,80.1,PM10,SEDANG
2022-10-28,DKI3 (Jagakarsa),83.2,40.8,17.9,17.1,23.0,16.1,66.6,PM10,SEDANG
2022-10-28,DKI4 (Lubang Buaya),49.2,54.4,15.9,26.5,43.7,12.2,65.3,PM25,SEDANG
2022-10-28,DKI5 (Kebon Jeruk),62.6,40.7,16.7,19.8,33.6,29.8,50.1,PM10,SEDANG
2022-10-29,DKI1 (Bunderan HI),117.0,65.5,11.5,5.7,31.2,19.6,93.6,PM10,SEDANG
2022-10-29,DKI2 (Kelapa Gading),66.7,51.3,13.1,17.7,32.1,28.7,61.6,PM25,SEDANG
2022-10-29,DKI3 (Jagakarsa),121.8,66.8,18.3,25.9,22.5,3.2,97.4,PM10,SEDANG
2022-10-29,DKI4 (Lubang Buaya),103.0,83.7,12.6,18.0,36.7,19.9,100.4,PM25,TIDAK SEHAT
2022-10-29,DKI5 (Kebon Jeruk),95.7,76.4,20.8,17.6,33.8,17.0,91.6,PM25,SEDANG
2022-10-30,DKI1 (Bunderan HI),81.0,76.9,13.7,22.5,62.6,20.3,92.2,PM25,SEDANG
2022-10-30,DKI2 (Kelapa Gading),98.0,45.7,17.1,21.4,47.2,9.6,78.4,PM10,SEDANG
2022-10-30,DKI3 (Jagakarsa),105.9,81.3,14.0,8.0,54.1,35.7,97.5,PM25,SEDANG
2022-10-30,DKI4 (Lubang Buaya),96.8,11.4,22.7,12.6,44.0,26.2,77.4,PM10,SEDANG
2022-10-30,DKI5 (Kebon Jeruk),115.2,62.0,17.1,20.0,31.2,13.6,92.1,PM10,SEDANG
2022-10-31,DKI1 (Bunderan HI),101.4,66.2,12.4,15.0,38.8,15.1,81.1,PM10,SEDANG
2022-10-31,DKI2 (Kelapa Gading),102.4,59.0,8.1,13.7,35.1,16.5,81.9,PM10,SEDANG
2022-10-31,DKI3 (Jagakarsa),60.1,48.1,5.8,14.9,50.4,20.8,57.8,PM25,SEDANG
2022-10-31,DKI4 (Lubang Buaya),66.0,50.7,16.1,11.6,39.0,29.4,60.8,PM25,SEDANG
2022-10-31,DKI5 (Kebon Jeruk),102.5,56.0,15.5,16.8,54.6,9.8,82.0,PM10,SEDANG
2022-11-01,DKI1 (Bunderan HI),89.9,37.1,8.9,16.6,31.7,30.1,71.9,PM10,SEDANG
2022-11-01,DKI2 (Kelapa Gading),87.8,30.3,10.5,23.1,50.1,23.5,70.2,PM10,SEDANG
2022-11-01,DKI3 (Jagakarsa),120.3,59.0,18.5,24.2,56.5,24.1,96.2,PM10,SEDANG
2022-11-01,DKI4 (Lubang Buaya),68.4,36.5,12.3,15.0,43.5,16.6,54.7,PM10,SEDANG
2022-11-01,DKI5 (Kebon Jeruk),53.3,55.5,10.9,14.9,53.9,21.3,66.5,PM25,SEDANG
2022-11-02,DKI1 (Bunderan HI),69.4,61.5,14.2,13.9,25.3,21.4,73.8,PM25,SEDANG
2022-11-02,DKI2 (Kelapa Gading),86.1,17.3,17.4,16.7,51.6,17.4,68.9,PM10,SEDANG
2022-11-02,DKI3 (Jagakarsa),101.4,47.2,19.0,15.1,36.3,24.5,81.1,PM10,SEDANG
2022-11-02,DKI4 (Lubang Buaya),160.9,59.6,14.1,20.6,58.0,26.8,128.7,PM10,TIDAK SEHAT
2022-11-02,DKI5 (Kebon Jeruk),129.2,73.4,13.2,22.3,28.1,24.3,103.3,PM10,TIDAK SEHAT
2022-11-03,DKI1 (Bunderan HI),56.0,82.3,6.3,7.6,38.5,19.7,98.8,PM25,SEDANG
2022-11-03,DKI2 (Kelapa Gading),67.1,48.5,12.3,11.5,47.4,34.8,58.2,PM25,SEDANG
2022-11-03,DKI3 (Jagakarsa),74.2,51.6,8.2,25.8,35.0,30.5,62.0,PM25,SEDANG
2022-11-03,DKI4 (Lubang Buaya),73.2,60.9,17.2,18.6,19.6,7.9,73.0,PM25,SEDANG
2022-11-03,DKI5 (Kebon Jeruk),107.1,58.6,12.2,27.7,56.5,17.9,85.7,PM10,SEDANG
2022-11-04,DKI1 (Bunderan HI),54.8,50.1,19.5,14.0,42.4,15.6,60.1,PM25,SEDANG
2022-11-04,DKI2 (Kelapa Gading),58.5,22.5,18.8,11.7,40.4,22.2,46.8,PM10,BAIK
2022-11-04,DKI3 (Jagakarsa),131.2,44.4,26.0,6.2,66.3,24.8,104.9,PM10,TIDAK SEHAT
2022-11-04,DKI4 (Lubang Buaya),56.5,47.3,19.2,15.1,49.5,6.7,56.8,PM25,SEDANG
2022-11-04,DKI5 (Kebon Jeruk),90.6,43.1,8.2,14.6,36.1,16.9,72.5,PM10,SEDANG
2022-11-05,DKI1 (Bunderan HI),100.4,37.9,10.2,13.3,35.2,27.8,80.3,PM10,SEDANG
2022-11-05,DKI2 (Kelapa Gading),97.5,50.8,6.8,21.6,41.7,8.8,78.0,PM10,SEDANG
2022-11-05,DKI3 (Jagakarsa),72.0,59.5,24.2,18.7,46.0,15.3,71.3,PM25,SEDANG
2022-11-05,DKI4 (Lubang Buaya),96.0,66.2,12.1,13.2,44.0,18.0,79.4,PM25,SEDANG
2022-11-05,DKI5 (Kebon Jeruk),92.4,90.3,22.0,17.5,24.7,15.6,108.4,PM25,TIDAK SEHAT
2022-11-06,DKI1 (Bunderan HI),107.9,57.7,3.1,14.2,52.5,16.4,86.3,PM10,SEDANG
2022-11-06,DKI2 (Kelapa Gading),69.9,52.5,7.8,12.7,24.0,6.9,62.9,PM25,SEDANG
2022-11-06,DKI3 (Jagakarsa),119.3,77.0,17.2,19.1,21.4,21.5,95.5,PM10,SEDANG
2022-11-06,DKI5 (Kebon Jeruk),47.9,17.9,3.4,9.8,31.2,22.2,38.3,PM10,BAIK
2022-11-07,DKI1 (Bunderan HI),69.1,47.3,16.6,2.1,30.8,18.1,56.7,PM25,SEDANG
2022-11-07,DKI2 (Kelapa Gading),57.5,68.8,9.1,19.9,47.1,17.6,82.6,PM25,SEDANG
2022-11-07,DKI3 (Jagakarsa),115.7,50.5,15.9,21.5,43.3,18.6,92.6,PM10,SEDANG
2022-11-07,DKI4 (Lubang Buaya),81.3,61.9,16.9,13.5,55.5,28.6,74.3,PM25,SEDANG
2022-11-07,DKI5 (Kebon Jeruk),70.8,62.7,23.9,15.3,42.3,5.9,75.3,PM25,SEDANG
2022-11-08,DKI1 (Bunderan HI),98.4,26.8,13.1,15.7,31.6,30.3,78.7,PM10,SEDANG
2022-11-08,DKI2 (Kelapa Gading),74.8,68.0,8.0,13.3,29.7,5.2,81.6,PM25,SEDANG
2022-11-08,DKI3 (Jagakarsa),69.9,73.0,16.3,18.5,54.8,31.0,87.6,PM25,SEDANG
2022-11-08,DKI4 (Lubang Buaya),53.6,14.8,11.1,29.9,42.0,20.9,42.9,PM10,BAIK
2022-11-08,DKI5 (Kebon Jeruk),77.3,60.4,14.9,17.3,41.8,19.8,72.5,PM25,SEDANG
2022-11-09,DKI1 (Bunderan HI),58.8,44.5,13.1,14.8,69.5,20.7,62.5,O3,SEDANG
2022-11-09,DKI2 (Kelapa Gading),90.2,38.6,10.1,15.6,30.5,9.9,72.1,PM10,SEDANG
2022-11-09,DKI3 (Jagakarsa),55.0,82.8,6.9,21.4,47.6,25.4,99.4,PM25,SEDANG
2022-11-09,DKI4 (Lubang Buaya),134.9,65.0,14.2,11.6,44.5,25.8,107.9,PM10,TIDAK SEHAT
2022-11-09,DKI5 (Kebon Jeruk),106.9,21.4,20.0,16.4,61.2,25.1,85.5,PM10,SEDANG
2022-11-10,DKI1 (Bunderan HI),136.0,47.9,18.9,17.2,46.9,7.9,108.8,PM10,TIDAK SEHAT
2022-11-10,DKI2 (Kelapa Gading),106.9,11.4,11.9,17.3,53.2,22.6,85.6,PM10,SEDANG
2022-11-10,DKI3 (Jagakarsa),94.0,32.6,15.0,21.3,34.6,12.0,75.2,PM10,SEDANG
2022-11-10,DKI4 (Lubang Buaya),89.8,12.5,9.1,19.7,67.0,23.9,71.8,PM10,SEDANG
2022-11-10,DKI5 (Kebon Jeruk),72.4,7.6,17.8,20.4,23.4,14.7,57.9,PM10,SEDANG
2022-11-11,DKI1 (Bunderan HI),72.1,112.6,5.5,23.9,45.6,27.8,135.2,PM25,TIDAK SEHAT
2022-11-11,DKI2 (Kelapa Gading),45.2,58.4,18.6,16.9,30.5,19.8,70.1,PM25,SEDANG
2022-11-11,DKI3 (Jagakarsa),50.5,53.4,14.4,22.1,40.9,19.2,64.0,PM25,SEDANG
2022-11-11,DKI4 (Lubang Buaya),125.5,22.9,17.5,17.1,28.2,18.7,100.4,PM10,TIDAK SEHAT
2022-11-11,DKI5 (Kebon Jeruk),142.3,56.1,21.3,21.1,35.0,20.0,113.9,PM10,TIDAK SEHAT
2022-11-12,DKI1 (Bunderan HI),95.8,52.1,21.8,15.2,48.3,17.9,76.6,PM10,SEDANG
2022-11-12,DKI2 (Kelapa Gading),114.6,43.8,11.6,19.4,48.0,24.4,91.7,PM10,SEDANG
2022-11-12,DKI3 (Jagakarsa),71.6,39.4,22.6,22.2,25.0,11.0,57.3,PM10,SEDANG
2022-11-12,DKI4 (Lubang Buaya),62.8,72.4,14.6,11.6,47.6,28.1,86.8,PM25,SEDANG
2022-11-12,DKI5 (Kebon Jeruk),109.3,64.6,5.4,14.1,49.5,10.8,87.4,PM10,SEDANG
2022-11-13,DKI1 (Bunderan HI),115.7,43.6,13.0,26.2,32.4,17.2,92.6,PM10,SEDANG
2022-11-13,DKI2 (Kelapa Gading),44.7,68.8,29.6,7.6,15.0,24.0,82.6,PM25,SEDANG
2022-11-13,DKI3 (Jagakarsa),64.4,47.5,20.4,13.6,35.5,5.2,57.0,PM25,SEDANG
2022-11-13,DKI4 (Lubang Buaya),123.4,46.8,8.7,14.3,16.9,6.2,98.8,PM10,SEDANG
2022-11-13,DKI5 (Kebon Jeruk),75.4,49.1,18.3,21.3,41.0,23.4,60.4,PM10,SEDANG
2022-11-14,DKI1 (Bunderan HI),77.1,31.9,18.4,3.6,36.4,11.1,61.7,PM10,SEDANG
2022-11-14,DKI2 (Kelapa Gading),111.4,55.7,4.3,20.2,42.9,12.5,89.1,PM10,SEDANG
2022-11-14,DKI3 (Jagakarsa),68.5,62.8,18.5,14.8,48.7,12.7,75.4,PM25,SEDANG
2022-11-14,DKI4 (Lubang Buaya),127.3,89.2,7.0,25.4,58.4,23.5,107.1,PM25,TIDAK SEHAT
2022-11-14,DKI5 (Kebon Jeruk),18.1,73.3,14.8,19.1,38.8,15.5,88.0,PM25,SEDANG
2022-11-15,DKI1 (Bunderan HI),65.3,51.5,12.3,24.5,56.0,17.4,61.8,PM25,SEDANG
2022-11-15,DKI2 (Kelapa Gading),67.9,62.6,21.4,6.1,33.1,12.7,75.1,PM25,SEDANG
2022-11-15,DKI3 (Jagakarsa),147.7,59.7,16.2,16.2,36.7,12.1,118.2,PM10,TIDAK SEHAT
2022-11-15,DKI4 (Lubang Buaya),99.5,75.4,12.4,13.3,6.1,15.6,90.5,PM25,SEDANG
2022-11-15,DKI5 (Kebon Jeruk),65.7,40.4,13.6,14.3,44.2,22.9,52.5,PM10,SEDANG
2022-11-16,DKI1 (Bunderan HI),43.6,51.8,9.9,9.9,44.9,15.2,62.1,PM25,SEDANG
2022-11-16,DKI2 (Kelapa Gading),93.7,48.4,19.3,13.9,47.8,17.8,75.0,PM10,SEDANG
2022-11-16,DKI3 (Jagakarsa),72.2,61.4,15.2,8.8,39.2,25.6,73.7,PM25,SEDANG
2022-11-16,DKI4 (Lubang Buaya),103.2,72.9,7.7,17.6,48.3,10.3,87.5,PM25,SEDANG
2022-11-16,DKI5 (Kebon Jeruk),87.1,70.7,10.3,16.5,7.5,9.8,84.8,PM25,SEDANG
2022-11-17,DKI1 (Bunderan HI),115.1,36.7,17.7,25.1,36.6,12.8,92.1,PM10,SEDANG
2022-11-17,DKI2 (Kelapa Gading),124.3,50.5,16.6,14.2,48.1,27.4,99.4,PM10,SEDANG
2022-11-17,DKI3 (Jagakarsa),58.0,63.7,18.9,10.5,41.9,13.9,76.5,PM25,SEDANG
2022-11-17,DKI4 (Lubang Buaya),33.7,48.4,17.4,16.3,38.8,21.7,58.1,PM25,SEDANG
2022-11-17,DKI5 (Kebon Jeruk),86.0,61.1,13.8,11.8,48.3,18.0,73.3,PM25,SEDANG
2022-11-18,DKI1 (Bunderan HI),109.7,64.4,9.2,26.6,41.2,10.8,87.8,PM10,SEDANG
2022-11-18,DKI2 (Kelapa Gading),69.8,48.4,18.8,4.1,24.0,12.3,58.0,PM25,SEDANG
2022-11-18,DKI3 (Jagakarsa),123.9,69.5,10.0,12.7,53.2,20.4,99.2,PM10,SEDANG
2022-11-18,DKI4 (Lubang Buaya),78.6,40.8,11.7,15.3,62.8,30.9,62.9,PM10,SEDANG
2022-11-18,DKI5 (Kebon Jeruk),107.2,50.4,26.0,27.0,43.2,9.5,85.7,PM10,SEDANG
2022-11-19,DKI1 (Bunderan HI),123.8,68.1,8.3,22.7,73.5,24.7,99.0,PM10,SEDANG
2022-11-19,DKI2 (Kelapa Gading),73.0,67.1,16.3,11.3,62.7,17.1,80.5,PM25,SEDANG
2022-11-19,DKI3 (Jagakarsa),56.6,51.9,15.2,21.2,41.7,15.5,62.3,PM25,SEDANG
2022-11-19,DKI4 (Lubang Buaya),94.5,46.8,1.2,6.4,39.2,18.1,75.6,PM10,SEDANG
2022-11-19,DKI5 (Kebon Jeruk),95.8,20.7,12.1,16.0,45.8,29.0,76.6,PM10,SEDANG
2022-11-20,DKI1 (Bunderan HI),90.3,27.4,19.4,24.6,30.2,21.7,72.3,PM10,SEDANG
2022-11-20,DKI2 (Kelapa Gading),143.7,75.5,11.3,28.7,41.1,22.9,114.9,PM10,TIDAK SEHAT
2022-11-20,DKI3 (Jagakarsa),153.7,58.6,21.1,17.8,31.0,9.6,122.9,PM10,TIDAK SEHAT
2022-11-20,DKI4 (Lubang Buaya),29.8,51.3,16.3,10.2,40.9,22.5,61.6,PM25,SEDANG
2022-11-20,DKI5 (Kebon Jeruk),64.2,51.1,14.3,2.8,21.5,27.8,61.3,PM25,SEDANG
2022-11-21,DKI1 (Bunderan HI),76.7,49.6,13.6,8.3,46.8,21.9,61.3,PM10,SEDANG
2022-11-21,DKI2 (Kelapa Gading),42.1,60.1,13.1,16.6,47.9,21.2,72.1,PM25,SEDANG
2022-11-21,DKI3 (Jagakarsa),93.8,45.0,15.9,17.8,51.7,12.9,75.1,PM10,SEDANG
2022-11-21,DKI4 (Lubang Buaya),95.2,53.2,13.0,28.5,49.6,14.9,76.2,PM10,SEDANG
2022-11-21,DKI5 (Kebon Jeruk),79.6,38.8,14.1,19.5,63.3,20.4,63.7,PM10,SEDANG
2022-11-22,DKI1 (Bunderan HI),81.7,50.8,17.3,13.0,31.5,16.5,65.4,PM10,SEDANG
2022-11-22,DKI2 (Kelapa Gading),93.4,92.4,6.5,15.1,46.9,30.0,110.8,PM25,TIDAK SEHAT
2022-11-22,DKI3 (Jagakarsa),89.5,23.2,8.2,17.5,35.7,26.1,71.6,PM10,SEDANG
2022-11-22,DKI4 (Lubang Buaya),74.3,41.4,14.4,19.5,42.6,16.0,59.5,PM10,SEDANG
2022-11-22,DKI5 (Kebon Jeruk),49.9,22.0,12.9,10.1,46.2,14.2,41.6,O3,BAIK
2022-11-23,DKI1 (Bunderan HI),81.0,64.7,14.3,19.4,45.9,14.7,77.6,PM25,SEDANG
2022-11-23,DKI2 (Kelapa Gading),68.0,78.9,17.4,14.2,37.7,27.8,94.7,PM25,SEDANG
2022-11-23,DKI3 (Jagakarsa),89.8,50.7,5.8,12.6,53.8,20.7,71.9,PM10,SEDANG
2022-11-23,DKI4 (Lubang Buaya),106.2,56.6,15.0,17.8,48.3,28.3,85.0,PM10,SEDANG
2022-11-23,DKI5 (Kebon Jeruk),80.5,42.4,19.7,19.5,23.2,27.9,64.4,PM10,SEDANG
2022-11-24,DKI1 (Bunderan HI),131.9,84.2,15.0,11.0,28.7,23.8,105.5,PM10,TIDAK SEHAT
2022-11-24,DKI2 (Kelapa Gading),84.8,42.9,13.1,14.8,34.7,18.7,67.8,PM10,SEDANG
2022-11-24,DKI4 (Lubang Buaya),78.9,64.1,25.3,7.1,24.4,19.2,77.0,PM25,SEDANG
2022-11-24,DKI5 (Kebon Jeruk),77.4,46.0,21.2,11.7,54.9,30.1,61.9,PM10,SEDANG
2022-11-25,DKI1 (Bunderan HI),97.2,41.9,17.4,23.2,54.9,22.2,77.7,PM10,SEDANG
2022-11-25,DKI2 (Kelapa Gading),20.9,62.5,19.9,22.9,44.9,19.4,75.0,PM25,SEDANG
2022-11-25,DKI3 (Jagakarsa),86.9,57.7,17.9,11.6,54.7,14.5,69.5,PM10,SEDANG
2022-11-25,DKI4 (Lubang Buaya),59.2,38.1,12.7,17.7,86.8,18.5,78.1,O3,SEDANG
2022-11-25,DKI5 (Kebon Jeruk),104.7,71.6,7.1,22.2,66.1,9.2,85.9,PM25,SEDANG
2022-11-26,DKI1 (Bunderan HI),107.9,47.1,14.2,22.2,38.5,15.5,86.3,PM10,SEDANG
2022-11-26,DKI2 (Kelapa Gading),64.7,77.5,18.0,4.9,66.5,27.6,93.0,PM25,SEDANG
2022-11-26,DKI3 (Jagakarsa),39.8,64.8,3.5,16.9,39.5,23.1,77.8,PM25,SEDANG
2022-11-26,DKI4 (Lubang Buaya),120.0,54.1,16.3,18.6,27.9,15.0,96.0,PM10,SEDANG
2022-11-26,DKI5 (Kebon Jeruk),130.4,39.9,18.4,10.0,32.7,19.4,104.3,PM10,TIDAK SEHAT
2022-11-27,DKI1 (Bunderan HI),90.3,34.5,3.5,25.0,32.3,20.3,72.2,PM10,SEDANG
2022-11-27,DKI2 (Kelapa Gading),75.3,39.6,11.4,20.9,48.6,29.9,60.2,PM10,SEDANG
2022-11-27,DKI3 (Jagakarsa),63.6,45.3,11.7,26.9,29.4,33.7,54.4,PM25,SEDANG
2022-11-27,DKI4 (Lubang Buaya),76.1,54.3,12.5,25.0,25.1,23.4,65.2,PM25,SEDANG
2022-11-27,DKI5 (Kebon Jeruk),63.6,29.3,16.0,19.6,44.5,30.8,50.9,PM10,SEDANG
2022-11-28,DKI1 (Bunderan HI),119.0,38.0,19.8,12.8,46.8,11.6,95.2,PM10,SEDANG
2022-11-28,DKI4 (Lubang Buaya),87.8,35.4,22.6,9.5,49.0,4.6,70.2,PM10,SEDANG
2022-11-28,DKI5 (Kebon Jeruk),61.7,74.6,17.5,10.9,44.1,17.6,89.5,PM25,SEDANG
2022-11-29,DKI1 (Bunderan HI),56.3,54.9,3.3,13.9,66.5,13.9,65.9,PM25,SEDANG
2022-11-29,DKI2 (Kelapa Gading),76.5,65.3,15.5,5.5,29.0,20.3,78.3,PM25,SEDANG
2022-11-29,DKI3 (Jagakarsa),47.5,79.6,14.7,15.8,55.0,21.8,95.6,PM25,SEDANG
2022-11-29,DKI4 (Lubang Buaya),100.0,19.6,16.4,18.3,37.8,10.0,80.0,PM10,SEDANG
2022-11-29,DKI5 (Kebon Jeruk),102.6,24.4,19.4,16.4,41.2,15.3,82.1,PM10,SEDANG
2022-11-30,DKI1 (Bunderan HI),63.1,36.0,6.1,18.1,28.9,19.3,50.4,PM10,SEDANG
2022-11-30,DKI2 (Kelapa Gading),54.4,51.3,14.9,14.5,70.7,10.0,63.6,O3,SEDANG
2022-11-30,DKI3 (Jagakarsa),78.6,31.9,14.1,10.4,45.1,18.5,62.9,PM10,SEDANG
2022-11-30,DKI4 (Lubang Buaya),123.4,77.3,19.7,18.0,43.7,19.3,98.7,PM10,SEDANG
2022-11-30,DKI5 (Kebon Jeruk),55.6,67.3,21.7,19.3,24.0,16.6,80.8,PM25,SEDANG
2022-12-01,DKI1 (Bunderan HI),46.0,35.8,11.5,21.0,12.4,6.6,42.9,PM25,BAIK
2022-12-01,DKI2 (Kelapa Gading),38.3,21.4,11.0,17.4,32.9,9.0,30.7,PM10,BAIK
2022-12-01,DKI3 (Jagakarsa),81.7,70.4,9.3,20.0,37.9,20.3,84.5,PM25,SEDANG
2022-12-01,DKI4 (Lubang Buaya),107.9,47.1,10.4,11.7,50.6,4.2,86.3,PM10,SEDANG
2022-12-02,DKI2 (Kelapa Gading),65.4,52.9,14.9,1.0,34.0,10.9,63.5,PM25,SEDANG
2022-12-02,DKI3 (Jagakarsa),99.4,42.0,12.1,9.3,30.0,23.5,79.5,PM10,SEDANG
2022-12-02,DKI4 (Lubang Buaya),116.7,54.7,10.9,9.3,36.1,14.2,93.3,PM10,SEDANG
2022-12-02,DKI5 (Kebon Jeruk),49.6,28.9,21.8,21.8,47.9,15.1,43.1,O3,BAIK
2022-12-03,DKI1 (Bunderan HI),72.7,68.6,10.3,6.4,22.2,18.3,82.3,PM25,SEDANG
2022-12-03,DKI2 (Kelapa Gading),116.1,80.7,17.0,16.1,53.3,16.6,96.8,PM25,SEDANG
2022-12-03,DKI3 (Jagakarsa),88.6,97.9,7.8,10.1,21.2,18.9,117.5,PM25,TIDAK SEHAT
2022-12-03,DKI4 (Lubang Buaya),87.8,33.4,13.9,16.5,45.2,11.3,70.3,PM10,SEDANG
2022-12-03,DKI5 (Kebon Jeruk),67.3,47.7,8.6,9.4,45.3,11.7,57.2,PM25,SEDANG
2022-12-04,DKI1 (Bunderan HI),78.4,10.9,13.7,14.2,27.0,25.4,62.7,PM10,SEDANG
2022-12-04,DKI2 (Kelapa Gading),73.7,31.9,9.3,9.2,29.3,12.0,58.9,PM10,SEDANG
2022-12-04,DKI3 (Jagakarsa),44.4,37.5,10.8,8.4,51.3,10.8,46.2,O3,BAIK
2022-12-04,DKI4 (Lubang Buaya),70.4,70.1,10.6,7.5,34.4,19.8,84.1,PM25,SEDANG
2022-12-04,DKI5 (Kebon Jeruk),36.7,33.0,11.1,14.3,24.7,5.0,39.6,PM25,BAIK
2022-12-05,DKI1 (Bunderan HI),53.2,44.4,16.4,1.7,32.2,26.6,53.2,PM25,SEDANG
2022-12-05,DKI2 (Kelapa Gading),136.3,5.0,13.8,10.7,26.3,20.5,109.1,PM10,TIDAK SEHAT
2022-12-05,DKI3 (Jagakarsa),57.8,72.1,11.5,16.8,31.4,29.1,86.5,PM25,SEDANG
2022-12-05,DKI4 (Lubang Buaya),32.7,43.0,7.1,6.1,26.3,13.1,51.6,PM25,SEDANG
2022-12-05,DKI5 (Kebon Jeruk),56.7,45.1,1.0,20.5,57.6,13.6,54.1,PM25,SEDANG
2022-12-06,DKI1 (Bunderan HI),86.6,44.6,1.1,8.1,17.3,12.6,69.3,PM10,SEDANG
2022-12-06,DKI2 (Kelapa Gading),119.2,25.5,8.6,15.0,28.6,20.0,95.4,PM10,SEDANG
2022-12-06,DKI3 (Jagakarsa),91.8,52.8,3.5,10.5,29.9,8.3,73.4,PM10,SEDANG
2022-12-06,DKI4 (Lubang Buaya),75.4,58.9,12.8,7.6,40.8,20.1,70.6,PM25,SEDANG
2022-12-06,DKI5 (Kebon Jeruk),79.1,55.7,12.0,24.6,29.9,4.9,66.8,PM25,SEDANG
2022-12-07,DKI1 (Bunderan HI),41.6,71.5,16.2,10.4,40.8,11.1,85.7,PM25,SEDANG
2022-12-07,DKI2 (Kelapa Gading),34.2,53.1,15.0,16.1,22.9,8.1,63.7,PM25,SEDANG
2022-12-07,DKI3 (Jagakarsa),72.9,33.9,12.0,28.5,53.3,19.5,58.3,PM10,SEDANG
2022-12-07,DKI4 (Lubang Buaya),87.2,44.4,14.4,5.6,38.1,13.4,69.7,PM10,SEDANG
2022-12-07,DKI5 (Kebon Jeruk),75.0,49.7,5.5,5.9,29.4,15.0,60.0,PM10,SEDANG
2022-12-08,DKI1 (Bunderan HI),51.1,93.1,17.0,6.1,33.3,14.2,111.7,PM25,TIDAK SEHAT
2022-12-08,DKI2 (Kelapa Gading),80.5,23.4,10.6,3.8,28.1,9.7,64.4,PM10,SEDANG
2022-12-08,DKI3 (Jagakarsa),62.9,69.2,15.1,10.4,30.9,9.5,83.1,PM25,SEDANG
2022-12-08,DKI4 (Lubang Buaya),85.4,20.1,16.0,21.4,27.2,12.8,68.3,PM10,SEDANG
2022-12-08,DKI5 (Kebon Jeruk),78.1,18.7,9.6,15.2,18.2,9.7,62.5,PM10,SEDANG
2022-12-09,DKI1 (Bunderan HI),67.4,17.5,20.4,8.7,43.3,15.0,53.9,PM10,SEDANG
2022-12-09,DKI2 (Kelapa Gading),56.5,56.2,17.8,21.4,52.1,26.7,67.5,PM25,SEDANG
2022-12-09,DKI3 (Jagakarsa),19.1,67.9,8.4,18.0,32.5,13.0,81.5,PM25,SEDANG
2022-12-09,DKI4 (Lubang Buaya),86.5,44.3,7.5,21.4,34.6,15.0,69.2,PM10,SEDANG
2022-12-09,DKI5 (Kebon Jeruk),95.5,37.0,7.3,5.8,45.1,8.6,76.4,PM10,SEDANG
2022-12-10,DKI1 (Bunderan HI),125.2,66.8,14.8,2.2,28.3,13.7,100.2,PM10,TIDAK SEHAT
2022-12-10,DKI2 (Kelapa Gading),35.9,49.9,8.8,25.1,22.6,28.8,59.9,PM25,SEDANG
2022-12-10,DKI3 (Jagakarsa),40.2,25.8,16.6,19.5,30.6,13.4,32.1,PM10,BAIK
2022-12-10,DKI4 (Lubang Buaya),51.2,32.4,16.5,21.0,48.5,21.6,43.6,O3,BAIK
2022-12-10,DKI5 (Kebon Jeruk),89.3,54.2,2.7,6.0,24.4,9.9,71.4,PM10,SEDANG
2022-12-11,DKI1 (Bunderan HI),134.6,87.6,10.7,4.3,8.7,19.4,107.7,PM10,TIDAK SEHAT
2022-12-11,DKI2 (Kelapa Gading),87.4,53.9,13.5,7.1,36.8,26.1,69.9,PM10,SEDANG
2022-12-11,DKI3 (Jagakarsa),13.4,18.3,8.9,20.0,21.8,26.4,22.0,PM25,BAIK
2022-12-11,DKI5 (Kebon Jeruk),78.0,26.6,11.6,15.8,35.0,21.5,62.4,PM10,SEDANG
2022-12-12,DKI1 (Bunderan HI),80.2,5.0,13.9,10.7,37.2,17.5,64.1,PM10,SEDANG
2022-12-12,DKI2 (Kelapa Gading),45.1,28.3,12.1,11.6,43.8,26.0,39.4,O3,BAIK
2022-12-12,DKI3 (Jagakarsa),88.6,57.8,7.4,17.2,57.2,8.1,70.9,PM10,SEDANG
2022-12-12,DKI5 (Kebon Jeruk),35.1,50.2,24.7,4.5,23.9,7.2,60.3,PM25,SEDANG
2022-12-13,DKI1 (Bunderan HI),63.3,84.0,14.2,10.9,35.2,15.2,100.8,PM25,TIDAK SEHAT
2022-12-13,DKI2 (Kelapa Gading),109.9,5.0,9.8,9.4,37.0,18.8,87.9,PM10,SEDANG
2022-12-13,DKI3 (Jagakarsa),71.6,35.6,17.7,12.6,35.2,15.2,57.3,PM10,SEDANG
2022-12-13,DKI4 (Lubang Buaya),96.4,24.8,10.8,1.1,35.0,22.9,77.2,PM10,SEDANG
2022-12-13,DKI5 (Kebon Jeruk),99.6,51.9,14.7,16.8,49.4,30.8,79.7,PM10,SEDANG
2022-12-14,DKI1 (Bunderan HI),64.1,22.1,6.6,6.7,43.1,31.8,51.3,PM10,SEDANG
2022-12-14,DKI2 (Kelapa Gading),86.0,29.1,15.4,12.2,51.0,14.4,68.8,PM10,SEDANG
2022-12-14,DKI3 (Jagakarsa),76.4,12.6,10.6,1.2,32.4,9.9,61.1,PM10,SEDANG
2022-12-14,DKI4 (Lubang Buaya),113.5,57.6,9.7,13.7,50.4,1.0,90.8,PM10,SEDANG
2022-12-14,DKI5 (Kebon Jeruk),73.5,22.9,17.8,10.6,35.1,19.8,58.8,PM10,SEDANG
2022-12-15,DKI1 (Bunderan HI),102.2,52.0,21.9,9.6,36.1,15.3,81.7,PM10,SEDANG
2022-12-15,DKI2 (Kelapa Gading),22.9,31.2,12.1,1.0,19.6,15.3,37.5,PM25,BAIK
2022-12-15,DKI3 (Jagakarsa),49.5,40.9,21.3,10.7,30.8,8.5,49.1,PM25,BAIK
2022-12-15,DKI4 (Lubang Buaya),113.0,33.7,15.5,11.3,35.5,21.1,90.4,PM10,SEDANG
2022-12-15,DKI5 (Kebon Jeruk),44.6,42.6,11.2,9.2,34.7,29.4,51.1,PM25,SEDANG
2022-12-16,DKI1 (Bunderan HI),90.3,28.5,15.1,17.8,22.3,15.1,72.2,PM10,SEDANG
2022-12-16,DKI2 (Kelapa Gading),65.7,34.2,17.4,5.2,11.5,23.8,52.6,PM10,SEDANG
2022-12-16,DKI3 (Jagakarsa),47.4,65.9,8.9,9.9,45.0,21.1,79.1,PM25,SEDANG
2022-12-16,DKI4 (Lubang Buaya),60.4,61.1,9.7,19.0,34.3,17.5,73.3,PM25,SEDANG
2022-12-16,DKI5 (Kebon Jeruk),73.4,16.8,9.7,10.0,50.9,7.1,58.7,PM10,SEDANG
2022-12-17,DKI1 (Bunderan HI),76.5,23.2,4.7,19.1,36.8,12.3,61.2,PM10,SEDANG
2022-12-17,DKI2 (Kelapa Gading),58.6,42.6,15.9,5.1,41.9,21.2,51.2,PM25,SEDANG
2022-12-17,DKI3 (Jagakarsa),100.2,37.3,7.4,20.5,49.1,6.5,80.2,PM10,SEDANG
2022-12-17,DKI4 (Lubang Buaya),108.0,26.0,17.3,15.5,35.8,8.3,86.4,PM10,SEDANG
2022-12-17,DKI5 (Kebon Jeruk),84.2,56.4,10.1,6.6,11.7,21.3,67.7,PM25,SEDANG
2022-12-18,DKI2 (Kelapa Gading),36.5,16.9,7.0,16.1,56.8,13.0,51.1,O3,SEDANG
2022-12-18,DKI3 (Jagakarsa),47.1,51.9,4.4,7.3,35.3,26.4,62.3,PM25,SEDANG
2022-12-18,DKI5 (Kebon Jeruk),89.7,84.0,8.3,15.2,6.5,14.9,100.9,PM25,TIDAK SEHAT
2022-12-19,DKI1 (Bunderan HI),61.0,61.8,10.6,16.2,26.3,23.5,74.2,PM25,SEDANG
2022-12-19,DKI2 (Kelapa Gading),80.4,53.9,11.4,10.1,38.5,11.9,64.7,PM25,SEDANG
2022-12-19,DKI3 (Jagakarsa),61.3,50.4,21.4,14.8,31.9,22.5,60.5,PM25,SEDANG
2022-12-19,DKI4 (Lubang Buaya),55.3,48.4,20.3,16.0,48.4,13.6,58.1,PM25,SEDANG
2022-12-19,DKI5 (Kebon Jeruk),57.1,43.7,10.7,13.3,25.4,11.6,52.4,PM25,SEDANG
2022-12-20,DKI2 (Kelapa Gading),58.1,54.9,14.5,11.5,17.3,17.6,65.8,PM25,SEDANG
2022-12-20,DKI3 (Jagakarsa),54.0,36.2,6.2,16.5,56.7,9.1,51.0,O3,SEDANG
2022-12-20,DKI4 (Lubang Buaya),22.5,5.0,17.9,3.6,56.4,7.8,50.8,O3,SEDANG
2022-12-20,DKI5 (Kebon Jeruk),71.2,56.9,12.0,12.6,24.5,19.0,68.2,PM25,SEDANG
2022-12-21,DKI1 (Bunderan HI),86.2,45.4,10.8,12.6,6.5,18.2,69.0,PM10,SEDANG
2022-12-21,DKI2 (Kelapa Gading),92.1,31.5,16.0,8.5,45.8,4.5,73.7,PM10,SEDANG
2022-12-21,DKI3 (Jagakarsa),55.8,52.2,8.3,1.0,45.8,12.6,62.6,PM25,SEDANG
2022-12-21,DKI4 (Lubang Buaya),62.1,53.9,12.4,15.7,24.4,29.0,64.7,PM25,SEDANG
2022-12-21,DKI5 (Kebon Jeruk),82.4,66.5,8.3,11.8,28.3,10.0,79.8,PM25,SEDANG
2022-12-22,DKI1 (Bunderan HI),48.4,60.7,9.2,16.7,20.3,9.5,72.8,PM25,SEDANG
2022-12-22,DKI2 (Kelapa Gading),102.8,52.8,11.0,10.4,23.1,17.9,82.3,PM10,SEDANG
2022-12-22,DKI3 (Jagakarsa),28.4,63.2,18.3,12.6,33.2,18.7,75.8,PM25,SEDANG
2022-12-22,DKI4 (Lubang Buaya),74.5,53.7,7.6,20.4,46.3,21.1,64.5,PM25,SEDANG
2022-12-22,DKI5 (Kebon Jeruk),42.4,18.6,12.0,18.1,28.9,11.7,34.0,PM10,BAIK
2022-12-23,DKI1 (Bunderan HI),117.8,39.8,8.4,1.0,47.7,25.8,94.3,PM10,SEDANG
2022-12-23,DKI2 (Kelapa Gading),31.2,19.0,21.9,20.5,18.7,17.4,25.0,PM10,BAIK
2022-12-23,DKI3 (Jagakarsa),75.7,22.1,17.3,20.7,17.9,18.7,60.6,PM10,SEDANG
2022-12-23,DKI4 (Lubang Buaya),51.0,36.2,9.6,11.6,48.5,21.4,43.6,O3,BAIK
2022-12-23,DKI5 (Kebon Jeruk),94.3,49.0,9.9,21.1,46.7,3.0,75.4,PM10,SEDANG
2022-12-24,DKI1 (Bunderan HI),93.7,41.2,11.7,8.8,24.4,24.0,74.9,PM10,SEDANG
2022-12-24,DKI2 (Kelapa Gading),35.1,49.2,7.6,18.8,16.5,8.2,59.1,PM25,SEDANG
2022-12-24,DKI3 (Jagakarsa),58.5,55.6,7.0,16.1,47.0,16.1,66.7,PM25,SEDANG
2022-12-24,DKI4 (Lubang Buaya),63.7,53.4,7.3,9.1,18.5,26.2,64.1,PM25,SEDANG
2022-12-24,DKI5 (Kebon Jeruk),82.3,17.1,8.1,14.7,33.4,17.9,65.8,PM10,SEDANG
2022-12-25,DKI1 (Bunderan HI),53.3,60.7,6.1,21.3,34.2,5.1,72.8,PM25,SEDANG
2022-12-25,DKI2 (Kelapa Gading),69.5,26.1,14.1,21.9,13.0,19.3,55.6,PM10,SEDANG
2022-12-25,DKI3 (Jagakarsa),66.3,26.3,16.4,14.8,37.5,20.1,53.0,PM10,SEDANG
2022-12-25,DKI4 (Lubang Buaya),77.9,85.5,18.3,2.9,48.8,13.4,102.6,PM25,TIDAK SEHAT
2022-12-25,DKI5 (Kebon Jeruk),52.4,20.0,18.6,6.0,34.4,22.9,41.9,PM10,BAIK
2022-12-26,DKI1 (Bunderan HI),74.2,26.3,10.0,11.0,26.2,22.2,59.4,PM10,SEDANG
2022-12-26,DKI2 (Kelapa Gading),42.2,45.5,16.0,6.9,32.4,12.9,54.6,PM25,SEDANG
2022-12-26,DKI3 (Jagakarsa),85.1,16.3,19.2,17.7,16.7,10.6,68.0,PM10,SEDANG
2022-12-26,DKI4 (Lubang Buaya),83.2,61.0,7.5,9.8,40.7,11.6,73.2,PM25,SEDANG
2022-12-26,DKI5 (Kebon Jeruk),49.0,54.3,12.4,29.1,19.8,3.8,65.1,PM25,SEDANG
2022-12-27,DKI1 (Bunderan HI),49.1,69.4,13.2,16.1,40.7,9.3,83.3,PM25,SEDANG
2022-12-27,DKI2 (Kelapa Gading),76.7,48.9,16.6,13.6,25.5,12.0,61.3,PM10,SEDANG
2022-12-27,DKI3 (Jagakarsa),85.8,12.0,9.9,22.5,32.1,27.2,68.7,PM10,SEDANG
2022-12-27,DKI4 (Lubang Buaya),98.6,51.2,11.8,21.2,33.0,6.1,78.9,PM10,SEDANG
2022-12-27,DKI5 (Kebon Jeruk),80.8,44.7,14.3,18.6,41.3,13.0,64.6,PM10,SEDANG
2022-12-28,DKI2 (Kelapa Gading),43.8,41.0,4.6,3.8,21.6,12.7,49.2,PM25,BAIK
2022-12-28,DKI3 (Jagakarsa),109.5,61.9,10.0,16.3,21.9,17.7,87.6,PM10,SEDANG
2022-12-28,DKI4 (Lubang Buaya),82.5,11.6,13.8,15.7,20.9,26.8,66.0,PM10,SEDANG
2022-12-28,DKI5 (Kebon Jeruk),81.9,32.7,11.4,9.5,23.2,11.5,65.5,PM10,SEDANG
2022-12-29,DKI1 (Bunderan HI),114.8,17.5,10.4,8.4,31.4,21.4,91.9,PM10,SEDANG
2022-12-29,DKI3 (Jagakarsa),75.9,46.1,10.1,12.8,40.2,17.5,60.7,PM10,SEDANG
2022-12-29,DKI4 (Lubang Buaya),90.0,46.8,9.2,21.2,5.9,15.6,72.0,PM10,SEDANG
2022-12-29,DKI5 (Kebon Jeruk),121.0,46.2,15.8,3.6,51.1,28.0,96.8,PM10,SEDANG
2022-12-30,DKI1 (Bunderan HI),81.1,43.4,7.3,14.0,36.8,11.8,64.9,PM10,SEDANG
2022-12-30,DKI2 (Kelapa Gading),75.9,56.2,14.2,11.7,37.6,11.3,67.5,PM25,SEDANG
2022-12-30,DKI3 (Jagakarsa),101.8,36.3,14.4,4.8,28.1,6.4,81.4,PM10,SEDANG
2022-12-30,DKI4 (Lubang Buaya),74.0,30.5,15.8,20.9,42.2,8.9,59.2,PM10,SEDANG
2022-12-30,DKI5 (Kebon Jeruk),73.1,23.9,5.8,7.5,30.9,11.9,58.5,PM10,SEDANG
2022-12-31,DKI1 (Bunderan HI),55.4,39.2,19.6,21.6,47.0,11.4,47.1,PM25,BAIK
2022-12-31,DKI2 (Kelapa Gading),45.4,62.6,5.5,10.5,42.4,12.6,75.1,PM25,SEDANG
2022-12-31,DKI3 (Jagakarsa),92.6,28.0,9.1,3.6,37.8,1.0,74.1,PM10,SEDANG
2022-12-31,DKI4 (Lubang Buaya),38.2,53.2,14.5,11.7,26.2,8.9,63.8,PM25,SEDANG
2022-12-31,DKI5 (Kebon Jeruk),46.5,53.7,2.4,15.9,48.1,12.5,64.5,PM25,SEDANG
2023-01-01,DKI1 (Bunderan HI),86.5,45.9,17.0,26.7,45.7,1.0,69.2,PM10,SEDANG
2023-01-01,DKI2 (Kelapa Gading),20.8,41.1,3.9,15.4,31.9,25.4,49.3,PM25,BAIK
2023-01-01,DKI3 (Jagakarsa),84.3,25.9,14.5,16.1,33.5,11.2,67.5,PM10,SEDANG
2023-01-01,DKI4 (Lubang Buaya),87.1,39.0,15.2,12.3,30.2,26.4,69.7,PM10,SEDANG
2023-01-01,DKI5 (Kebon Jeruk),92.2,49.0,17.7,11.5,57.4,22.9,73.8,PM10,SEDANG
2023-01-02,DKI1 (Bunderan HI),25.0,32.9,7.5,12.6,47.6,9.1,42.8,O3,BAIK
2023-01-02,DKI2 (Kelapa Gading),69.5,69.4,7.5,7.8,29.7,1.0,83.2,PM25,SEDANG
2023-01-02,DKI3 (Jagakarsa),41.2,24.0,1.0,11.7,34.6,11.4,33.0,PM10,BAIK
2023-01-02,DKI5 (Kebon Jeruk),66.0,13.9,21.3,11.8,43.2,22.2,52.8,PM10,SEDANG
2023-01-03,DKI1 (Bunderan HI),56.9,38.6,15.6,10.0,55.0,10.9,49.5,O3,BAIK
2023-01-03,DKI2 (Kelapa Gading),105.3,59.6,14.0,15.8,44.4,15.2,84.3,PM10,SEDANG
2023-01-03,DKI3 (Jagakarsa),50.1,11.6,8.6,18.2,27.7,1.0,40.1,PM10,BAIK
2023-01-03,DKI4 (Lubang Buaya),58.6,54.4,4.8,15.1,27.8,17.0,65.3,PM25,SEDANG
2023-01-03,DKI5 (Kebon Jeruk),90.9,65.1,19.6,18.6,41.2,4.6,78.1,PM25,SEDANG
2023-01-04,DKI1 (Bunderan HI),44.9,78.2,11.5,11.6,21.2,19.9,93.9,PM25,SEDANG
2023-01-04,DKI2 (Kelapa Gading),69.6,23.8,8.6,14.4,45.0,10.4,55.7,PM10,SEDANG
2023-01-04,DKI3 (Jagakarsa),99.8,48.7,10.7,9.0,45.4,22.1,79.9,PM10,SEDANG
2023-01-04,DKI4 (Lubang Buaya),83.9,47.0,7.5,10.6,28.3,5.7,67.1,PM10,SEDANG
2023-01-04,DKI5 (Kebon Jeruk),77.1,39.7,12.2,21.3,12.4,13.9,61.7,PM10,SEDANG
2023-01-05,DKI1 (Bunderan HI),58.9,59.0,5.0,13.4,31.7,10.5,70.7,PM25,SEDANG
2023-01-05,DKI2 (Kelapa Gading),75.4,39.3,6.6,7.5,18.3,15.4,60.3,PM10,SEDANG
2023-01-05,DKI3 (Jagakarsa),70.6,20.4,16.1,6.2,25.3,18.0,56.5,PM10,SEDANG
2023-01-05,DKI4 (Lubang Buaya),96.1,62.4,14.4,1.3,31.9,6.8,76.8,PM10,SEDANG
2023-01-05,DKI5 (Kebon Jeruk),73.7,5.0,8.3,8.2,36.6,15.2,58.9,PM10,SEDANG
2023-01-06,DKI1 (Bunderan HI),16.4,29.4,13.9,7.4,51.3,27.7,46.2,O3,BAIK
2023-01-06,DKI2 (Kelapa Gading),51.3,42.6,20.8,16.2,39.9,7.9,51.1,PM25,SEDANG
2023-01-06,DKI3 (Jagakarsa),80.9,30.1,15.2,10.9,31.8,9.8,64.7,PM10,SEDANG
2023-01-06,DKI4 (Lubang Buaya),27.5,46.0,8.3,12.1,45.3,6.7,55.2,PM25,SEDANG
2023-01-06,DKI5 (Kebon Jeruk),69.8,80.4,6.2,1.0,56.7,17.5,96.5,PM25,SEDANG
2023-01-07,DKI1 (Bunderan HI),82.5,47.4,5.4,10.3,33.1,1.0,66.0,PM10,SEDANG
2023-01-07,DKI2 (Kelapa Gading),97.8,44.3,13.6,9.0,12.9,30.9,78.3,PM10,SEDANG
2023-01-07,DKI3 (Jagakarsa),70.6,59.6,13.8,17.1,47.2,5.3,71.5,PM25,SEDANG
2023-01-07,DKI4 (Lubang Buaya),34.3,10.0,9.6,18.0,25.0,16.4,27.4,PM10,BAIK
2023-01-07,DKI5 (Kebon Jeruk),90.4,5.0,12.6,27.7,28.3,12.4,72.3,PM10,SEDANG
2023-01-08,DKI1 (Bunderan HI),40.7,47.9,17.7,11.5,18.2,22.2,57.4,PM25,SEDANG
2023-01-08,DKI2 (Kelapa Gading),50.2,42.0,19.7,14.5,46.1,21.0,50.4,PM25,SEDANG
2023-01-08,DKI3 (Jagakarsa),51.8,5.0,19.3,9.5,46.0,18.2,41.5,PM10,BAIK
2023-01-08,DKI5 (Kebon Jeruk),82.8,25.6,5.5,6.4,39.9,8.2,66.3,PM10,SEDANG
2023-01-09,DKI1 (Bunderan HI),108.7,82.4,9.5,10.0,55.2,6.5,98.9,PM25,SEDANG
2023-01-09,DKI2 (Kelapa Gading),79.3,90.7,13.0,14.4,35.1,20.7,108.8,PM25,TIDAK SEHAT
2023-01-09,DKI3 (Jagakarsa),31.2,58.0,5.2,7.2,23.5,13.5,69.6,PM25,SEDANG
2023-01-09,DKI4 (Lubang Buaya),41.1,37.9,12.0,21.0,24.1,19.9,45.5,PM25,BAIK
2023-01-09,DKI5 (Kebon Jeruk),51.8,37.2,12.9,19.0,37.2,14.5,44.6,PM25,BAIK
2023-01-10,DKI1 (Bunderan HI),52.6,22.3,21.4,14.7,48.5,16.3,43.7,O3,BAIK
2023-01-10,DKI2 (Kelapa Gading),28.9,70.6,5.9,15.6,5.0,21.1,84.7,PM25,SEDANG
2023-01-10,DKI3 (Jagakarsa),72.2,30.2,16.3,13.1,29.8,18.7,57.8,PM10,SEDANG
2023-01-10,DKI4 (Lubang Buaya),49.8,28.4,12.1,11.0,44.0,21.6,39.9,PM10,BAIK
2023-01-10,DKI5 (Kebon Jeruk),109.9,44.2,11.6,5.4,33.0,1.0,87.9,PM10,SEDANG
2023-01-11,DKI1 (Bunderan HI),78.4,20.3,1.0,11.6,33.1,6.1,62.7,PM10,SEDANG
2023-01-11,DKI3 (Jagakarsa),86.5,5.0,22.7,15.9,19.8,8.5,69.2,PM10,SEDANG
2023-01-11,DKI4 (Lubang Buaya),64.5,34.4,8.2,16.7,49.4,7.2,51.6,PM10,SEDANG
2023-01-11,DKI5 (Kebon Jeruk),47.8,34.9,15.4,14.3,37.1,17.4,41.9,PM25,BAIK
2023-01-12,DKI1 (Bunderan HI),57.2,75.3,15.5,3.3,57.0,6.7,90.3,PM25,SEDANG
2023-01-12,DKI2 (Kelapa Gading),80.5,32.0,24.0,14.9,25.9,20.3,64.4,PM10,SEDANG
2023-01-12,DKI3 (Jagakarsa),45.0,35.1,21.2,9.7,53.9,11.1,48.5,O3,BAIK
2023-01-12,DKI4 (Lubang Buaya),79.0,42.7,10.1,24.8,17.3,13.4,63.2,PM10,SEDANG
2023-01-12,DKI5 (Kebon Jeruk),40.8,19.9,7.1,17.9,13.8,18.0,32.6,PM10,BAIK
2023-01-13,DKI1 (Bunderan HI),51.2,64.0,9.7,12.9,35.6,12.9,76.8,PM25,SEDANG
2023-01-13,DKI2 (Kelapa Gading),38.6,45.7,11.4,17.1,29.3,6.7,54.8,PM25,SEDANG
2023-01-13,DKI3 (Jagakarsa),40.2,41.4,6.9,13.4,49.2,5.6,49.7,PM25,BAIK
2023-01-13,DKI4 (Lubang Buaya),48.8,58.2,1.0,16.2,50.8,20.0,69.9,PM25,SEDANG
2023-01-13,DKI5 (Kebon Jeruk),50.8,56.7,11.0,15.8,58.3,23.2,68.0,PM25,SEDANG
2023-01-14,DKI1 (Bunderan HI),10.0,46.7,8.3,6.2,25.9,20.3,56.1,PM25,SEDANG
2023-01-14,DKI2 (Kelapa Gading),74.2,44.4,23.9,12.6,34.1,2.3,59.3,PM10,SEDANG
2023-01-14,DKI3 (Jagakarsa),80.6,50.9,16.8,6.9,29.1,11.5,64.5,PM10,SEDANG
2023-01-14,DKI4 (Lubang Buaya),78.2,45.5,10.8,12.6,29.9,15.4,62.6,PM10,SEDANG
2023-01-14,DKI5 (Kebon Jeruk),46.0,24.5,11.8,12.3,38.3,4.9,36.8,PM10,BAIK
2023-01-15,DKI1 (Bunderan HI),70.4,30.3,16.8,5.8,34.6,18.6,56.3,PM10,SEDANG
2023-01-15,DKI2 (Kelapa Gading),40.4,53.9,10.5,19.6,42.7,4.0,64.7,PM25,SEDANG
2023-01-15,DKI3 (Jagakarsa),58.7,61.8,14.2,14.9,28.8,21.9,74.1,PM25,SEDANG
2023-01-15,DKI4 (Lubang Buaya),38.4,48.5,9.8,17.4,67.6,28.8,60.8,O3,SEDANG
2023-01-15,DKI5 (Kebon Jeruk),56.0,61.4,10.1,2.7,23.2,13.0,73.7,PM25,SEDANG
2023-01-16,DKI1 (Bunderan HI),73.7,30.6,15.6,7.0,43.4,10.0,59.0,PM10,SEDANG
2023-01-16,DKI2 (Kelapa Gading),46.2,19.0,10.2,12.2,55.2,13.8,49.7,O3,BAIK
2023-01-16,DKI3 (Jagakarsa),120.2,35.4,11.9,7.4,31.0,1.0,96.2,PM10,SEDANG
2023-01-16,DKI4 (Lubang Buaya),35.2,54.3,24.0,9.4,43.8,10.1,65.2,PM25,SEDANG
2023-01-16,DKI5 (Kebon Jeruk),55.0,47.3,4.9,18.7,50.4,14.5,56.8,PM25,SEDANG
2023-01-17,DKI1 (Bunderan HI),66.8,5.0,10.9,11.5,18.2,21.7,53.4,PM10,SEDANG
2023-01-17,DKI2 (Kelapa Gading),25.4,55.6,9.8,24.1,55.4,21.6,66.7,PM25,SEDANG
2023-01-17,DKI3 (Jagakarsa),105.7,47.7,20.7,11.2,42.9,17.1,84.5,PM10,SEDANG
2023-01-17,DKI4 (Lubang Buaya),80.9,28.0,8.8,13.5,34.6,19.2,64.7,PM10,SEDANG
2023-01-17,DKI5 (Kebon Jeruk),76.8,27.8,7.2,13.8,32.7,1.0,61.5,PM10,SEDANG
2023-01-18,DKI1 (Bunderan HI),70.6,48.6,14.9,14.9,33.0,13.1,58.3,PM25,SEDANG
2023-01-18,DKI2 (Kelapa Gading),122.5,31.5,10.6,10.7,20.4,19.1,98.0,PM10,SEDANG
2023-01-18,DKI3 (Jagakarsa),40.0,44.8,15.7,8.2,23.7,25.3,53.7,PM25,SEDANG
2023-01-18,DKI4 (Lubang Buaya),101.7,36.7,15.2,14.0,5.0,30.1,81.4,PM10,SEDANG
2023-01-18,DKI5 (Kebon Jeruk),62.9,58.4,20.9,14.5,45.5,10.4,70.1,PM25,SEDANG
2023-01-19,DKI1 (Bunderan HI),82.2,50.3,5.6,17.3,18.4,16.2,65.7,PM10,SEDANG
2023-01-19,DKI2 (Kelapa Gading),97.4,52.3,13.4,4.8,33.3,2.5,77.9,PM10,SEDANG
2023-01-19,DKI3 (Jagakarsa),65.1,21.0,20.4,7.6,49.9,24.6,52.1,PM10,SEDANG
2023-01-19,DKI4 (Lubang Buaya),10.0,64.5,12.7,6.0,31.6,10.6,77.3,PM25,SEDANG
2023-01-20,DKI1 (Bunderan HI),42.3,55.1,8.3,17.6,33.0,13.9,66.1,PM25,SEDANG
2023-01-20,DKI2 (Kelapa Gading),29.8,31.1,1.0,26.6,24.4,2.7,37.3,PM25,BAIK
2023-01-20,DKI3 (Jagakarsa),72.3,42.7,10.4,19.5,36.7,16.2,57.9,PM10,SEDANG
2023-01-20,DKI4 (Lubang Buaya),80.4,35.9,3.4,15.1,33.7,20.6,64.3,PM10,SEDANG
2023-01-20,DKI5 (Kebon Jeruk),73.2,31.7,12.7,16.0,44.1,28.2,58.6,PM10,SEDANG
2023-01-21,DKI1 (Bunderan HI),34.6,55.9,4.5,11.7,26.2,10.5,67.1,PM25,SEDANG
2023-01-21,DKI2 (Kelapa Gading),62.8,66.3,1.0,8.6,32.9,13.5,79.6,PM25,SEDANG
2023-01-21,DKI3 (Jagakarsa),10.0,43.8,5.7,16.5,35.2,19.8,52.5,PM25,SEDANG
2023-01-21,DKI4 (Lubang Buaya),78.6,29.1,14.1,21.2,40.3,11.0,62.9,PM10,SEDANG
2023-01-21,DKI5 (Kebon Jeruk),33.2,5.0,5.0,24.2,24.2,19.3,26.6,PM10,BAIK
2023-01-22,DKI1 (Bunderan HI),44.8,34.5,5.3,13.0,37.8,8.2,41.4,PM25,BAIK
2023-01-22,DKI2 (Kelapa Gading),64.5,61.2,17.7,21.0,39.6,29.8,73.5,PM25,SEDANG
2023-01-22,DKI3 (Jagakarsa),71.6,48.7,5.9,19.7,43.8,21.4,58.5,PM25,SEDANG
2023-01-22,DKI4 (Lubang Buaya),10.0,29.2,16.2,8.5,39.9,13.9,35.9,O3,BAIK
2023-01-22,DKI5 (Kebon Jeruk),86.4,73.7,6.1,17.6,36.3,11.5,88.5,PM25,SEDANG
2023-01-23,DKI2 (Kelapa Gading),87.2,48.0,9.2,14.4,22.4,22.7,69.8,PM10,SEDANG
2023-01-23,DKI3 (Jagakarsa),51.9,24.0,17.8,3.6,38.4,19.6,41.6,PM10,BAIK
2023-01-23,DKI4 (Lubang Buaya),51.3,35.2,9.7,13.9,33.0,11.3,42.3,PM25,BAIK
2023-01-23,DKI5 (Kebon Jeruk),46.2,64.6,15.3,10.4,18.4,28.9,77.5,PM25,SEDANG
2023-01-24,DKI1 (Bunderan HI),101.1,32.3,20.7,6.8,18.9,26.1,80.9,PM10,SEDANG
2023-01-24,DKI2 (Kelapa Gading),58.2,49.2,8.7,15.6,30.6,21.4,59.1,PM25,SEDANG
2023-01-24,DKI3 (Jagakarsa),76.7,38.8,13.2,21.5,44.7,25.0,61.4,PM10,SEDANG
2023-01-24,DKI4 (Lubang Buaya),72.3,73.8,8.3,28.6,29.7,14.4,88.5,PM25,SEDANG
2023-01-24,DKI5 (Kebon Jeruk),104.1,39.3,6.2,17.4,39.2,17.2,83.2,PM10,SEDANG
2023-01-25,DKI2 (Kelapa Gading),105.7,16.1,15.1,14.3,22.4,29.8,84.6,PM10,SEDANG
2023-01-25,DKI3 (Jagakarsa),62.2,23.2,13.9,12.0,6.4,13.1,49.7,PM10,BAIK
2023-01-25,DKI4 (Lubang Buaya),128.9,34.7,7.5,18.8,38.5,13.5,103.1,PM10,TIDAK SEHAT
2023-01-25,DKI5 (Kebon Jeruk),20.1,9.5,7.7,18.0,39.1,11.8,35.2,O3,BAIK
2023-01-26,DKI1 (Bunderan HI),110.5,11.1,11.1,8.7,31.8,1.0,88.4,PM10,SEDANG
2023-01-26,DKI2 (Kelapa Gading),40.2,50.6,17.5,12.6,23.2,12.0,60.7,PM25,SEDANG
2023-01-26,DKI3 (Jagakarsa),47.8,40.5,9.8,11.4,36.8,19.5,48.6,PM25,BAIK
2023-01-26,DKI4 (Lubang Buaya),62.4,34.7,9.9,24.4,25.8,9.5,49.9,PM10,BAIK
2023-01-26,DKI5 (Kebon Jeruk),21.3,32.6,9.9,19.8,56.4,13.8,50.8,O3,SEDANG
2023-01-27,DKI1 (Bunderan HI),23.8,29.8,15.8,11.4,43.6,12.9,39.3,O3,BAIK
2023-01-27,DKI2 (Kelapa Gading),85.6,74.7,10.8,11.8,32.6,11.6,89.6,PM25,SEDANG
2023-01-27,DKI3 (Jagakarsa),59.5,35.9,8.3,19.6,40.7,14.2,47.6,PM10,BAIK
2023-01-27,DKI4 (Lubang Buaya),71.8,17.0,14.5,10.1,17.7,24.7,57.4,PM10,SEDANG
2023-01-27,DKI5 (Kebon Jeruk),56.7,23.6,2.4,18.9,31.5,25.9,45.4,PM10,BAIK
2023-01-28,DKI1 (Bunderan HI),76.8,36.7,9.5,15.1,53.8,7.9,61.4,PM10,SEDANG
2023-01-28,DKI3 (Jagakarsa),72.2,44.5,8.9,12.1,36.3,16.2,57.7,PM10,SEDANG
2023-01-28,DKI4 (Lubang Buaya),87.4,8.8,15.0,18.2,30.9,6.4,69.9,PM10,SEDANG
2023-01-29,DKI1 (Bunderan HI),68.4,37.3,9.9,2.7,34.8,3.2,54.7,PM10,SEDANG
2023-01-29,DKI2 (Kelapa Gading),94.1,13.0,11.8,14.4,21.8,11.9,75.3,PM10,SEDANG
2023-01-29,DKI3 (Jagakarsa),51.8,43.2,6.9,27.5,21.0,12.0,51.8,PM25,SEDANG
2023-01-29,DKI4 (Lubang Buaya),57.2,21.7,8.3,11.3,19.0,27.3,45.7,PM10,BAIK
2023-01-29,DKI5 (Kebon Jeruk),62.2,50.4,19.1,12.5,28.9,13.5,60.5,PM25,SEDANG
2023-01-30,DKI1 (Bunderan HI),147.9,56.5,13.9,23.2,37.2,16.3,118.3,PM10,TIDAK SEHAT
2023-01-30,DKI2 (Kelapa Gading),87.7,52.1,8.8,10.6,22.2,13.0,70.2,PM10,SEDANG
2023-01-30,DKI3 (Jagakarsa),127.8,53.8,14.7,17.9,18.8,19.5,102.2,PM10,TIDAK SEHAT
2023-01-30,DKI4 (Lubang Buaya),55.3,33.5,8.2,20.7,35.6,14.1,44.2,PM10,BAIK
2023-01-30,DKI5 (Kebon Jeruk),52.7,11.3,10.3,4.6,48.9,34.4,44.0,O3,BAIK
2023-01-31,DKI1 (Bunderan HI),97.2,40.6,12.8,16.0,22.9,21.5,77.8,PM10,SEDANG
2023-01-31,DKI2 (Kelapa Gading),61.3,34.1,10.0,16.7,47.3,31.1,49.0,PM10,BAIK
2023-01-31,DKI3 (Jagakarsa),56.2,38.7,9.6,5.0,28.7,21.9,46.5,PM25,BAIK
2023-01-31,DKI4 (Lubang Buaya),77.8,83.3,7.2,11.7,33.7,17.5,99.9,PM25,SEDANG
2023-01-31,DKI5 (Kebon Jeruk),55.8,36.6,18.7,20.2,39.5,21.7,44.7,PM10,BAIK
2023-02-01,DKI1 (Bunderan HI),81.7,32.1,14.8,21.6,33.9,15.6,65.4,PM10,SEDANG
2023-02-01,DKI2 (Kelapa Gading),107.8,66.5,14.2,13.8,37.2,18.8,86.2,PM10,SEDANG
2023-02-01,DKI3 (Jagakarsa),58.5,62.3,11.2,17.4,35.3,28.2,74.7,PM25,SEDANG
2023-02-01,DKI4 (Lubang Buaya),51.9,58.9,12.8,19.1,39.5,21.3,70.7,PM25,SEDANG
2023-02-01,DKI5 (Kebon Jeruk),66.1,61.8,9.8,13.7,29.1,16.8,74.2,PM25,SEDANG
2023-02-02,DKI1 (Bunderan HI),41.6,79.2,10.9,14.4,44.4,19.9,95.1,PM25,SEDANG
2023-02-02,DKI2 (Kelapa Gading),52.5,63.3,15.5,1.0,41.7,1.0,76.0,PM25,SEDANG
2023-02-02,DKI3 (Jagakarsa),43.0,40.6,16.8,19.6,21.4,11.2,48.8,PM25,BAIK
2023-02-02,DKI4 (Lubang Buaya),44.8,50.3,11.8,22.1,32.5,12.8,60.4,PM25,SEDANG
2023-02-02,DKI5 (Kebon Jeruk),72.7,52.9,13.2,17.0,29.6,16.0,63.5,PM25,SEDANG
2023-02-03,DKI1 (Bunderan HI),10.5,52.6,1.0,16.5,30.4,17.5,63.2,PM25,SEDANG
2023-02-03,DKI2 (Kelapa Gading),87.4,49.3,17.7,16.5,19.0,35.4,69.9,PM10,SEDANG
2023-02-03,DKI3 (Jagakarsa),38.0,58.9,9.6,17.6,35.3,12.8,70.7,PM25,SEDANG
2023-02-03,DKI4 (Lubang Buaya),61.9,54.1,10.2,4.0,37.5,22.2,64.9,PM25,SEDANG
2023-02-03,DKI5 (Kebon Jeruk),82.5,42.1,3.8,13.2,32.0,1.8,66.0,PM10,SEDANG
2023-02-04,DKI1 (Bunderan HI),27.8,8.5,13.7,12.6,37.8,25.9,34.0,O3,BAIK
2023-02-04,DKI2 (Kelapa Gading),57.0,23.1,15.1,12.1,42.9,18.5,45.6,PM10,BAIK
2023-02-04,DKI3 (Jagakarsa),43.4,31.0,6.9,14.3,52.0,17.2,46.8,O3,BAIK
2023-02-04,DKI4 (Lubang Buaya),84.4,75.2,14.5,7.2,21.5,9.2,90.3,PM25,SEDANG
2023-02-04,DKI5 (Kebon Jeruk),48.4,15.2,10.7,9.2,49.0,25.7,44.1,O3,BAIK
2023-02-05,DKI1 (Bunderan HI),62.8,31.0,6.2,12.9,50.4,20.2,50.2,PM10,SEDANG
2023-02-05,DKI2 (Kelapa Gading),93.3,50.7,11.2,19.8,17.3,6.2,74.7,PM10,SEDANG
2023-02-05,DKI3 (Jagakarsa),64.3,37.3,13.9,6.3,39.9,8.9,51.4,PM10,SEDANG
2023-02-05,DKI4 (Lubang Buaya),59.2,79.7,11.2,13.3,36.0,13.2,95.7,PM25,SEDANG
2023-02-05,DKI5 (Kebon Jeruk),109.2,38.4,13.2,2.0,29.9,23.5,87.4,PM10,SEDANG
2023-02-06,DKI1 (Bunderan HI),26.7,19.8,17.0,15.8,34.7,17.1,31.3,O3,BAIK
2023-02-06,DKI2 (Kelapa Gading),48.0,6.1,6.6,1.6,34.9,16.3,38.4,PM10,BAIK
2023-02-06,DKI3 (Jagakarsa),72.4,5.0,17.3,13.2,27.1,8.3,57.9,PM10,SEDANG
2023-02-06,DKI4 (Lubang Buaya),93.4,51.2,6.6,19.3,9.9,16.4,74.7,PM10,SEDANG
2023-02-06,DKI5 (Kebon Jeruk),124.1,27.8,1.0,24.0,48.8,14.4,99.3,PM10,SEDANG
2023-02-07,DKI1 (Bunderan HI),86.1,22.2,18.9,15.4,37.7,12.4,68.9,PM10,SEDANG
2023-02-07,DKI2 (Kelapa Gading),97.1,52.7,17.7,13.2,26.7,18.4,77.6,PM10,SEDANG
2023-02-07,DKI3 (Jagakarsa),85.8,64.7,11.6,15.3,29.5,16.0,77.6,PM25,SEDANG
2023-02-07,DKI4 (Lubang Buaya),94.9,15.0,8.1,3.0,33.7,17.7,76.0,PM10,SEDANG
2023-02-07,DKI5 (Kebon Jeruk),10.0,16.9,12.0,1.0,37.0,18.8,33.3,O3,BAIK
2023-02-08,DKI1 (Bunderan HI),77.0,27.7,17.9,16.1,33.0,9.9,61.6,PM10,SEDANG
2023-02-08,DKI2 (Kelapa Gading),95.1,58.3,15.2,5.5,31.9,11.9,76.1,PM10,SEDANG
2023-02-08,DKI3 (Jagakarsa),65.5,54.4,22.3,8.1,12.1,15.5,65.3,PM25,SEDANG
2023-02-08,DKI4 (Lubang Buaya),90.7,49.1,8.6,1.8,55.8,1.5,72.6,PM10,SEDANG
2023-02-08,DKI5 (Kebon Jeruk),124.7,45.7,1.1,9.1,50.7,4.6,99.8,PM10,SEDANG
2023-02-09,DKI1 (Bunderan HI),19.5,11.9,16.1,10.3,37.9,7.1,34.1,O3,BAIK
2023-02-09,DKI2 (Kelapa Gading),108.2,30.0,10.2,13.3,46.0,21.9,86.5,PM10,SEDANG
2023-02-09,DKI3 (Jagakarsa),68.9,70.7,16.3,9.2,23.7,10.4,84.8,PM25,SEDANG
2023-02-09,DKI4 (Lubang Buaya),44.6,25.7,10.5,7.8,16.0,12.9,35.7,PM10,BAIK
2023-02-09,DKI5 (Kebon Jeruk),85.4,55.4,23.6,7.2,7.2,19.0,68.3,PM10,SEDANG
2023-02-10,DKI1 (Bunderan HI),59.7,50.1,13.1,23.0,19.2,16.8,60.2,PM25,SEDANG
2023-02-10,DKI2 (Kelapa Gading),55.2,5.0,15.6,23.2,38.0,22.5,44.2,PM10,BAIK
2023-02-10,DKI3 (Jagakarsa),34.6,45.6,11.6,14.6,19.7,25.3,54.7,PM25,SEDANG
2023-02-10,DKI4 (Lubang Buaya),107.6,41.2,13.7,12.6,15.2,6.0,86.1,PM10,SEDANG
2023-02-10,DKI5 (Kebon Jeruk),128.1,22.5,5.4,11.6,55.8,6.5,102.5,PM10,TIDAK SEHAT
2023-02-11,DKI1 (Bunderan HI),131.6,66.5,5.0,20.6,20.7,9.3,105.3,PM10,TIDAK SEHAT
2023-02-11,DKI3 (Jagakarsa),75.3,60.3,10.9,12.5,26.0,16.1,72.3,PM25,SEDANG
2023-02-11,DKI4 (Lubang Buaya),71.0,46.3,16.1,8.5,40.6,15.9,56.8,PM10,SEDANG
2023-02-11,DKI5 (Kebon Jeruk),75.7,72.7,10.6,11.4,25.6,11.1,87.3,PM25,SEDANG
2023-02-12,DKI1 (Bunderan HI),74.2,5.0,3.1,10.1,20.7,22.5,59.4,PM10,SEDANG
2023-02-12,DKI2 (Kelapa Gading),99.9,42.1,12.0,13.3,14.7,6.5,79.9,PM10,SEDANG
2023-02-12,DKI3 (Jagakarsa),18.3,27.2,17.0,17.8,25.7,12.1,32.6,PM25,BAIK
2023-02-12,DKI4 (Lubang Buaya),38.8,52.1,19.7,24.1,47.1,6.4,62.6,PM25,SEDANG
2023-02-12,DKI5 (Kebon Jeruk),64.0,41.2,3.7,19.6,24.4,32.6,51.2,PM10,SEDANG
2023-02-13,DKI1 (Bunderan HI),48.3,49.5,2.8,6.3,17.7,24.4,59.4,PM25,SEDANG
2023-02-13,DKI2 (Kelapa Gading),60.8,31.4,20.4,3.8,53.9,13.5,48.7,PM10,BAIK
2023-02-13,DKI3 (Jagakarsa),97.5,23.0,16.0,14.9,8.5,1.0,78.0,PM10,SEDANG
2023-02-13,DKI4 (Lubang Buaya),107.6,5.0,13.0,7.4,20.1,25.5,86.1,PM10,SEDANG
2023-02-13,DKI5 (Kebon Jeruk),63.2,26.7,10.8,26.5,35.5,10.4,50.5,PM10,SEDANG
2023-02-14,DKI1 (Bunderan HI),77.5,18.7,14.5,19.2,28.3,14.8,62.0,PM10,SEDANG
2023-02-14,DKI2 (Kelapa Gading),74.1,42.7,15.9,18.9,30.4,10.1,59.2,PM10,SEDANG
2023-02-14,DKI3 (Jagakarsa),40.7,27.7,5.3,21.0,38.4,8.8,34.6,O3,BAIK
2023-02-14,DKI4 (Lubang Buaya),70.2,39.3,14.7,18.8,49.1,7.5,56.2,PM10,SEDANG
2023-02-14,DKI5 (Kebon Jeruk),32.3,57.9,7.6,11.2,34.8,17.3,69.5,PM25,SEDANG
2023-02-15,DKI1 (Bunderan HI),50.0,64.3,13.9,22.9,42.6,20.4,77.2,PM25,SEDANG
2023-02-15,DKI2 (Kelapa Gading),99.7,59.3,19.2,1.0,26.8,7.5,79.7,PM10,SEDANG
2023-02-15,DKI3 (Jagakarsa),25.3,53.7,21.2,11.3,34.2,17.6,64.4,PM25,SEDANG
2023-02-15,DKI4 (Lubang Buaya),50.7,44.6,20.5,9.8,26.9,11.3,53.5,PM25,SEDANG
2023-02-16,DKI1 (Bunderan HI),58.0,44.4,5.9,13.5,28.3,17.3,53.3,PM25,SEDANG
2023-02-16,DKI2 (Kelapa Gading),82.4,43.6,14.0,7.4,33.4,15.8,65.9,PM10,SEDANG
2023-02-16,DKI3 (Jagakarsa),63.3,32.8,10.5,17.3,25.6,15.8,50.6,PM10,SEDANG
2023-02-16,DKI4 (Lubang Buaya),86.9,55.2,6.7,14.6,34.5,16.7,69.5,PM10,SEDANG
2023-02-17,DKI1 (Bunderan HI),85.4,29.5,16.2,10.6,36.5,13.6,68.3,PM10,SEDANG
2023-02-17,DKI2 (Kelapa Gading),101.7,43.4,14.8,8.6,31.9,18.7,81.3,PM10,SEDANG
2023-02-17,DKI3 (Jagakarsa),27.5,34.1,7.7,5.2,10.1,17.1,40.9,PM25,BAIK
2023-02-17,DKI4 (Lubang Buaya),48.1,5.0,14.8,9.8,26.3,23.4,38.5,PM10,BAIK
2023-02-17,DKI5 (Kebon Jeruk),40.8,45.3,13.9,17.5,8.6,21.2,54.3,PM25,SEDANG
2023-02-18,DKI1 (Bunderan HI),56.4,38.4,15.5,15.5,19.5,24.9,46.1,PM25,BAIK
2023-02-18,DKI2 (Kelapa Gading),68.7,51.7,5.5,13.2,29.6,7.9,62.0,PM25,SEDANG
2023-02-18,DKI3 (Jagakarsa),37.0,48.6,10.7,16.4,25.0,10.8,58.3,PM25,SEDANG
2023-02-18,DKI4 (Lubang Buaya),70.0,53.6,11.5,10.8,49.9,9.4,64.3,PM25,SEDANG
2023-02-18,DKI5 (Kebon Jeruk),41.9,58.1,20.5,18.9,26.9,21.2,69.8,PM25,SEDANG
2023-02-19,DKI1 (Bunderan HI),31.2,17.0,15.6,11.9,43.5,18.2,39.2,O3,BAIK
2023-02-19,DKI2 (Kelapa Gading),65.7,34.9,10.0,14.3,18.4,19.4,52.5,PM10,SEDANG
2023-02-19,DKI3 (Jagakarsa),29.9,83.6,16.7,9.0,51.7,9.1,100.3,PM25,TIDAK SEHAT
2023-02-19,DKI4 (Lubang Buaya),99.5,47.5,18.3,5.9,46.3,1.8,79.6,PM10,SEDANG
2023-02-19,DKI5 (Kebon Jeruk),65.0,5.0,9.0,13.4,47.9,11.0,52.0,PM10,SEDANG
2023-02-20,DKI1 (Bunderan HI),101.5,68.0,7.0,22.9,20.5,1.0,81.6,PM25,SEDANG
2023-02-20,DKI2 (Kelapa Gading),64.5,37.0,8.1,8.7,39.2,3.4,51.6,PM10,SEDANG
2023-02-20,DKI4 (Lubang Buaya),78.9,37.7,5.1,9.1,18.9,20.3,63.1,PM10,SEDANG
2023-02-21,DKI1 (Bunderan HI),56.9,16.5,14.3,16.4,26.3,19.7,45.5,PM10,BAIK
2023-02-21,DKI2 (Kelapa Gading),62.1,55.7,4.1,18.0,40.8,27.5,66.9,PM25,SEDANG
2023-02-21,DKI3 (Jagakarsa),63.1,38.1,11.7,15.6,33.4,19.2,50.4,PM10,SEDANG
2023-02-21,DKI4 (Lubang Buaya),54.0,51.2,15.4,19.4,36.9,17.5,61.5,PM25,SEDANG
2023-02-22,DKI1 (Bunderan HI),61.9,37.5,17.7,8.0,21.9,17.9,49.5,PM10,BAIK
2023-02-22,DKI2 (Kelapa Gading),27.9,45.7,9.3,9.3,50.0,15.4,54.9,PM25,SEDANG
2023-02-22,DKI4 (Lubang Buaya),18.6,17.3,16.2,11.7,55.9,7.8,50.3,O3,SEDANG
2023-02-23,DKI1 (Bunderan HI),93.8,59.3,3.4,10.0,49.4,24.1,75.1,PM10,SEDANG
2023-02-23,DKI2 (Kelapa Gading),64.6,40.5,5.5,21.3,41.0,4.9,51.7,PM10,SEDANG
2023-02-23,DKI3 (Jagakarsa),66.0,59.8,10.5,17.1,29.1,15.3,71.7,PM25,SEDANG
2023-02-23,DKI4 (Lubang Buaya),78.2,46.3,10.0,10.7,42.5,26.3,62.6,PM10,SEDANG
2023-02-23,DKI5 (Kebon Jeruk),80.7,11.2,6.1,9.2,5.3,23.8,64.6,PM10,SEDANG
2023-02-24,DKI1 (Bunderan HI),38.6,46.5,10.0,13.3,28.9,6.0,55.8,PM25,SEDANG
2023-02-24,DKI2 (Kelapa Gading),111.6,19.8,7.7,21.7,31.7,16.5,89.3,PM10,SEDANG
2023-02-24,DKI3 (Jagakarsa),82.2,66.5,12.2,7.9,14.2,17.6,79.8,PM25,SEDANG
2023-02-24,DKI4 (Lubang Buaya),87.8,16.3,9.5,11.1,17.7,32.1,70.3,PM10,SEDANG
2023-02-24,DKI5 (Kebon Jeruk),17.3,43.8,8.9,8.2,33.8,22.7,52.6,PM25,SEDANG
2023-02-25,DKI1 (Bunderan HI),119.1,45.7,9.6,9.9,19.8,25.6,95.3,PM10,SEDANG
2023-02-25,DKI2 (Kelapa Gading),90.1,33.9,13.1,10.2,50.8,18.9,72.1,PM10,SEDANG
2023-02-25,DKI3 (Jagakarsa),93.2,47.6,11.4,15.6,38.3,18.8,74.6,PM10,SEDANG
2023-02-25,DKI4 (Lubang Buaya),71.2,44.9,10.7,13.7,30.6,11.3,57.0,PM10,SEDANG
2023-02-25,DKI5 (Kebon Jeruk),48.1,48.8,11.9,8.5,48.2,14.1,58.5,PM25,SEDANG
2023-02-26,DKI1 (Bunderan HI),104.5,49.0,1.0,12.7,16.3,11.7,83.6,PM10,SEDANG
2023-02-26,DKI2 (Kelapa Gading),61.3,60.4,13.4,12.6,31.1,7.6,72.5,PM25,SEDANG
2023-02-26,DKI3 (Jagakarsa),64.8,48.6,14.6,20.0,43.1,13.8,58.4,PM25,SEDANG
2023-02-26,DKI4 (Lubang Buaya),37.3,28.6,8.7,9.5,11.8,10.2,34.3,PM25,BAIK
2023-02-26,DKI5 (Kebon Jeruk),56.7,5.3,9.2,10.9,35.0,13.9,45.3,PM10,BAIK
2023-02-27,DKI1 (Bunderan HI),98.0,59.7,10.2,14.3,35.7,6.9,78.4,PM10,SEDANG
2023-02-27,DKI2 (Kelapa Gading),57.4,24.1,9.8,14.0,8.9,18.3,45.9,PM10,BAIK
2023-02-27,DKI3 (Jagakarsa),95.0,74.9,3.7,1.9,52.6,12.0,89.9,PM25,SEDANG
2023-02-27,DKI4 (Lubang Buaya),61.0,25.6,6.5,13.3,60.0,14.2,54.0,O3,SEDANG
2023-02-27,DKI5 (Kebon Jeruk),79.3,22.4,10.4,14.5,32.5,11.5,63.4,PM10,SEDANG
2023-02-28,DKI1 (Bunderan HI),104.2,36.1,10.3,14.9,28.3,21.3,83.4,PM10,SEDANG
2023-02-28,DKI2 (Kelapa Gading),22.2,31.3,16.8,15.4,21.4,9.7,37.5,PM25,BAIK
2023-02-28,DKI3 (Jagakarsa),72.7,7.1,12.5,17.1,31.7,18.0,58.2,PM10,SEDANG
2023-02-28,DKI4 (Lubang Buaya),115.0,39.7,5.6,8.3,38.0,12.8,92.0,PM10,SEDANG
2023-02-28,DKI5 (Kebon Jeruk),62.8,68.4,9.5,9.0,38.3,21.2,82.1,PM25,SEDANG
2023-03-01,DKI1 (Bunderan HI),96.5,79.6,19.9,11.8,34.8,11.1,95.5,PM25,SEDANG
2023-03-01,DKI2 (Kelapa Gading),34.0,66.5,4.9,13.4,36.8,24.5,79.8,PM25,SEDANG
2023-03-01,DKI3 (Jagakarsa),90.0,43.4,8.0,1.0,14.1,13.5,72.0,PM10,SEDANG
2023-03-01,DKI4 (Lubang Buaya),87.5,26.6,12.0,12.1,28.8,14.7,70.0,PM10,SEDANG
2023-03-01,DKI5 (Kebon Jeruk),79.4,34.1,12.2,14.6,19.3,24.6,63.5,PM10,SEDANG
2023-03-02,DKI1 (Bunderan HI),106.1,7.8,10.9,10.7,37.7,28.7,84.8,PM10,SEDANG
2023-03-02,DKI2 (Kelapa Gading),76.8,19.4,2.0,20.5,37.9,16.0,61.4,PM10,SEDANG
2023-03-02,DKI3 (Jagakarsa),78.6,48.0,10.4,16.7,31.3,15.0,62.9,PM10,SEDANG
2023-03-02,DKI4 (Lubang Buaya),56.3,15.7,15.1,16.8,28.5,13.8,45.1,PM10,BAIK
2023-03-02,DKI5 (Kebon Jeruk),32.5,40.2,4.0,10.9,23.3,13.6,48.3,PM25,BAIK
2023-03-03,DKI1 (Bunderan HI),75.8,58.8,13.3,5.0,60.0,17.6,70.6,PM25,SEDANG
2023-03-03,DKI2 (Kelapa Gading),93.6,65.9,11.0,9.5,41.6,21.7,79.1,PM25,SEDANG
2023-03-03,DKI3 (Jagakarsa),81.5,61.9,16.6,19.5,42.4,4.3,74.2,PM25,SEDANG
2023-03-03,DKI4 (Lubang Buaya),82.0,39.2,1.0,14.3,33.2,9.0,65.6,PM10,SEDANG
2023-03-03,DKI5 (Kebon Jeruk),50.7,22.7,10.4,2.0,23.2,23.3,40.6,PM10,BAIK
2023-03-04,DKI1 (Bunderan HI),81.1,21.5,11.9,10.6,40.8,23.3,64.9,PM10,SEDANG
2023-03-04,DKI2 (Kelapa Gading),110.8,33.4,11.5,11.5,37.7,15.1,88.6,PM10,SEDANG
2023-03-04,DKI3 (Jagakarsa),48.4,66.1,6.7,13.0,39.7,9.7,79.3,PM25,SEDANG
2023-03-04,DKI4 (Lubang Buaya),46.1,60.8,16.0,25.0,42.9,8.2,73.0,PM25,SEDANG
2023-03-04,DKI5 (Kebon Jeruk),30.9,12.8,4.6,17.7,41.0,10.4,36.9,O3,BAIK
2023-03-05,DKI1 (Bunderan HI),74.6,57.4,18.0,20.3,28.2,19.0,68.9,PM25,SEDANG
2023-03-05,DKI2 (Kelapa Gading),63.4,36.9,13.7,14.2,19.0,3.8,50.7,PM10,SEDANG
2023-03-05,DKI3 (Jagakarsa),66.3,92.6,10.0,6.9,31.8,16.9,111.1,PM25,TIDAK SEHAT
2023-03-05,DKI4 (Lubang Buaya),55.9,59.4,14.4,19.6,20.2,19.3,71.3,PM25,SEDANG
2023-03-05,DKI5 (Kebon Jeruk),72.3,35.0,12.0,16.2,37.0,27.2,57.8,PM10,SEDANG
2023-03-06,DKI1 (Bunderan HI),30.4,49.2,9.5,24.2,32.7,23.1,59.0,PM25,SEDANG
2023-03-06,DKI2 (Kelapa Gading),40.6,51.0,9.7,19.0,33.1,17.1,61.2,PM25,SEDANG
2023-03-06,DKI3 (Jagakarsa),95.2,22.4,10.1,11.8,42.0,28.4,76.1,PM10,SEDANG
2023-03-06,DKI5 (Kebon Jeruk),66.4,63.0,13.2,7.5,37.0,19.4,75.6,PM25,SEDANG
2023-03-07,DKI1 (Bunderan HI),55.1,62.7,12.9,6.5,29.6,15.4,75.2,PM25,SEDANG
2023-03-07,DKI2 (Kelapa Gading),103.8,37.6,21.8,25.9,38.8,26.9,83.1,PM10,SEDANG
2023-03-07,DKI3 (Jagakarsa),54.1,44.2,4.9,17.2,30.0,24.9,53.0,PM25,SEDANG
2023-03-07,DKI4 (Lubang Buaya),83.1,33.8,8.3,25.5,18.9,6.7,66.5,PM10,SEDANG
2023-03-07,DKI5 (Kebon Jeruk),58.9,40.0,4.5,21.1,37.7,35.9,48.0,PM25,BAIK
2023-03-08,DKI1 (Bunderan HI),106.8,19.1,14.6,10.5,24.3,10.7,85.4,PM10,SEDANG
2023-03-08,DKI2 (Kelapa Gading),52.3,26.9,7.6,23.2,40.8,12.0,41.8,PM10,BAIK
2023-03-08,DKI3 (Jagakarsa),69.2,61.3,11.6,5.2,44.0,15.0,73.6,PM25,SEDANG
2023-03-08,DKI4 (Lubang Buaya),58.8,24.2,26.9,7.2,29.0,17.5,47.0,PM10,BAIK
2023-03-08,DKI5 (Kebon Jeruk),59.8,60.7,11.4,17.0,33.5,28.8,72.9,PM25,SEDANG
2023-03-09,DKI1 (Bunderan HI),51.0,21.8,11.4,17.1,32.0,17.8,40.8,PM10,BAIK
2023-03-09,DKI2 (Kelapa Gading),63.7,43.3,10.3,10.1,22.8,11.0,51.9,PM25,SEDANG
2023-03-09,DKI3 (Jagakarsa),56.4,66.2,6.0,10.3,37.4,20.9,79.5,PM25,SEDANG
2023-03-09,DKI4 (Lubang Buaya),81.7,19.9,16.3,17.6,24.2,11.1,65.4,PM10,SEDANG
2023-03-09,DKI5 (Kebon Jeruk),59.7,45.7,20.2,23.3,53.3,14.7,54.9,PM25,SEDANG
2023-03-10,DKI1 (Bunderan HI),76.4,42.7,10.4,9.2,56.7,14.4,61.1,PM10,SEDANG
2023-03-10,DKI2 (Kelapa Gading),31.0,37.8,11.8,15.3,35.7,9.2,45.3,PM25,BAIK
2023-03-10,DKI3 (Jagakarsa),114.7,38.0,15.0,15.7,21.0,13.6,91.8,PM10,SEDANG
2023-03-10,DKI4 (Lubang Buaya),89.1,34.3,11.2,14.6,29.5,18.5,71.3,PM10,SEDANG
2023-03-10,DKI5 (Kebon Jeruk),62.2,35.4,17.2,16.9,22.2,10.8,49.7,PM10,BAIK
2023-03-11,DKI2 (Kelapa Gading),74.4,57.9,7.0,18.7,43.0,18.0,69.5,PM25,SEDANG
2023-03-11,DKI3 (Jagakarsa),46.3,28.3,12.3,17.8,39.0,12.1,37.0,PM10,BAIK
2023-03-11,DKI4 (Lubang Buaya),76.0,95.3,3.3,12.1,22.6,13.8,114.3,PM25,TIDAK SEHAT
2023-03-11,DKI5 (Kebon Jeruk),83.6,17.1,14.0,13.7,22.1,14.8,66.9,PM10,SEDANG
2023-03-12,DKI1 (Bunderan HI),40.8,37.8,15.4,5.8,30.6,25.4,45.4,PM25,BAIK
2023-03-12,DKI3 (Jagakarsa),68.3,55.0,9.9,6.2,13.0,11.8,66.0,PM25,SEDANG
2023-03-12,DKI4 (Lubang Buaya),121.5,38.4,8.3,14.7,25.9,15.2,97.2,PM10,SEDANG
2023-03-12,DKI5 (Kebon Jeruk),73.5,16.4,18.1,13.9,51.8,10.3,58.8,PM10,SEDANG
2023-03-13,DKI1 (Bunderan HI),48.5,31.5,7.2,21.0,36.2,20.6,38.8,PM10,BAIK
2023-03-13,DKI2 (Kelapa Gading),74.0,51.2,11.0,14.3,36.7,18.2,61.4,PM25,SEDANG
2023-03-13,DKI3 (Jagakarsa),54.1,36.2,13.3,19.1,55.8,11.9,50.2,O3,SEDANG
2023-03-13,DKI4 (Lubang Buaya),54.6,9.6,14.4,17.1,19.0,15.4,43.7,PM10,BAIK
2023-03-13,DKI5 (Kebon Jeruk),99.5,29.1,11.7,11.9,36.5,24.8,79.6,PM10,SEDANG
2023-03-14,DKI1 (Bunderan HI),89.5,14.2,16.1,14.7,32.3,25.1,71.6,PM10,SEDANG
2023-03-14,DKI2 (Kelapa Gading),45.5,50.1,8.2,14.0,21.7,11.7,60.1,PM25,SEDANG
2023-03-14,DKI3 (Jagakarsa),83.4,26.2,7.7,12.2,51.1,4.1,66.7,PM10,SEDANG
2023-03-14,DKI4 (Lubang Buaya),10.0,34.7,2.9,14.7,29.0,10.0,41.7,PM25,BAIK
2023-03-14,DKI5 (Kebon Jeruk),98.2,40.9,18.0,18.6,5.0,12.0,78.6,PM10,SEDANG
2023-03-15,DKI1 (Bunderan HI),27.7,44.7,14.7,18.0,26.6,23.0,53.7,PM25,SEDANG
2023-03-15,DKI3 (Jagakarsa),45.8,35.3,10.3,29.1,29.7,12.1,42.3,PM25,BAIK
2023-03-15,DKI4 (Lubang Buaya),75.5,24.5,13.8,7.0,15.8,14.5,60.4,PM10,SEDANG
2023-03-15,DKI5 (Kebon Jeruk),92.1,10.7,11.4,8.2,40.8,17.5,73.6,PM10,SEDANG
2023-03-16,DKI1 (Bunderan HI),62.6,44.3,21.2,22.1,22.4,8.4,53.1,PM25,SEDANG
2023-03-16,DKI2 (Kelapa Gading),65.2,12.9,10.5,20.4,42.8,15.3,52.1,PM10,SEDANG
2023-03-16,DKI3 (Jagakarsa),93.7,29.0,21.6,11.8,28.0,7.5,75.0,PM10,SEDANG
2023-03-16,DKI4 (Lubang Buaya),64.8,70.7,17.0,7.2,63.5,15.4,84.9,PM25,SEDANG
2023-03-16,DKI5 (Kebon Jeruk),47.3,54.7,15.2,12.9,26.9,17.3,65.6,PM25,SEDANG
2023-03-17,DKI1 (Bunderan HI),72.4,35.1,18.1,20.1,56.6,15.9,57.9,PM10,SEDANG
2023-03-17,DKI2 (Kelapa Gading),63.8,55.5,11.2,14.0,42.9,9.2,66.6,PM25,SEDANG
2023-03-17,DKI3 (Jagakarsa),53.5,76.9,16.7,1.0,24.6,26.4,92.3,PM25,SEDANG
2023-03-17,DKI4 (Lubang Buaya),52.3,37.3,7.6,16.4,17.7,11.1,44.7,PM25,BAIK
2023-03-17,DKI5 (Kebon Jeruk),77.3,83.3,9.4,11.8,72.6,1.0,100.0,PM25,TIDAK SEHAT
2023-03-18,DKI1 (Bunderan HI),63.1,21.2,6.6,16.8,30.0,20.7,50.4,PM10,SEDANG
2023-03-18,DKI2 (Kelapa Gading),81.7,15.6,3.6,18.1,13.5,8.9,65.3,PM10,SEDANG
2023-03-18,DKI3 (Jagakarsa),73.3,57.3,10.8,20.5,25.9,18.8,68.7,PM25,SEDANG
2023-03-18,DKI4 (Lubang Buaya),56.5,55.0,9.6,11.9,44.2,17.4,66.0,PM25,SEDANG
2023-03-18,DKI5 (Kebon Jeruk),40.6,85.9,1.0,4.0,48.8,22.6,103.1,PM25,TIDAK SEHAT
2023-03-19,DKI1 (Bunderan HI),78.1,35.2,9.6,14.3,31.4,9.9,62.5,PM10,SEDANG
2023-03-19,DKI2 (Kelapa Gading),73.9,55.1,10.3,18.6,31.1,11.9,66.1,PM25,SEDANG
2023-03-19,DKI3 (Jagakarsa),70.8,69.2,13.9,21.9,30.0,17.4,83.0,PM25,SEDANG
2023-03-19,DKI4 (Lubang Buaya),91.8,29.6,3.6,6.0,44.4,28.9,73.5,PM10,SEDANG
2023-03-19,DKI5 (Kebon Jeruk),49.6,26.8,23.3,1.0,48.1,18.5,43.3,O3,BAIK
2023-03-20,DKI1 (Bunderan HI),69.1,43.6,12.2,14.3,39.3,2.5,55.3,PM10,SEDANG
2023-03-20,DKI2 (Kelapa Gading),73.1,56.1,6.0,18.1,36.0,9.7,67.3,PM25,SEDANG
2023-03-20,DKI3 (Jagakarsa),42.6,21.4,4.6,6.1,31.6,19.1,34.1,PM10,BAIK
2023-03-20,DKI4 (Lubang Buaya),123.4,43.1,3.1,18.4,37.5,18.6,98.7,PM10,SEDANG
2023-03-20,DKI5 (Kebon Jeruk),76.9,29.2,14.0,17.1,20.9,16.4,61.5,PM10,SEDANG
2023-03-21,DKI1 (Bunderan HI),66.5,52.0,23.2,12.5,49.9,6.5,62.4,PM25,SEDANG
2023-03-21,DKI2 (Kelapa Gading),76.0,43.6,11.6,6.0,52.6,19.6,60.8,PM10,SEDANG
2023-03-21,DKI3 (Jagakarsa),67.6,29.6,13.2,19.1,30.4,15.1,54.1,PM10,SEDANG
2023-03-21,DKI4 (Lubang Buaya),73.7,22.9,3.2,8.8,21.4,15.8,59.0,PM10,SEDANG
2023-03-21,DKI5 (Kebon Jeruk),92.5,42.1,7.4,8.8,28.9,24.7,74.0,PM10,SEDANG
2023-03-22,DKI1 (Bunderan HI),40.1,41.1,8.9,15.3,28.4,14.9,49.4,PM25,BAIK
2023-03-22,DKI2 (Kelapa Gading),28.5,16.6,10.0,10.9,32.2,14.7,29.0,O3,BAIK
2023-03-22,DKI3 (Jagakarsa),82.5,29.7,6.9,22.6,44.1,17.4,66.0,PM10,SEDANG
2023-03-22,DKI4 (Lubang Buaya),68.3,71.0,10.9,17.3,44.5,26.2,85.2,PM25,SEDANG
2023-03-22,DKI5 (Kebon Jeruk),103.0,28.3,10.8,11.7,22.8,13.0,82.4,PM10,SEDANG
2023-03-23,DKI1 (Bunderan HI),33.8,43.4,1.0,17.0,20.4,6.7,52.1,PM25,SEDANG
2023-03-23,DKI2 (Kelapa Gading),87.4,37.7,9.2,7.6,24.7,23.4,70.0,PM10,SEDANG
2023-03-23,DKI3 (Jagakarsa),73.3,53.7,3.7,22.0,28.4,6.6,64.5,PM25,SEDANG
2023-03-23,DKI4 (Lubang Buaya),56.2,55.8,15.1,7.1,32.9,11.5,67.0,PM25,SEDANG
2023-03-24,DKI1 (Bunderan HI),48.5,84.5,9.3,21.8,34.3,13.3,101.3,PM25,TIDAK SEHAT
2023-03-24,DKI2 (Kelapa Gading),103.6,70.4,10.0,21.3,31.8,15.3,84.5,PM25,SEDANG
2023-03-24,DKI3 (Jagakarsa),76.1,57.6,20.0,8.4,36.2,4.4,69.2,PM25,SEDANG
2023-03-24,DKI4 (Lubang Buaya),57.4,45.2,9.1,19.0,44.5,26.4,54.2,PM25,SEDANG
2023-03-24,DKI5 (Kebon Jeruk),43.4,61.3,2.1,11.6,25.7,19.7,73.6,PM25,SEDANG
2023-03-25,DKI1 (Bunderan HI),19.0,48.8,2.0,14.6,36.6,13.0,58.6,PM25,SEDANG
2023-03-25,DKI2 (Kelapa Gading),95.9,26.2,13.2,14.1,52.3,3.7,76.7,PM10,SEDANG
2023-03-25,DKI3 (Jagakarsa),106.9,63.2,13.1,13.8,27.3,12.8,85.5,PM10,SEDANG
2023-03-25,DKI4 (Lubang Buaya),51.8,19.3,14.7,19.2,51.8,14.2,46.6,O3,BAIK
2023-03-25,DKI5 (Kebon Jeruk),88.6,9.1,10.6,12.1,37.3,8.5,70.9,PM10,SEDANG
2023-03-26,DKI1 (Bunderan HI),55.9,27.2,15.8,12.8,34.1,9.4,44.7,PM10,BAIK
2023-03-26,DKI3 (Jagakarsa),89.2,49.7,11.4,8.3,35.3,19.2,71.4,PM10,SEDANG
2023-03-26,DKI4 (Lubang Buaya),100.8,55.6,8.9,1.8,40.8,6.3,80.7,PM10,SEDANG
2023-03-26,DKI5 (Kebon Jeruk),64.3,45.5,9.9,15.3,12.7,14.9,54.6,PM25,SEDANG
2023-03-27,DKI1 (Bunderan HI),105.2,34.6,15.4,11.0,27.4,10.4,84.2,PM10,SEDANG
2023-03-27,DKI2 (Kelapa Gading),30.7,47.1,10.3,7.0,25.4,2.6,56.5,PM25,SEDANG
2023-03-27,DKI3 (Jagakarsa),75.5,33.0,9.7,16.8,45.5,23.4,60.4,PM10,SEDANG
2023-03-27,DKI4 (Lubang Buaya),80.0,33.5,5.0,22.1,44.5,8.7,64.0,PM10,SEDANG
2023-03-27,DKI5 (Kebon Jeruk),95.7,52.8,7.3,7.3,51.9,10.6,76.6,PM10,SEDANG
2023-03-28,DKI1 (Bunderan HI),88.4,47.7,1.0,14.8,33.6,23.8,70.8,PM10,SEDANG
2023-03-28,DKI2 (Kelapa Gading),88.2,41.9,17.7,10.3,33.8,16.8,70.6,PM10,SEDANG
2023-03-28,DKI3 (Jagakarsa),31.0,37.9,4.9,10.6,9.2,3.9,45.5,PM25,BAIK
2023-03-28,DKI4 (Lubang Buaya),101.8,63.2,10.8,14.7,20.8,2.1,81.5,PM10,SEDANG
2023-03-28,DKI5 (Kebon Jeruk),91.8,50.5,7.6,7.7,35.7,15.5,73.5,PM10,SEDANG
2023-03-29,DKI1 (Bunderan HI),84.4,30.0,7.4,8.8,60.2,12.4,67.5,PM10,SEDANG
2023-03-29,DKI2 (Kelapa Gading),72.2,10.4,8.4,11.1,55.6,23.7,57.7,PM10,SEDANG
2023-03-29,DKI3 (Jagakarsa),31.1,53.6,8.8,11.7,17.6,14.0,64.3,PM25,SEDANG
2023-03-29,DKI4 (Lubang Buaya),60.6,6.1,14.4,18.2,28.4,18.9,48.5,PM10,BAIK
2023-03-29,DKI5 (Kebon Jeruk),91.7,24.3,3.3,15.8,38.8,26.2,73.4,PM10,SEDANG
2023-03-30,DKI1 (Bunderan HI),63.7,49.2,8.8,8.3,44.6,20.2,59.0,PM25,SEDANG
2023-03-30,DKI2 (Kelapa Gading),32.2,43.0,8.4,17.7,31.1,14.7,51.6,PM25,SEDANG
2023-03-30,DKI3 (Jagakarsa),88.0,50.7,5.3,13.7,35.0,8.6,70.4,PM10,SEDANG
2023-03-30,DKI4 (Lubang Buaya),76.7,50.9,3.9,9.7,36.7,17.4,61.4,PM10,SEDANG
2023-03-30,DKI5 (Kebon Jeruk),62.8,57.6,11.6,12.8,41.5,28.7,69.1,PM25,SEDANG
2023-03-31,DKI1 (Bunderan HI),72.3,42.1,7.9,12.0,15.4,14.8,57.9,PM10,SEDANG
2023-03-31,DKI2 (Kelapa Gading),54.0,35.5,14.5,14.9,48.0,23.9,43.2,O3,BAIK
2023-03-31,DKI3 (Jagakarsa),62.2,54.1,12.8,17.2,36.4,11.7,64.9,PM25,SEDANG
2023-03-31,DKI4 (Lubang Buaya),74.2,31.7,19.5,18.3,69.2,13.9,62.3,O3,SEDANG
2023-03-31,DKI5 (Kebon Jeruk),91.2,75.4,12.6,13.8,29.7,9.1,90.5,PM25,SEDANG
2023-04-01,DKI1 (Bunderan HI),107.1,61.0,19.5,23.7,24.7,20.0,85.7,PM10,SEDANG
2023-04-01,DKI2 (Kelapa Gading),89.4,60.9,9.2,19.6,38.5,14.6,73.0,PM25,SEDANG
2023-04-01,DKI3 (Jagakarsa),69.0,32.4,17.2,1.8,49.3,18.8,55.2,PM10,SEDANG
2023-04-01,DKI4 (Lubang Buaya),76.3,67.0,10.6,13.0,29.2,9.5,80.4,PM25,SEDANG
2023-04-01,DKI5 (Kebon Jeruk),83.2,87.5,11.5,18.8,25.0,19.0,105.0,PM25,TIDAK SEHAT
2023-04-02,DKI1 (Bunderan HI),89.6,64.6,7.9,22.7,27.1,35.4,77.5,PM25,SEDANG
2023-04-02,DKI2 (Kelapa Gading),81.9,88.6,21.8,12.6,26.7,19.6,106.3,PM25,TIDAK SEHAT
2023-04-02,DKI3 (Jagakarsa),62.6,78.1,22.5,17.1,47.7,19.0,93.7,PM25,SEDANG
2023-04-02,DKI4 (Lubang Buaya),37.1,83.1,8.2,13.4,57.1,7.1,99.7,PM25,SEDANG
2023-04-03,DKI1 (Bunderan HI),82.8,39.5,16.0,15.8,56.5,26.3,66.3,PM10,SEDANG
2023-04-03,DKI2 (Kelapa Gading),116.7,69.7,18.6,9.0,69.2,13.6,93.3,PM10,SEDANG
2023-04-03,DKI3 (Jagakarsa),120.3,47.4,19.1,14.6,47.7,16.2,96.2,PM10,SEDANG
2023-04-03,DKI5 (Kebon Jeruk),24.1,48.2,22.8,13.2,51.3,10.1,57.9,PM25,SEDANG
2023-04-04,DKI1 (Bunderan HI),79.6,51.9,12.5,13.4,28.8,24.9,63.6,PM10,SEDANG
2023-04-04,DKI2 (Kelapa Gading),83.8,17.3,3.6,22.6,43.1,14.1,67.0,PM10,SEDANG
2023-04-04,DKI3 (Jagakarsa),118.9,44.3,14.7,23.3,53.7,24.0,95.1,PM10,SEDANG
2023-04-04,DKI4 (Lubang Buaya),77.0,22.1,15.4,20.1,22.6,16.0,61.6,PM10,SEDANG
2023-04-04,DKI5 (Kebon Jeruk),84.4,54.4,12.4,6.4,30.6,26.2,67.5,PM10,SEDANG
2023-04-05,DKI1 (Bunderan HI),59.3,41.7,3.9,21.5,40.9,11.5,50.0,PM25,SEDANG
2023-04-05,DKI2 (Kelapa Gading),76.9,89.0,15.5,27.3,26.5,17.7,106.7,PM25,TIDAK SEHAT
2023-04-05,DKI3 (Jagakarsa),56.8,45.7,12.9,24.0,52.4,22.1,54.8,PM25,SEDANG
2023-04-05,DKI5 (Kebon Jeruk),44.7,58.0,5.5,20.0,46.9,21.9,69.6,PM25,SEDANG
2023-04-06,DKI2 (Kelapa Gading),96.8,82.1,15.7,18.1,44.8,11.7,98.6,PM25,SEDANG
2023-04-06,DKI3 (Jagakarsa),99.3,41.7,22.8,13.4,34.5,21.2,79.5,PM10,SEDANG
2023-04-06,DKI4 (Lubang Buaya),61.6,43.2,17.0,22.0,47.3,13.6,51.9,PM25,SEDANG
2023-04-06,DKI5 (Kebon Jeruk),106.2,20.0,8.9,19.0,35.0,17.8,85.0,PM10,SEDANG
2023-04-07,DKI1 (Bunderan HI),102.8,45.0,12.3,10.6,46.5,23.2,82.2,PM10,SEDANG
2023-04-07,DKI2 (Kelapa Gading),119.9,26.1,8.6,9.7,27.3,26.9,95.9,PM10,SEDANG
2023-04-07,DKI3 (Jagakarsa),50.3,35.6,13.5,12.1,53.9,20.6,48.5,O3,BAIK
2023-04-07,DKI4 (Lubang Buaya),74.4,71.8,17.9,24.9,20.3,18.3,86.2,PM25,SEDANG
2023-04-07,DKI5 (Kebon Jeruk),75.8,49.6,15.3,18.4,46.9,16.8,60.6,PM10,SEDANG
2023-04-08,DKI1 (Bunderan HI),75.4,53.7,9.2,19.6,57.7,28.2,64.4,PM25,SEDANG
2023-04-08,DKI2 (Kelapa Gading),68.8,37.9,15.0,25.4,32.3,19.2,55.0,PM10,SEDANG
2023-04-08,DKI3 (Jagakarsa),55.7,100.0,14.9,28.1,37.7,26.5,120.0,PM25,TIDAK SEHAT
2023-04-08,DKI4 (Lubang Buaya),68.6,62.1,12.5,13.7,47.2,18.5,74.5,PM25,SEDANG
2023-04-08,DKI5 (Kebon Jeruk),50.0,46.2,6.4,13.1,36.0,19.6,55.4,PM25,SEDANG
2023-04-09,DKI1 (Bunderan HI),77.4,66.3,18.9,19.0,52.9,12.8,79.5,PM25,SEDANG
2023-04-09,DKI2 (Kelapa Gading),122.8,27.3,8.1,20.2,62.6,19.1,98.2,PM10,SEDANG
2023-04-09,DKI3 (Jagakarsa),123.7,46.3,12.0,19.8,47.9,34.0,99.0,PM10,SEDANG
2023-04-09,DKI4 (Lubang Buaya),78.5,34.3,14.4,19.1,53.8,17.3,62.8,PM10,SEDANG
2023-04-09,DKI5 (Kebon Jeruk),44.6,63.6,11.2,23.0,50.5,15.8,76.3,PM25,SEDANG
2023-04-10,DKI1 (Bunderan HI),68.0,39.7,15.3,19.3,40.8,19.9,54.4,PM10,SEDANG
2023-04-10,DKI2 (Kelapa Gading),130.0,82.9,10.5,23.8,42.2,13.3,104.0,PM10,TIDAK SEHAT
2023-04-10,DKI3 (Jagakarsa),109.3,40.2,10.9,7.6,40.9,13.2,87.4,PM10,SEDANG
2023-04-10,DKI4 (Lubang Buaya),121.0,49.7,14.2,13.9,32.7,11.9,96.8,PM10,SEDANG
2023-04-10,DKI5 (Kebon Jeruk),145.4,50.0,10.8,17.5,46.9,11.0,116.3,PM10,TIDAK SEHAT
2023-04-11,DKI1 (Bunderan HI),66.3,60.0,11.2,9.3,35.4,11.8,72.0,PM25,SEDANG
2023-04-11,DKI2 (Kelapa Gading),117.5,59.5,1.2,14.4,53.0,23.0,94.0,PM10,SEDANG
2023-04-11,DKI3 (Jagakarsa),70.6,68.6,11.5,12.4,34.0,27.7,82.3,PM25,SEDANG
2023-04-11,DKI4 (Lubang Buaya),84.2,41.5,9.5,14.9,35.9,12.1,67.3,PM10,SEDANG
2023-04-11,DKI5 (Kebon Jeruk),75.3,57.3,30.2,14.5,43.5,12.4,68.7,PM25,SEDANG
2023-04-12,DKI1 (Bunderan HI),133.0,53.7,16.4,19.4,75.2,24.7,106.4,PM10,TIDAK SEHAT
2023-04-12,DKI2 (Kelapa Gading),90.5,52.7,14.5,12.2,38.1,26.6,72.4,PM10,SEDANG
2023-04-12,DKI3 (Jagakarsa),66.6,44.5,12.5,12.2,44.1,18.4,53.4,PM25,SEDANG
2023-04-12,DKI4 (Lubang Buaya),57.2,39.2,13.0,11.3,25.8,11.4,47.0,PM25,BAIK
2023-04-12,DKI5 (Kebon Jeruk),79.6,40.3,16.1,23.0,32.0,12.5,63.7,PM10,SEDANG
2023-04-13,DKI1 (Bunderan HI),99.5,52.6,19.6,15.5,44.6,25.2,79.6,PM10,SEDANG
2023-04-13,DKI2 (Kelapa Gading),71.9,13.4,24.9,23.0,33.8,14.9,57.6,PM10,SEDANG
2023-04-13,DKI3 (Jagakarsa),32.8,63.5,12.2,26.2,34.6,9.3,76.2,PM25,SEDANG
2023-04-13,DKI4 (Lubang Buaya),63.0,64.1,4.4,23.2,33.4,20.5,76.9,PM25,SEDANG
2023-04-13,DKI5 (Kebon Jeruk),30.1,22.2,17.1,13.4,52.1,14.1,46.9,O3,BAIK
2023-04-14,DKI1 (Bunderan HI),68.6,25.5,13.8,12.2,49.0,30.1,54.9,PM10,SEDANG
2023-04-14,DKI2 (Kelapa Gading),94.2,80.5,12.4,26.5,68.1,16.1,96.6,PM25,SEDANG
2023-04-14,DKI3 (Jagakarsa),67.8,32.8,7.8,15.1,42.8,14.8,54.2,PM10,SEDANG
2023-04-14,DKI4 (Lubang Buaya),115.8,48.5,20.4,19.2,58.3,9.4,92.7,PM10,SEDANG
2023-04-14,DKI5 (Kebon Jeruk),112.4,55.8,12.8,17.3,66.5,24.0,90.0,PM10,SEDANG
2023-04-15,DKI1 (Bunderan HI),108.2,72.5,13.6,21.1,38.5,17.4,87.0,PM25,SEDANG
2023-04-15,DKI2 (Kelapa Gading),76.8,47.6,5.6,15.4,45.0,15.3,61.4,PM10,SEDANG
2023-04-15,DKI3 (Jagakarsa),68.7,48.0,19.9,26.7,54.4,37.4,57.6,PM25,SEDANG
2023-04-15,DKI4 (Lubang Buaya),136.9,51.5,12.2,4.6,24.5,9.1,109.5,PM10,TIDAK SEHAT
2023-04-15,DKI5 (Kebon Jeruk),82.1,39.8,13.7,22.3,51.6,14.4,65.6,PM10,SEDANG
2023-04-16,DKI2 (Kelapa Gading),103.4,59.0,15.0,22.8,44.7,23.5,82.7,PM10,SEDANG
2023-04-16,DKI3 (Jagakarsa),65.9,36.1,18.2,15.2,42.3,20.7,52.7,PM10,SEDANG
2023-04-16,DKI4 (Lubang Buaya),75.9,60.2,14.9,13.8,30.6,24.5,72.3,PM25,SEDANG
2023-04-16,DKI5 (Kebon Jeruk),63.7,62.9,10.8,10.2,28.8,17.5,75.5,PM25,SEDANG
2023-04-17,DKI1 (Bunderan HI),90.9,63.3,10.0,17.9,52.9,22.0,75.9,PM25,SEDANG
2023-04-17,DKI2 (Kelapa Gading),123.3,65.6,10.4,16.1,48.7,30.9,98.6,PM10,SEDANG
2023-04-17,DKI3 (Jagakarsa),74.4,27.5,17.3,21.7,39.2,21.1,59.5,PM10,SEDANG
2023-04-17,DKI4 (Lubang Buaya),59.6,49.2,18.8,15.6,20.7,9.2,59.0,PM25,SEDANG
2023-04-17,DKI5 (Kebon Jeruk),84.8,44.9,11.0,19.6,55.2,5.9,67.8,PM10,SEDANG
2023-04-18,DKI1 (Bunderan HI),68.9,29.5,12.3,20.5,41.6,12.2,55.1,PM10,SEDANG
2023-04-18,DKI2 (Kelapa Gading),98.6,44.5,13.6,18.5,52.5,16.6,78.9,PM10,SEDANG
2023-04-18,DKI3 (Jagakarsa),130.6,47.3,2.5,12.2,40.8,23.9,104.5,PM10,TIDAK SEHAT
2023-04-18,DKI4 (Lubang Buaya),122.2,57.8,15.0,17.3,52.4,24.1,97.8,PM10,SEDANG
2023-04-18,DKI5 (Kebon Jeruk),47.3,19.7,15.0,14.7,35.6,22.3,37.8,PM10,BAIK
2023-04-19,DKI1 (Bunderan HI),97.0,44.0,9.0,4.1,23.9,20.2,77.6,PM10,SEDANG
2023-04-19,DKI2 (Kelapa Gading),103.6,70.7,9.6,23.0,34.5,17.2,84.8,PM25,SEDANG
2023-04-19,DKI3 (Jagakarsa),114.9,52.7,12.9,16.2,38.2,23.4,91.9,PM10,SEDANG
2023-04-19,DKI4 (Lubang Buaya),55.4,59.0,6.2,30.7,55.5,21.8,70.8,PM25,SEDANG
2023-04-20,DKI1 (Bunderan HI),89.6,34.9,18.9,20.4,5.6,21.8,71.7,PM10,SEDANG
2023-04-20,DKI2 (Kelapa Gading),98.8,56.5,8.6,4.4,54.1,8.9,79.0,PM10,SEDANG
2023-04-20,DKI3 (Jagakarsa),77.3,40.5,16.7,6.9,18.6,28.5,61.8,PM10,SEDANG
2023-04-20,DKI4 (Lubang Buaya),56.0,56.4,15.0,9.9,51.3,30.3,67.7,PM25,SEDANG
2023-04-20,DKI5 (Kebon Jeruk),73.5,46.7,13.5,21.4,44.8,15.9,58.8,PM10,SEDANG
2023-04-21,DKI1 (Bunderan HI),91.0,41.8,14.5,22.4,41.0,14.9,72.8,PM10,SEDANG
2023-04-21,DKI3 (Jagakarsa),76.9,32.5,9.7,16.5,35.0,19.6,61.5,PM10,SEDANG
2023-04-21,DKI4 (Lubang Buaya),105.1,72.7,11.1,15.5,49.4,25.0,87.3,PM25,SEDANG
2023-04-21,DKI5 (Kebon Jeruk),50.4,33.9,16.2,16.3,27.6,14.8,40.7,PM25,BAIK
2023-04-22,DKI1 (Bunderan HI),103.3,69.4,15.8,14.6,22.2,23.9,83.2,PM25,SEDANG
2023-04-22,DKI2 (Kelapa Gading),111.9,41.4,20.0,10.2,48.7,16.1,89.6,PM10,SEDANG
2023-04-22,DKI3 (Jagakarsa),65.1,32.6,13.2,12.9,35.6,20.3,52.1,PM10,SEDANG
2023-04-22,DKI4 (Lubang Buaya),113.7,73.0,3.4,23.3,25.3,22.9,90.9,PM10,SEDANG
2023-04-22,DKI5 (Kebon Jeruk),47.9,54.2,20.0,8.0,46.4,17.9,65.1,PM25,SEDANG
2023-04-23,DKI1 (Bunderan HI),133.6,36.8,15.4,25.8,29.5,23.2,106.8,PM10,TIDAK SEHAT
2023-04-23,DKI2 (Kelapa Gading),108.1,72.1,12.7,11.7,41.3,24.9,86.6,PM25,SEDANG
2023-04-23,DKI3 (Jagakarsa),38.9,40.9,8.6,17.0,55.9,21.3,50.3,O3,SEDANG
2023-04-23,DKI4 (Lubang Buaya),64.2,79.3,22.0,18.3,35.6,14.3,95.1,PM25,SEDANG
2023-04-23,DKI5 (Kebon Jeruk),85.1,49.6,7.6,15.7,35.7,23.1,68.1,PM10,SEDANG
2023-04-24,DKI1 (Bunderan HI),84.3,62.2,15.4,8.2,22.7,17.2,74.7,PM25,SEDANG
2023-04-24,DKI2 (Kelapa Gading),45.5,62.9,13.0,21.6,58.5,9.4,75.4,PM25,SEDANG
2023-04-24,DKI3 (Jagakarsa),84.4,72.5,14.5,17.8,31.0,16.6,87.0,PM25,SEDANG
2023-04-24,DKI4 (Lubang Buaya),95.3,68.4,9.8,20.0,41.8,21.3,82.1,PM25,SEDANG
2023-04-24,DKI5 (Kebon Jeruk),63.5,58.0,18.1,19.0,27.2,27.6,69.7,PM25,SEDANG
2023-04-25,DKI1 (Bunderan HI),69.6,46.3,15.2,18.6,59.7,3.9,55.7,PM10,SEDANG
2023-04-25,DKI2 (Kelapa Gading),97.7,65.2,14.7,15.1,27.1,20.6,78.3,PM25,SEDANG
2023-04-25,DKI3 (Jagakarsa),136.6,77.7,14.5,11.2,52.8,21.9,109.3,PM10,TIDAK SEHAT
2023-04-25,DKI4 (Lubang Buaya),33.4,25.6,25.8,9.9,40.2,24.4,36.2,O3,BAIK
2023-04-25,DKI5 (Kebon Jeruk),82.5,41.7,19.1,20.1,47.6,11.7,66.0,PM10,SEDANG
2023-04-26,DKI1 (Bunderan HI),84.2,73.2,14.2,16.3,38.7,24.1,87.8,PM25,SEDANG
2023-04-26,DKI2 (Kelapa Gading),78.8,53.1,6.9,18.5,27.6,22.0,63.7,PM25,SEDANG
2023-04-26,DKI3 (Jagakarsa),64.3,39.0,11.4,17.3,47.8,29.7,51.4,PM10,SEDANG
2023-04-26,DKI4 (Lubang Buaya),104.1,53.4,17.8,11.0,43.7,32.6,83.2,PM10,SEDANG
2023-04-26,DKI5 (Kebon Jeruk),52.2,66.4,15.2,10.6,39.0,26.3,79.6,PM25,SEDANG
2023-04-27,DKI1 (Bunderan HI),131.0,67.8,15.8,13.6,44.9,19.0,104.8,PM10,TIDAK SEHAT
2023-04-27,DKI2 (Kelapa Gading),73.6,13.7,9.8,12.8,42.2,14.3,58.8,PM10,SEDANG
2023-04-27,DKI3 (Jagakarsa),115.9,68.1,9.0,14.8,37.2,18.9,92.7,PM10,SEDANG
2023-04-27,DKI4 (Lubang Buaya),100.6,47.1,11.6,24.2,27.1,29.5,80.5,PM10,SEDANG
2023-04-27,DKI5 (Kebon Jeruk),102.9,56.5,8.6,27.2,58.4,11.7,82.3,PM10,SEDANG
2023-04-28,DKI1 (Bunderan HI),103.0,43.2,14.8,23.3,47.4,28.4,82.4,PM10,SEDANG
2023-04-28,DKI2 (Kelapa Gading),119.5,86.6,8.6,28.7,23.5,25.5,103.9,PM25,TIDAK SEHAT
2023-04-28,DKI3 (Jagakarsa),70.5,82.0,19.2,18.4,42.5,25.4,98.4,PM25,SEDANG
2023-04-28,DKI4 (Lubang Buaya),84.5,88.0,11.7,19.1,56.0,11.1,105.7,PM25,TIDAK SEHAT
2023-04-28,DKI5 (Kebon Jeruk),101.4,61.7,15.1,4.5,47.7,8.4,81.1,PM10,SEDANG
2023-04-29,DKI1 (Bunderan HI),119.7,14.1,22.1,11.5,30.4,14.6,95.8,PM10,SEDANG
2023-04-29,DKI2 (Kelapa Gading),65.8,66.2,11.4,17.9,34.0,23.8,79.4,PM25,SEDANG
2023-04-29,DKI3 (Jagakarsa),124.9,33.6,12.9,15.1,23.2,12.6,99.9,PM10,SEDANG
2023-04-29,DKI4 (Lubang Buaya),51.2,54.2,17.6,6.6,39.5,18.8,65.0,PM25,SEDANG
2023-04-29,DKI5 (Kebon Jeruk),96.6,58.1,18.7,18.5,30.3,18.1,77.2,PM10,SEDANG
2023-04-30,DKI1 (Bunderan HI),99.6,39.1,16.9,15.2,42.2,14.5,79.7,PM10,SEDANG
2023-04-30,DKI2 (Kelapa Gading),98.4,44.5,12.3,13.1,51.6,23.5,78.8,PM10,SEDANG
2023-04-30,DKI3 (Jagakarsa),85.4,56.6,14.7,10.1,37.5,23.8,68.3,PM10,SEDANG
2023-04-30,DKI4 (Lubang Buaya),64.6,46.9,16.8,7.4,54.7,27.5,56.3,PM25,SEDANG
2023-04-30,DKI5 (Kebon Jeruk),81.0,49.7,9.6,20.6,37.2,16.7,64.8,PM10,SEDANG
2023-05-01,DKI1 (Bunderan HI),94.5,36.6,7.4,20.1,45.2,6.0,75.6,PM10,SEDANG
2023-05-01,DKI2 (Kelapa Gading),33.5,37.0,23.2,8.2,45.5,17.6,44.4,PM25,BAIK
2023-05-01,DKI3 (Jagakarsa),43.1,14.2,9.9,16.9,70.9,35.1,63.8,O3,SEDANG
2023-05-01,DKI4 (Lubang Buaya),94.4,58.0,14.3,11.3,33.4,10.6,75.6,PM10,SEDANG
2023-05-02,DKI1 (Bunderan HI),61.8,57.8,9.9,11.4,38.0,10.4,69.3,PM25,SEDANG
2023-05-02,DKI2 (Kelapa Gading),63.7,34.1,10.6,32.4,42.5,24.7,51.0,PM10,SEDANG
2023-05-02,DKI3 (Jagakarsa),82.2,24.8,17.3,14.7,37.3,19.3,65.7,PM10,SEDANG
2023-05-02,DKI4 (Lubang Buaya),89.6,76.4,13.3,9.3,41.7,26.5,91.7,PM25,SEDANG
2023-05-02,DKI5 (Kebon Jeruk),89.4,50.5,6.4,22.6,62.0,20.6,71.5,PM10,SEDANG
2023-05-03,DKI1 (Bunderan HI),92.1,58.2,15.0,9.9,31.2,19.2,73.7,PM10,SEDANG
2023-05-03,DKI2 (Kelapa Gading),46.2,68.7,7.6,25.6,46.3,11.0,82.4,PM25,SEDANG
2023-05-03,DKI3 (Jagakarsa),41.9,69.9,12.9,10.4,71.7,22.7,83.9,PM25,SEDANG
2023-05-03,DKI4 (Lubang Buaya),88.5,33.2,17.6,17.0,38.2,24.8,70.8,PM10,SEDANG
2023-05-03,DKI5 (Kebon Jeruk),68.8,43.8,18.6,19.7,35.9,33.8,55.0,PM10,SEDANG
2023-05-04,DKI1 (Bunderan HI),105.6,34.0,10.9,13.8,46.5,25.7,84.5,PM10,SEDANG
2023-05-04,DKI2 (Kelapa Gading),119.2,19.1,14.8,16.3,51.9,24.4,95.4,PM10,SEDANG
2023-05-04,DKI3 (Jagakarsa),108.2,48.2,21.6,12.3,61.2,26.2,86.6,PM10,SEDANG
2023-05-04,DKI4 (Lubang Buaya),58.1,19.5,12.6,6.8,29.9,15.7,46.5,PM10,BAIK
2023-05-04,DKI5 (Kebon Jeruk),43.2,11.9,14.7,26.3,54.1,1.0,48.7,O3,BAIK
2023-05-05,DKI1 (Bunderan HI),70.1,50.4,19.8,17.4,42.5,20.4,60.5,PM25,SEDANG
2023-05-05,DKI2 (Kelapa Gading),26.0,35.8,16.1,18.1,20.3,15.2,43.0,PM25,BAIK
2023-05-05,DKI3 (Jagakarsa),94.9,41.5,13.7,5.3,47.8,21.3,75.9,PM10,SEDANG
2023-05-05,DKI4 (Lubang Buaya),69.2,50.3,9.6,9.2,44.1,11.5,60.3,PM25,SEDANG
2023-05-05,DKI5 (Kebon Jeruk),89.6,97.1,13.8,18.4,41.8,4.8,116.6,PM25,TIDAK SEHAT
2023-05-06,DKI1 (Bunderan HI),67.8,6.7,17.2,11.8,37.0,16.0,54.2,PM10,SEDANG
2023-05-06,DKI2 (Kelapa Gading),80.0,73.8,6.2,14.7,17.7,23.3,88.6,PM25,SEDANG
2023-05-06,DKI3 (Jagakarsa),43.3,62.4,14.9,12.6,55.2,26.3,74.8,PM25,SEDANG
2023-05-06,DKI4 (Lubang Buaya),76.6,49.3,7.7,25.1,41.5,30.2,61.3,PM10,SEDANG
2023-05-06,DKI5 (Kebon Jeruk),120.6,48.1,6.1,17.3,32.4,17.5,96.5,PM10,SEDANG
2023-05-07,DKI1 (Bunderan HI),105.1,79.2,11.7,33.0,29.1,15.1,95.0,PM25,SEDANG
2023-05-07,DKI2 (Kelapa Gading),114.1,33.7,19.6,18.1,36.7,27.8,91.3,PM10,SEDANG
2023-05-07,DKI3 (Jagakarsa),64.3,57.8,22.3,6.8,41.1,30.9,69.3,PM25,SEDANG
2023-05-07,DKI4 (Lubang Buaya),81.4,32.3,24.1,22.3,43.6,19.9,65.1,PM10,SEDANG
2023-05-07,DKI5 (Kebon Jeruk),60.1,58.4,23.5,13.9,46.4,25.8,70.1,PM25,SEDANG
2023-05-08,DKI1 (Bunderan HI),84.2,35.7,11.6,15.0,34.2,23.0,67.4,PM10,SEDANG
2023-05-08,DKI2 (Kelapa Gading),22.5,61.1,10.4,12.3,37.1,6.0,73.4,PM25,SEDANG
2023-05-08,DKI3 (Jagakarsa),71.7,44.2,17.7,15.2,28.1,18.6,57.3,PM10,SEDANG
2023-05-08,DKI4 (Lubang Buaya),89.5,41.9,19.9,10.3,42.1,21.9,71.6,PM10,SEDANG
2023-05-08,DKI5 (Kebon Jeruk),107.2,31.6,16.4,18.6,30.4,24.2,85.8,PM10,SEDANG
2023-05-09,DKI1 (Bunderan HI),75.6,45.5,15.8,18.3,33.3,6.2,60.5,PM10,SEDANG
2023-05-09,DKI2 (Kelapa Gading),86.8,41.5,13.9,14.9,43.3,8.9,69.4,PM10,SEDANG
2023-05-09,DKI3 (Jagakarsa),79.3,42.8,14.6,15.1,46.3,1.8,63.5,PM10,SEDANG
2023-05-09,DKI4 (Lubang Buaya),60.7,59.4,11.5,25.8,50.2,20.2,71.3,PM25,SEDANG
2023-05-10,DKI1 (Bunderan HI),39.2,79.3,10.7,19.1,26.6,24.9,95.2,PM25,SEDANG
2023-05-10,DKI2 (Kelapa Gading),86.7,63.0,18.6,21.0,36.4,16.4,75.6,PM25,SEDANG
2023-05-10,DKI3 (Jagakarsa),72.4,66.7,14.7,10.7,62.5,20.6,80.0,PM25,SEDANG
2023-05-10,DKI4 (Lubang Buaya),109.2,34.4,18.1,21.9,58.5,11.2,87.3,PM10,SEDANG
2023-05-10,DKI5 (Kebon Jeruk),53.7,62.4,11.0,23.5,67.3,16.2,74.9,PM25,SEDANG
2023-05-11,DKI1 (Bunderan HI),73.5,37.6,13.4,21.0,39.1,31.6,58.8,PM10,SEDANG
2023-05-11,DKI2 (Kelapa Gading),113.3,58.3,13.7,5.1,59.7,16.9,90.7,PM10,SEDANG
2023-05-11,DKI3 (Jagakarsa),108.8,47.8,4.1,15.0,50.2,8.5,87.0,PM10,SEDANG
2023-05-11,DKI4 (Lubang Buaya),98.1,55.6,7.1,14.1,28.9,19.2,78.5,PM10,SEDANG
2023-05-11,DKI5 (Kebon Jeruk),50.2,83.0,13.4,17.4,52.0,14.0,99.5,PM25,SEDANG
2023-05-12,DKI1 (Bunderan HI),87.6,54.2,10.0,13.0,51.0,16.4,70.1,PM10,SEDANG
2023-05-12,DKI3 (Jagakarsa),75.5,81.8,22.0,12.2,37.8,28.2,98.1,PM25,SEDANG
2023-05-12,DKI4 (Lubang Buaya),125.8,68.8,18.0,15.1,28.4,15.4,100.6,PM10,TIDAK SEHAT
2023-05-12,DKI5 (Kebon Jeruk),92.4,47.9,3.7,17.1,55.0,35.8,73.9,PM10,SEDANG
2023-05-13,DKI1 (Bunderan HI),61.6,57.3,10.5,19.3,25.5,9.1,68.8,PM25,SEDANG
2023-05-13,DKI2 (Kelapa Gading),78.1,62.0,8.2,5.1,57.4,16.6,74.4,PM25,SEDANG
2023-05-13,DKI3 (Jagakarsa),60.5,49.5,8.2,7.4,56.6,17.1,59.4,PM25,SEDANG
2023-05-13,DKI4 (Lubang Buaya),87.2,40.0,19.5,15.7,57.4,14.3,69.7,PM10,SEDANG
2023-05-13,DKI5 (Kebon Jeruk),62.9,33.1,16.9,22.7,35.6,19.9,50.3,PM10,SEDANG
2023-05-14,DKI1 (Bunderan HI),76.8,73.2,12.1,18.6,56.3,17.9,87.8,PM25,SEDANG
2023-05-14,DKI2 (Kelapa Gading),69.3,46.8,13.8,19.4,43.5,25.3,56.2,PM25,SEDANG
2023-05-14,DKI3 (Jagakarsa),77.0,27.2,12.1,22.6,57.4,25.4,61.6,PM10,SEDANG
2023-05-14,DKI4 (Lubang Buaya),133.9,38.4,21.3,22.6,41.6,2.8,107.1,PM10,TIDAK SEHAT
2023-05-14,DKI5 (Kebon Jeruk),77.4,50.6,7.8,16.2,41.0,20.7,61.9,PM10,SEDANG
2023-05-15,DKI1 (Bunderan HI),59.7,47.3,9.3,16.6,26.4,16.0,56.7,PM25,SEDANG
2023-05-15,DKI2 (Kelapa Gading),91.1,41.5,13.3,17.0,52.3,18.9,72.8,PM10,SEDANG
2023-05-15,DKI3 (Jagakarsa),76.8,56.8,16.6,11.6,32.2,19.4,68.2,PM25,SEDANG
2023-05-15,DKI4 (Lubang Buaya),110.1,46.8,17.9,22.7,54.8,10.6,88.1,PM10,SEDANG
2023-05-15,DKI5 (Kebon Jeruk),111.8,69.8,16.4,15.3,40.9,20.0,89.4,PM10,SEDANG
2023-05-16,DKI1 (Bunderan HI),96.0,36.1,9.4,24.0,47.9,18.4,76.8,PM10,SEDANG
2023-05-16,DKI2 (Kelapa Gading),84.3,64.7,14.2,8.9,53.2,31.9,77.6,PM25,SEDANG
2023-05-16,DKI3 (Jagakarsa),90.6,73.1,5.7,19.9,22.5,16.9,87.7,PM25,SEDANG
2023-05-16,DKI4 (Lubang Buaya),95.1,32.2,11.4,12.7,51.5,16.5,76.0,PM10,SEDANG
2023-05-16,DKI5 (Kebon Jeruk),76.4,61.6,18.0,10.8,66.2,27.6,73.9,PM25,SEDANG
2023-05-17,DKI1 (Bunderan HI),126.7,47.0,17.3,17.7,60.1,10.3,101.4,PM10,TIDAK SEHAT
2023-05-17,DKI2 (Kelapa Gading),132.1,60.4,14.4,13.1,51.9,20.8,105.7,PM10,TIDAK SEHAT
2023-05-17,DKI3 (Jagakarsa),97.3,71.4,15.9,24.7,22.5,26.3,85.7,PM25,SEDANG
2023-05-17,DKI4 (Lubang Buaya),56.4,51.9,2.8,16.8,52.3,13.2,62.3,PM25,SEDANG
2023-05-17,DKI5 (Kebon Jeruk),122.4,22.0,10.6,6.2,39.7,8.2,97.9,PM10,SEDANG
2023-05-18,DKI1 (Bunderan HI),59.3,82.7,2.6,9.7,18.2,24.5,99.2,PM25,SEDANG
2023-05-18,DKI2 (Kelapa Gading),101.4,25.1,16.4,21.5,45.3,4.8,81.1,PM10,SEDANG
2023-05-18,DKI3 (Jagakarsa),55.9,49.0,9.2,7.0,53.4,19.0,58.8,PM25,SEDANG
2023-05-18,DKI4 (Lubang Buaya),111.7,78.5,10.1,3.3,46.8,9.8,94.3,PM25,SEDANG
2023-05-19,DKI1 (Bunderan HI),84.9,60.2,12.8,21.7,48.5,13.5,72.3,PM25,SEDANG
2023-05-19,DKI2 (Kelapa Gading),53.3,46.3,15.6,16.4,41.1,26.1,55.6,PM25,SEDANG
2023-05-19,DKI3 (Jagakarsa),58.7,56.3,12.0,20.2,52.1,18.1,67.6,PM25,SEDANG
2023-05-19,DKI4 (Lubang Buaya),150.6,48.4,10.2,29.1,41.5,11.3,120.5,PM10,TIDAK SEHAT
2023-05-19,DKI5 (Kebon Jeruk),80.3,32.2,17.0,17.2,50.8,17.7,64.2,PM10,SEDANG
2023-05-20,DKI1 (Bunderan HI),78.0,51.8,3.6,22.7,28.8,31.0,62.4,PM10,SEDANG
2023-05-20,DKI2 (Kelapa Gading),87.0,38.7,18.7,17.0,35.1,20.5,69.6,PM10,SEDANG
2023-05-20,DKI3 (Jagakarsa),122.9,43.2,15.4,21.4,41.0,17.2,98.3,PM10,SEDANG
2023-05-20,DKI4 (Lubang Buaya),52.2,67.4,9.5,20.3,48.1,16.8,80.9,PM25,SEDANG
2023-05-20,DKI5 (Kebon Jeruk),98.4,71.1,24.9,13.4,26.6,21.0,85.3,PM25,SEDANG
2023-05-21,DKI1 (Bunderan HI),80.8,44.3,10.3,17.3,22.7,23.4,64.7,PM10,SEDANG
2023-05-21,DKI2 (Kelapa Gading),82.7,36.4,20.0,24.9,30.6,9.7,66.2,PM10,SEDANG
2023-05-21,DKI3 (Jagakarsa),80.6,53.9,13.1,17.7,33.2,12.5,64.7,PM25,SEDANG
2023-05-21,DKI4 (Lubang Buaya),109.3,76.9,8.8,9.7,43.6,12.9,92.3,PM25,SEDANG
2023-05-21,DKI5 (Kebon Jeruk),122.5,32.1,13.7,8.7,35.0,17.6,98.0,PM10,SEDANG
2023-05-22,DKI1 (Bunderan HI),30.2,38.6,13.1,12.8,42.7,17.5,46.3,PM25,BAIK
2023-05-22,DKI2 (Kelapa Gading),146.0,57.9,10.0,10.6,53.7,10.7,116.8,PM10,TIDAK SEHAT
2023-05-22,DKI3 (Jagakarsa),101.9,78.7,17.7,22.6,47.1,22.2,94.4,PM25,SEDANG
2023-05-22,DKI4 (Lubang Buaya),53.3,84.1,23.7,10.7,44.4,25.0,100.9,PM25,TIDAK SEHAT
2023-05-22,DKI5 (Kebon Jeruk),101.6,81.9,18.0,19.5,42.6,20.0,98.2,PM25,SEDANG
2023-05-23,DKI1 (Bunderan HI),108.7,64.9,13.0,17.7,41.4,16.2,87.0,PM10,SEDANG
2023-05-23,DKI2 (Kelapa Gading),42.9,42.7,17.0,18.4,53.5,23.0,51.2,PM25,SEDANG
2023-05-23,DKI3 (Jagakarsa),131.5,41.3,13.2,3.2,35.0,20.7,105.2,PM10,TIDAK SEHAT
2023-05-23,DKI4 (Lubang Buaya),100.5,48.4,9.9,28.5,34.2,5.0,80.4,PM10,SEDANG
2023-05-23,DKI5 (Kebon Jeruk),40.3,75.7,17.5,20.1,35.1,3.9,90.9,PM25,SEDANG
2023-05-24,DKI1 (Bunderan HI),50.4,13.9,13.8,24.4,29.5,19.4,40.3,PM10,BAIK
2023-05-24,DKI2 (Kelapa Gading),105.5,24.3,16.9,18.3,36.1,29.1,84.4,PM10,SEDANG
2023-05-24,DKI3 (Jagakarsa),102.2,65.1,13.1,23.8,19.0,16.4,81.8,PM10,SEDANG
2023-05-24,DKI4 (Lubang Buaya),74.5,41.8,10.5,21.9,35.3,18.2,59.6,PM10,SEDANG
2023-05-24,DKI5 (Kebon Jeruk),150.4,52.1,11.8,12.8,39.7,17.1,120.3,PM10,TIDAK SEHAT
2023-05-25,DKI1 (Bunderan HI),132.2,54.2,11.9,30.6,34.7,8.2,105.7,PM10,TIDAK SEHAT
2023-05-25,DKI2 (Kelapa Gading),72.0,20.1,15.8,16.6,46.5,15.2,57.6,PM10,SEDANG
2023-05-25,DKI3 (Jagakarsa),89.1,79.9,17.9,22.7,49.6,29.5,95.9,PM25,SEDANG
2023-05-25,DKI4 (Lubang Buaya),88.7,52.4,14.0,12.5,39.9,28.5,71.0,PM10,SEDANG
2023-05-25,DKI5 (Kebon Jeruk),67.7,50.6,18.8,16.4,40.5,21.8,60.8,PM25,SEDANG
2023-05-26,DKI1 (Bunderan HI),104.6,25.3,18.8,18.0,24.0,22.4,83.7,PM10,SEDANG
2023-05-26,DKI2 (Kelapa Gading),110.5,50.5,16.3,18.9,56.7,23.9,88.4,PM10,SEDANG
2023-05-26,DKI3 (Jagakarsa),77.1,26.2,9.7,21.6,51.3,10.8,61.7,PM10,SEDANG
2023-05-26,DKI4 (Lubang Buaya),65.1,45.1,21.1,13.5,28.2,29.0,54.2,PM25,SEDANG
2023-05-26,DKI5 (Kebon Jeruk),81.9,47.9,11.5,12.5,46.5,17.1,65.5,PM10,SEDANG
2023-05-27,DKI1 (Bunderan HI),61.2,36.6,18.5,22.9,37.8,18.9,49.0,PM10,BAIK
2023-05-27,DKI2 (Kelapa Gading),95.4,50.7,12.5,16.9,54.0,15.2,76.4,PM10,SEDANG
2023-05-27,DKI3 (Jagakarsa),78.0,76.7,16.6,23.7,43.9,25.3,92.0,PM25,SEDANG
2023-05-27,DKI4 (Lubang Buaya),146.1,60.1,8.2,11.9,43.7,18.3,116.9,PM10,TIDAK SEHAT
2023-05-27,DKI5 (Kebon Jeruk),103.6,23.1,8.7,16.7,41.3,10.7,82.9,PM10,SEDANG
2023-05-28,DKI1 (Bunderan HI),131.4,60.0,12.6,22.0,34.1,34.2,105.1,PM10,TIDAK SEHAT
2023-05-28,DKI2 (Kelapa Gading),66.9,45.7,23.0,12.8,40.6,17.3,54.8,PM25,SEDANG
2023-05-28,DKI3 (Jagakarsa),48.1,58.8,18.3,20.7,42.6,3.3,70.6,PM25,SEDANG
2023-05-28,DKI4 (Lubang Buaya),96.4,38.8,8.9,18.1,36.4,13.5,77.1,PM10,SEDANG
2023-05-28,DKI5 (Kebon Jeruk),115.6,48.1,12.0,21.4,40.7,22.6,92.5,PM10,SEDANG
2023-05-29,DKI1 (Bunderan HI),34.4,13.9,9.2,15.7,55.9,8.1,50.3,O3,SEDANG
2023-05-29,DKI2 (Kelapa Gading),50.5,70.2,9.3,10.4,53.5,1.0,84.3,PM25,SEDANG
2023-05-29,DKI3 (Jagakarsa),94.1,71.3,13.6,15.3,51.6,20.7,85.5,PM25,SEDANG
2023-05-29,DKI4 (Lubang Buaya),28.6,15.4,16.5,10.2,45.0,22.1,40.5,O3,BAIK
2023-05-29,DKI5 (Kebon Jeruk),89.1,32.6,13.6,10.9,40.2,16.7,71.2,PM10,SEDANG
2023-05-30,DKI1 (Bunderan HI),67.6,63.2,22.3,18.1,30.8,12.7,75.8,PM25,SEDANG
2023-05-30,DKI2 (Kelapa Gading),62.4,53.1,9.8,19.5,40.6,14.9,63.7,PM25,SEDANG
2023-05-30,DKI3 (Jagakarsa),110.9,40.5,9.9,8.9,76.7,22.5,88.7,PM10,SEDANG
2023-05-30,DKI4 (Lubang Buaya),115.2,48.6,12.0,14.8,35.9,17.6,92.2,PM10,SEDANG
2023-05-30,DKI5 (Kebon Jeruk),82.0,77.2,16.3,21.0,59.4,7.6,92.6,PM25,SEDANG
2023-05-31,DKI1 (Bunderan HI),73.9,70.7,9.9,7.9,27.5,25.3,84.8,PM25,SEDANG
2023-05-31,DKI2 (Kelapa Gading),117.7,48.6,15.9,16.5,44.5,12.7,94.1,PM10,SEDANG
2023-05-31,DKI3 (Jagakarsa),27.9,41.5,19.1,24.6,33.2,14.9,49.9,PM25,BAIK
2023-05-31,DKI4 (Lubang Buaya),95.6,87.2,19.4,24.1,26.2,30.1,104.7,PM25,TIDAK SEHAT
2023-05-31,DKI5 (Kebon Jeruk),69.9,40.8,18.6,21.3,49.5,24.5,55.9,PM10,SEDANG
2023-06-01,DKI1 (Bunderan HI),106.2,86.9,24.0,30.9,66.8,13.6,104.3,PM25,TIDAK SEHAT
2023-06-01,DKI2 (Kelapa Gading),101.5,63.1,19.2,24.9,53.3,28.4,81.2,PM10,SEDANG
2023-06-01,DKI3 (Jagakarsa),113.6,46.6,10.0,15.4,38.4,10.9,90.8,PM10,SEDANG
2023-06-01,DKI4 (Lubang Buaya),129.9,94.7,15.5,24.9,74.6,28.5,113.7,PM25,TIDAK SEHAT
2023-06-01,DKI5 (Kebon Jeruk),86.0,65.2,11.9,16.5,45.9,8.1,78.2,PM25,SEDANG
2023-06-02,DKI1 (Bunderan HI),109.8,35.1,17.8,24.1,60.6,25.7,87.8,PM10,SEDANG
2023-06-02,DKI2 (Kelapa Gading),120.8,92.8,24.7,20.1,45.6,38.0,111.3,PM25,TIDAK SEHAT
2023-06-02,DKI3 (Jagakarsa),105.5,59.0,23.8,25.4,69.0,26.2,84.4,PM10,SEDANG
2023-06-02,DKI4 (Lubang Buaya),142.3,58.1,14.7,15.2,79.1,17.3,113.8,PM10,TIDAK SEHAT
2023-06-02,DKI5 (Kebon Jeruk),96.5,73.5,21.2,30.5,45.1,8.7,88.2,PM25,SEDANG
2023-06-03,DKI1 (Bunderan HI),122.3,108.8,19.1,20.5,75.1,26.8,130.5,PM25,TIDAK SEHAT
2023-06-03,DKI2 (Kelapa Gading),86.6,37.9,6.6,16.2,59.4,26.0,69.3,PM10,SEDANG
2023-06-03,DKI3 (Jagakarsa),66.8,71.9,16.6,37.0,48.0,9.6,86.2,PM25,SEDANG
2023-06-03,DKI4 (Lubang Buaya),145.5,78.4,25.4,19.6,80.8,26.9,116.4,PM10,TIDAK SEHAT
2023-06-03,DKI5 (Kebon Jeruk),92.3,75.6,13.3,18.1,37.9,21.2,90.7,PM25,SEDANG
2023-06-04,DKI1 (Bunderan HI),130.6,60.3,21.0,25.5,59.2,20.1,104.5,PM10,TIDAK SEHAT
2023-06-04,DKI2 (Kelapa Gading),87.6,62.6,25.8,29.4,63.3,17.7,75.2,PM25,SEDANG
2023-06-04,DKI3 (Jagakarsa),107.7,90.7,18.4,27.7,43.4,17.0,108.8,PM25,TIDAK SEHAT
2023-06-04,DKI4 (Lubang Buaya),85.6,37.0,14.0,21.2,54.6,18.6,68.5,PM10,SEDANG
2023-06-04,DKI5 (Kebon Jeruk),99.7,37.3,23.6,19.8,53.6,12.2,79.8,PM10,SEDANG
2023-06-05,DKI1 (Bunderan HI),127.4,71.4,16.9,16.7,60.1,17.2,101.9,PM10,TIDAK SEHAT
2023-06-05,DKI2 (Kelapa Gading),137.8,91.9,13.4,24.3,43.5,11.9,110.2,PM25,TIDAK SEHAT
2023-06-05,DKI3 (Jagakarsa),93.9,61.7,12.4,23.5,58.6,35.2,75.1,PM10,SEDANG
2023-06-05,DKI5 (Kebon Jeruk),124.7,89.0,17.1,24.8,59.4,18.4,106.8,PM25,TIDAK SEHAT
2023-06-06,DKI1 (Bunderan HI),113.9,78.8,18.9,22.6,44.5,38.2,94.5,PM25,SEDANG
2023-06-06,DKI2 (Kelapa Gading),92.5,60.2,25.2,30.9,51.8,23.8,74.0,PM10,SEDANG
2023-06-06,DKI3 (Jagakarsa),135.7,86.1,20.1,25.9,57.7,8.2,108.6,PM10,TIDAK SEHAT
2023-06-06,DKI4 (Lubang Buaya),131.0,43.2,13.0,20.4,47.9,20.0,104.8,PM10,TIDAK SEHAT
2023-06-06,DKI5 (Kebon Jeruk),160.9,87.0,20.2,28.0,75.3,17.8,128.8,PM10,TIDAK SEHAT
2023-06-07,DKI1 (Bunderan HI),98.7,74.4,18.5,19.5,67.0,22.7,89.3,PM25,SEDANG
2023-06-07,DKI2 (Kelapa Gading),76.9,92.1,26.0,33.9,78.3,22.5,110.5,PM25,TIDAK SEHAT
2023-06-07,DKI3 (Jagakarsa),100.3,33.2,13.5,24.1,36.1,28.4,80.2,PM10,SEDANG
2023-06-07,DKI4 (Lubang Buaya),120.4,53.1,21.1,25.8,41.7,21.0,96.4,PM10,SEDANG
2023-06-07,DKI5 (Kebon Jeruk),115.8,49.6,3.7,23.2,44.4,12.9,92.6,PM10,SEDANG
2023-06-08,DKI1 (Bunderan HI),83.1,39.5,16.4,31.7,66.8,26.4,66.5,PM10,SEDANG
2023-06-08,DKI2 (Kelapa Gading),97.5,71.2,22.0,28.8,45.5,10.3,85.5,PM25,SEDANG
2023-06-08,DKI3 (Jagakarsa),157.0,90.0,18.2,18.7,47.6,19.7,125.6,PM10,TIDAK SEHAT
2023-06-08,DKI4 (Lubang Buaya),68.6,61.2,17.3,15.0,55.0,31.5,73.5,PM25,SEDANG
2023-06-08,DKI5 (Kebon Jeruk),95.2,87.2,19.9,23.6,43.1,34.4,104.6,PM25,TIDAK SEHAT
2023-06-09,DKI1 (Bunderan HI),118.0,75.4,23.1,16.3,64.7,21.2,94.4,PM10,SEDANG
2023-06-09,DKI2 (Kelapa Gading),97.9,68.1,15.8,18.2,46.6,23.1,81.7,PM25,SEDANG
2023-06-09,DKI3 (Jagakarsa),76.1,53.4,20.4,15.9,59.5,36.0,64.1,PM25,SEDANG
2023-06-09,DKI4 (Lubang Buaya),151.0,36.2,19.4,15.7,40.7,24.6,120.8,PM10,TIDAK SEHAT
2023-06-09,DKI5 (Kebon Jeruk),135.8,84.0,10.2,23.6,51.0,13.1,108.6,PM10,TIDAK SEHAT
2023-06-10,DKI1 (Bunderan HI),126.3,40.0,18.1,26.9,56.0,23.2,101.0,PM10,TIDAK SEHAT
2023-06-10,DKI2 (Kelapa Gading),121.7,73.9,22.7,23.1,65.4,30.1,97.4,PM10,SEDANG
2023-06-10,DKI3 (Jagakarsa),132.9,31.0,15.3,27.4,61.3,25.5,106.3,PM10,TIDAK SEHAT
2023-06-10,DKI4 (Lubang Buaya),123.9,81.9,17.8,12.8,79.8,22.6,99.1,PM10,SEDANG
2023-06-10,DKI5 (Kebon Jeruk),114.0,29.7,21.6,16.8,50.2,23.3,91.2,PM10,SEDANG
2023-06-11,DKI1 (Bunderan HI),143.1,99.9,19.9,25.6,58.4,21.0,119.9,PM25,TIDAK SEHAT
2023-06-11,DKI2 (Kelapa Gading),68.0,92.0,20.1,23.6,69.2,16.8,110.4,PM25,TIDAK SEHAT
2023-06-11,DKI3 (Jagakarsa),88.5,68.9,21.5,25.0,65.4,32.9,82.7,PM25,SEDANG
2023-06-11,DKI4 (Lubang Buaya),94.2,115.4,15.0,24.2,54.5,23.1,138.5,PM25,TIDAK SEHAT
2023-06-11,DKI5 (Kebon Jeruk),160.0,92.9,19.4,23.0,28.7,19.8,128.0,PM10,TIDAK SEHAT
2023-06-12,DKI1 (Bunderan HI),104.1,58.9,19.5,20.4,58.2,24.9,83.3,PM10,SEDANG
2023-06-12,DKI2 (Kelapa Gading),126.2,72.3,27.1,21.6,69.2,15.8,101.0,PM10,TIDAK SEHAT
2023-06-12,DKI3 (Jagakarsa),92.3,43.4,27.7,22.3,34.8,17.3,73.8,PM10,SEDANG
2023-06-12,DKI4 (Lubang Buaya),119.4,58.2,14.9,14.1,69.4,34.4,95.5,PM10,SEDANG
2023-06-12,DKI5 (Kebon Jeruk),137.4,92.9,19.8,20.1,30.5,18.5,111.5,PM25,TIDAK SEHAT
2023-06-13,DKI1 (Bunderan HI),107.9,76.4,16.8,21.5,40.8,34.8,91.6,PM25,SEDANG
2023-06-13,DKI2 (Kelapa Gading),109.5,59.6,11.4,31.1,30.6,26.2,87.6,PM10,SEDANG
2023-06-13,DKI3 (Jagakarsa),94.1,66.1,17.8,24.9,55.0,26.8,79.3,PM25,SEDANG
2023-06-13,DKI4 (Lubang Buaya),100.5,61.9,22.6,23.6,65.8,18.8,80.4,PM10,SEDANG
2023-06-13,DKI5 (Kebon Jeruk),106.6,54.3,17.7,16.3,46.1,29.8,85.3,PM10,SEDANG
2023-06-14,DKI1 (Bunderan HI),85.2,70.6,24.5,16.5,65.2,18.8,84.8,PM25,SEDANG
2023-06-14,DKI2 (Kelapa Gading),103.2,84.9,12.8,37.6,53.6,39.8,101.9,PM25,TIDAK SEHAT
2023-06-14,DKI3 (Jagakarsa),151.7,72.9,11.4,26.1,42.2,24.4,121.4,PM10,TIDAK SEHAT
2023-06-14,DKI4 (Lubang Buaya),108.9,65.1,17.5,18.4,45.9,20.6,87.1,PM10,SEDANG
2023-06-14,DKI5 (Kebon Jeruk),136.1,42.6,14.9,33.9,52.3,29.1,108.9,PM10,TIDAK SEHAT
2023-06-15,DKI1 (Bunderan HI),89.7,44.0,20.3,19.7,67.7,20.2,71.8,PM10,SEDANG
2023-06-15,DKI3 (Jagakarsa),109.3,93.4,22.1,21.6,58.3,30.3,112.1,PM25,TIDAK SEHAT
2023-06-15,DKI4 (Lubang Buaya),105.1,37.1,9.9,22.0,51.9,31.3,84.1,PM10,SEDANG
2023-06-15,DKI5 (Kebon Jeruk),143.0,77.8,21.6,31.3,31.9,14.0,114.4,PM10,TIDAK SEHAT
2023-06-16,DKI1 (Bunderan HI),81.9,43.5,17.5,23.4,57.8,27.8,65.5,PM10,SEDANG
2023-06-16,DKI2 (Kelapa Gading),116.8,64.6,15.6,13.4,53.7,28.2,93.4,PM10,SEDANG
2023-06-16,DKI3 (Jagakarsa),137.4,52.1,29.7,27.2,62.9,25.9,109.9,PM10,TIDAK SEHAT
2023-06-16,DKI4 (Lubang Buaya),41.5,73.8,17.0,29.5,54.2,32.7,88.5,PM25,SEDANG
2023-06-16,DKI5 (Kebon Jeruk),92.3,60.7,16.4,24.8,66.0,23.4,73.9,PM10,SEDANG
2023-06-17,DKI1 (Bunderan HI),131.1,71.7,10.9,27.3,38.6,10.5,104.9,PM10,TIDAK SEHAT
2023-06-17,DKI2 (Kelapa Gading),94.9,46.4,20.2,25.2,63.1,23.2,75.9,PM10,SEDANG
2023-06-17,DKI3 (Jagakarsa),93.6,55.9,17.8,23.4,67.2,13.3,74.9,PM10,SEDANG
2023-06-17,DKI4 (Lubang Buaya),129.1,71.6,28.6,23.2,73.2,24.7,103.3,PM10,TIDAK SEHAT
2023-06-17,DKI5 (Kebon Jeruk),117.7,70.8,18.4,23.2,66.9,33.0,94.1,PM10,SEDANG
2023-06-18,DKI2 (Kelapa Gading),119.5,82.3,15.9,28.5,55.4,31.9,98.8,PM25,SEDANG
2023-06-18,DKI3 (Jagakarsa),131.6,50.9,17.3,23.3,36.4,13.9,105.3,PM10,TIDAK SEHAT
2023-06-18,DKI4 (Lubang Buaya),118.0,54.4,14.2,28.3,78.6,25.5,94.4,PM10,SEDANG
2023-06-18,DKI5 (Kebon Jeruk),135.3,90.6,10.1,24.1,70.9,31.9,108.8,PM25,TIDAK SEHAT
2023-06-19,DKI1 (Bunderan HI),119.5,58.3,23.8,22.5,56.5,11.9,95.6,PM10,SEDANG
2023-06-19,DKI2 (Kelapa Gading),129.8,53.8,18.2,21.3,64.6,16.5,103.9,PM10,TIDAK SEHAT
2023-06-19,DKI3 (Jagakarsa),99.5,62.1,12.1,30.2,55.3,13.5,79.6,PM10,SEDANG
2023-06-19,DKI4 (Lubang Buaya),53.5,74.4,17.2,25.1,59.4,19.5,89.3,PM25,SEDANG
2023-06-19,DKI5 (Kebon Jeruk),74.5,86.9,18.4,12.1,76.6,25.0,104.3,PM25,TIDAK SEHAT
2023-06-20,DKI1 (Bunderan HI),73.3,50.1,20.8,13.7,43.7,20.2,60.1,PM25,SEDANG
2023-06-20,DKI2 (Kelapa Gading),109.2,75.3,18.2,11.5,67.4,25.3,90.3,PM25,SEDANG
2023-06-20,DKI3 (Jagakarsa),74.2,85.6,18.9,26.7,51.8,16.1,102.7,PM25,TIDAK SEHAT
2023-06-20,DKI4 (Lubang Buaya),89.4,69.9,15.8,18.1,26.9,15.5,83.8,PM25,SEDANG
2023-06-20,DKI5 (Kebon Jeruk),91.3,76.7,20.4,24.1,64.2,28.0,92.0,PM25,SEDANG
2023-06-21,DKI1 (Bunderan HI),79.5,62.5,18.3,26.7,41.9,20.5,75.0,PM25,SEDANG
2023-06-21,DKI3 (Jagakarsa),120.4,64.0,26.6,16.0,65.9,23.5,96.3,PM10,SEDANG
2023-06-21,DKI4 (Lubang Buaya),98.4,81.1,29.6,6.0,47.4,13.9,97.3,PM25,SEDANG
2023-06-21,DKI5 (Kebon Jeruk),113.1,58.5,21.4,12.1,40.6,20.7,90.5,PM10,SEDANG
2023-06-22,DKI1 (Bunderan HI),82.7,27.2,17.1,24.6,52.2,35.4,66.2,PM10,SEDANG
2023-06-22,DKI2 (Kelapa Gading),107.5,76.2,18.6,23.9,59.3,31.0,91.4,PM25,SEDANG
2023-06-22,DKI3 (Jagakarsa),97.4,64.0,17.8,21.0,44.8,1.1,77.9,PM10,SEDANG
2023-06-22,DKI4 (Lubang Buaya),76.4,79.1,20.2,22.8,59.6,26.3,95.0,PM25,SEDANG
2023-06-22,DKI5 (Kebon Jeruk),158.7,67.1,24.1,26.6,49.3,17.8,127.0,PM10,TIDAK SEHAT
2023-06-23,DKI1 (Bunderan HI),101.4,64.9,16.1,21.3,44.6,21.8,81.2,PM10,SEDANG
2023-06-23,DKI2 (Kelapa Gading),110.6,64.4,19.4,19.1,48.1,25.1,88.5,PM10,SEDANG
2023-06-23,DKI3 (Jagakarsa),129.6,65.9,19.4,23.4,53.7,28.9,103.6,PM10,TIDAK SEHAT
2023-06-23,DKI4 (Lubang Buaya),110.7,90.4,15.1,22.9,51.9,21.7,108.5,PM25,TIDAK SEHAT
2023-06-23,DKI5 (Kebon Jeruk),93.1,79.2,19.8,31.4,54.6,29.7,95.1,PM25,SEDANG
2023-06-24,DKI1 (Bunderan HI),95.3,64.7,12.7,23.4,64.7,34.6,77.6,PM25,SEDANG
2023-06-24,DKI2 (Kelapa Gading),106.2,69.0,23.2,30.7,49.7,31.7,84.9,PM10,SEDANG
2023-06-24,DKI3 (Jagakarsa),120.0,72.5,26.3,11.1,46.3,21.4,96.0,PM10,SEDANG
2023-06-24,DKI4 (Lubang Buaya),123.5,49.4,21.3,18.1,61.8,23.7,98.8,PM10,SEDANG
2023-06-24,DKI5 (Kebon Jeruk),155.2,47.5,21.6,23.8,51.5,27.3,124.1,PM10,TIDAK SEHAT
2023-06-25,DKI1 (Bunderan HI),95.2,69.1,15.4,23.0,58.9,23.4,82.9,PM25,SEDANG
2023-06-25,DKI2 (Kelapa Gading),124.7,61.4,19.6,14.9,49.4,23.4,99.8,PM10,SEDANG
2023-06-25,DKI3 (Jagakarsa),146.2,70.8,18.7,27.4,44.4,27.7,117.0,PM10,TIDAK SEHAT
2023-06-25,DKI4 (Lubang Buaya),120.8,56.5,21.0,13.7,60.5,36.5,96.6,PM10,SEDANG
2023-06-25,DKI5 (Kebon Jeruk),129.1,67.9,15.4,32.3,27.3,20.6,103.3,PM10,TIDAK SEHAT
2023-06-26,DKI2 (Kelapa Gading),105.3,56.1,16.2,28.9,49.8,27.5,84.2,PM10,SEDANG
2023-06-26,DKI3 (Jagakarsa),107.1,56.8,25.1,19.5,69.2,31.1,85.7,PM10,SEDANG
2023-06-26,DKI4 (Lubang Buaya),86.1,65.6,29.3,18.8,62.5,29.3,78.8,PM25,SEDANG
2023-06-26,DKI5 (Kebon Jeruk),97.1,79.4,11.2,27.2,56.2,10.3,95.3,PM25,SEDANG
2023-06-27,DKI1 (Bunderan HI),101.3,40.4,13.8,19.6,62.7,16.4,81.1,PM10,SEDANG
2023-06-27,DKI2 (Kelapa Gading),98.8,45.2,14.0,30.6,57.9,14.6,79.1,PM10,SEDANG
2023-06-27,DKI3 (Jagakarsa),138.4,86.5,16.8,26.9,74.5,24.8,110.7,PM10,TIDAK SEHAT
2023-06-27,DKI4 (Lubang Buaya),87.1,81.3,14.9,17.8,44.2,28.9,97.6,PM25,SEDANG
2023-06-27,DKI5 (Kebon Jeruk),135.1,61.2,24.3,19.5,53.3,17.7,108.1,PM10,TIDAK SEHAT
2023-06-28,DKI1 (Bunderan HI),96.5,85.5,15.6,17.0,43.3,11.5,102.6,PM25,TIDAK SEHAT
2023-06-28,DKI2 (Kelapa Gading),85.0,40.7,14.8,20.4,51.2,25.7,68.0,PM10,SEDANG
2023-06-28,DKI3 (Jagakarsa),119.8,48.1,24.7,26.0,64.5,24.1,95.9,PM10,SEDANG
2023-06-28,DKI4 (Lubang Buaya),129.0,100.8,23.2,25.9,28.3,28.8,120.9,PM25,TIDAK SEHAT
2023-06-28,DKI5 (Kebon Jeruk),116.9,57.3,15.1,26.5,73.0,23.4,93.6,PM10,SEDANG
2023-06-29,DKI1 (Bunderan HI),97.4,50.3,10.5,21.3,63.3,27.9,77.9,PM10,SEDANG
2023-06-29,DKI2 (Kelapa Gading),85.0,76.2,17.2,13.4,31.8,25.7,91.4,PM25,SEDANG
2023-06-29,DKI3 (Jagakarsa),150.3,33.3,20.0,21.3,52.5,28.2,120.2,PM10,TIDAK SEHAT
2023-06-29,DKI4 (Lubang Buaya),90.2,80.5,22.6,27.6,63.1,18.7,96.5,PM25,SEDANG
2023-06-29,DKI5 (Kebon Jeruk),102.3,49.7,16.1,19.4,63.3,24.0,81.8,PM10,SEDANG
2023-06-30,DKI1 (Bunderan HI),66.8,72.6,16.8,27.1,60.8,20.0,87.2,PM25,SEDANG
2023-06-30,DKI2 (Kelapa Gading),115.2,94.7,9.3,25.6,44.6,15.5,113.7,PM25,TIDAK SEHAT
2023-06-30,DKI3 (Jagakarsa),106.8,63.8,18.3,21.6,43.0,29.8,85.5,PM10,SEDANG
2023-06-30,DKI4 (Lubang Buaya),98.2,101.2,21.1,27.5,57.0,37.5,121.4,PM25,TIDAK SEHAT
2023-06-30,DKI5 (Kebon Jeruk),128.6,90.5,21.7,23.0,53.5,26.3,108.6,PM25,TIDAK SEHAT
2023-07-01,DKI1 (Bunderan HI),106.3,84.0,19.6,26.7,61.4,22.1,100.8,PM25,TIDAK SEHAT
2023-07-01,DKI2 (Kelapa Gading),92.4,83.9,21.7,19.2,30.4,28.9,100.7,PM25,TIDAK SEHAT
2023-07-01,DKI3 (Jagakarsa),140.6,50.6,20.4,29.2,46.5,10.9,112.5,PM10,TIDAK SEHAT
2023-07-01,DKI4 (Lubang Buaya),142.1,38.7,19.1,25.2,51.6,39.4,113.7,PM10,TIDAK SEHAT
2023-07-01,DKI5 (Kebon Jeruk),112.3,76.3,16.4,24.1,59.9,22.7,91.5,PM25,SEDANG
2023-07-02,DKI1 (Bunderan HI),86.6,42.4,14.6,32.0,34.2,35.7,69.3,PM10,SEDANG
2023-07-02,DKI2 (Kelapa Gading),155.6,66.3,25.9,21.7,50.1,19.6,124.5,PM10,TIDAK SEHAT
2023-07-02,DKI3 (Jagakarsa),100.4,76.6,18.0,19.1,40.7,14.1,91.9,PM25,SEDANG
2023-07-02,DKI4 (Lubang Buaya),77.4,53.7,35.6,28.7,71.2,24.8,64.4,PM25,SEDANG
2023-07-03,DKI1 (Bunderan HI),83.0,37.2,20.6,21.1,52.8,18.9,66.4,PM10,SEDANG
2023-07-03,DKI2 (Kelapa Gading),102.3,35.7,14.3,19.9,67.7,20.9,81.8,PM10,SEDANG
2023-07-03,DKI3 (Jagakarsa),141.4,65.3,12.5,19.9,63.3,28.5,113.2,PM10,TIDAK SEHAT
2023-07-03,DKI4 (Lubang Buaya),88.5,96.6,21.5,30.6,58.3,33.7,115.9,PM25,TIDAK SEHAT
2023-07-03,DKI5 (Kebon Jeruk),100.8,81.1,14.7,30.9,27.8,35.9,97.3,PM25,SEDANG
2023-07-04,DKI1 (Bunderan HI),66.4,29.1,12.3,22.8,58.8,28.3,53.1,PM10,SEDANG
2023-07-04,DKI2 (Kelapa Gading),92.3,65.1,16.4,21.4,59.0,23.4,78.1,PM25,SEDANG
2023-07-04,DKI3 (Jagakarsa),114.3,42.5,23.3,25.7,57.6,18.6,91.4,PM10,SEDANG
2023-07-04,DKI4 (Lubang Buaya),91.0,63.0,23.9,16.0,39.0,18.4,75.7,PM25,SEDANG
2023-07-04,DKI5 (Kebon Jeruk),128.3,72.3,21.7,17.4,54.7,30.1,102.6,PM10,TIDAK SEHAT
2023-07-05,DKI1 (Bunderan HI),91.2,96.7,22.2,20.0,72.9,21.2,116.1,PM25,TIDAK SEHAT
2023-07-05,DKI2 (Kelapa Gading),77.2,67.1,15.8,22.6,68.3,23.8,80.5,PM25,SEDANG
2023-07-05,DKI3 (Jagakarsa),95.6,67.4,22.8,16.1,33.3,19.9,80.8,PM25,SEDANG
2023-07-05,DKI4 (Lubang Buaya),97.2,65.0,16.0,18.5,42.3,17.9,78.0,PM25,SEDANG
2023-07-05,DKI5 (Kebon Jeruk),139.1,58.1,9.9,17.9,66.9,20.8,111.3,PM10,TIDAK SEHAT
2023-07-06,DKI1 (Bunderan HI),107.4,70.9,17.3,16.4,50.4,21.2,86.0,PM10,SEDANG
2023-07-06,DKI2 (Kelapa Gading),108.7,106.6,15.0,31.7,41.9,19.6,128.0,PM25,TIDAK SEHAT
2023-07-06,DKI3 (Jagakarsa),83.5,52.5,24.5,21.8,34.3,18.3,66.8,PM10,SEDANG
2023-07-06,DKI4 (Lubang Buaya),50.9,63.8,17.6,19.8,69.3,17.3,76.5,PM25,SEDANG
2023-07-06,DKI5 (Kebon Jeruk),115.2,52.2,23.6,12.0,47.4,38.0,92.2,PM10,SEDANG
2023-07-07,DKI1 (Bunderan HI),95.3,40.9,19.4,30.4,59.6,26.1,76.2,PM10,SEDANG
2023-07-07,DKI2 (Kelapa Gading),82.8,76.1,15.1,17.1,34.8,20.9,91.4,PM25,SEDANG
2023-07-07,DKI3 (Jagakarsa),74.1,53.5,16.9,28.9,33.9,24.2,64.2,PM25,SEDANG
2023-07-07,DKI4 (Lubang Buaya),119.9,52.7,14.7,30.4,41.5,36.1,95.9,PM10,SEDANG
2023-07-07,DKI5 (Kebon Jeruk),121.2,97.9,21.6,9.8,61.9,16.8,117.4,PM25,TIDAK SEHAT
2023-07-08,DKI1 (Bunderan HI),111.0,82.8,19.1,21.5,58.7,40.0,99.4,PM25,SEDANG
2023-07-08,DKI2 (Kelapa Gading),137.6,26.8,25.0,21.8,56.8,26.0,110.1,PM10,TIDAK SEHAT
2023-07-08,DKI3 (Jagakarsa),134.7,38.2,16.9,25.4,63.7,38.4,107.8,PM10,TIDAK SEHAT
2023-07-08,DKI4 (Lubang Buaya),115.5,66.6,12.2,17.8,44.7,25.1,92.4,PM10,SEDANG
2023-07-08,DKI5 (Kebon Jeruk),90.4,51.8,16.9,19.0,22.4,21.5,72.3,PM10,SEDANG
2023-07-09,DKI1 (Bunderan HI),103.4,56.8,14.7,32.6,46.0,21.4,82.7,PM10,SEDANG
2023-07-09,DKI2 (Kelapa Gading),141.1,56.2,16.7,6.2,47.3,27.3,112.9,PM10,TIDAK SEHAT
2023-07-09,DKI3 (Jagakarsa),149.7,54.8,13.9,21.8,53.3,23.5,119.8,PM10,TIDAK SEHAT
2023-07-09,DKI5 (Kebon Jeruk),124.9,93.1,20.3,25.8,66.1,34.5,111.7,PM25,TIDAK SEHAT
2023-07-10,DKI1 (Bunderan HI),121.2,53.5,23.2,34.0,48.1,26.8,97.0,PM10,SEDANG
2023-07-10,DKI2 (Kelapa Gading),123.6,73.5,21.1,16.5,65.7,33.5,98.9,PM10,SEDANG
2023-07-10,DKI3 (Jagakarsa),91.5,49.4,17.8,23.8,54.4,24.7,73.2,PM10,SEDANG
2023-07-10,DKI4 (Lubang Buaya),102.2,73.7,9.0,17.1,51.4,28.0,88.4,PM25,SEDANG
2023-07-10,DKI5 (Kebon Jeruk),136.2,90.2,13.3,12.6,38.5,15.7,109.0,PM10,TIDAK SEHAT
2023-07-11,DKI2 (Kelapa Gading),74.3,49.8,16.8,32.8,36.0,24.6,59.8,PM25,SEDANG
2023-07-11,DKI3 (Jagakarsa),89.1,44.4,26.5,18.6,53.0,29.7,71.3,PM10,SEDANG
2023-07-11,DKI4 (Lubang Buaya),98.2,38.9,24.9,17.4,59.9,21.3,78.5,PM10,SEDANG
2023-07-11,DKI5 (Kebon Jeruk),108.0,73.7,20.3,23.8,47.9,16.0,88.4,PM25,SEDANG
2023-07-12,DKI1 (Bunderan HI),73.8,68.8,19.1,20.0,53.5,21.4,82.5,PM25,SEDANG
2023-07-12,DKI2 (Kelapa Gading),154.9,47.1,12.2,22.8,52.7,18.1,123.9,PM10,TIDAK SEHAT
2023-07-12,DKI3 (Jagakarsa),87.1,64.5,16.6,13.0,57.2,25.6,77.4,PM25,SEDANG
2023-07-12,DKI4 (Lubang Buaya),150.4,72.4,21.2,25.3,67.3,16.8,120.3,PM10,TIDAK SEHAT
2023-07-12,DKI5 (Kebon Jeruk),107.7,62.6,20.8,18.9,75.8,27.4,86.2,PM10,SEDANG
2023-07-13,DKI1 (Bunderan HI),128.2,53.2,17.5,19.1,51.3,31.2,102.6,PM10,TIDAK SEHAT
2023-07-13,DKI2 (Kelapa Gading),115.3,43.2,8.9,30.7,37.1,20.1,92.2,PM10,SEDANG
2023-07-13,DKI3 (Jagakarsa),142.9,56.7,16.0,20.4,52.5,20.3,114.3,PM10,TIDAK SEHAT
2023-07-13,DKI4 (Lubang Buaya),95.8,87.4,19.7,16.2,78.1,34.5,104.8,PM25,TIDAK SEHAT
2023-07-13,DKI5 (Kebon Jeruk),124.2,66.9,16.2,27.3,83.7,40.1,99.4,PM10,SEDANG
2023-07-14,DKI1 (Bunderan HI),89.3,90.3,14.5,30.4,51.7,27.3,108.3,PM25,TIDAK SEHAT
2023-07-14,DKI2 (Kelapa Gading),87.8,38.1,20.0,21.2,35.6,28.4,70.2,PM10,SEDANG
2023-07-14,DKI3 (Jagakarsa),90.0,28.7,14.2,32.4,63.5,27.8,72.0,PM10,SEDANG
2023-07-14,DKI4 (Lubang Buaya),128.8,53.6,9.9,19.0,59.6,25.0,103.1,PM10,TIDAK SEHAT
2023-07-14,DKI5 (Kebon Jeruk),101.9,71.9,21.9,18.3,60.9,34.3,86.3,PM25,SEDANG
2023-07-15,DKI1 (Bunderan HI),143.8,51.3,23.9,18.5,59.1,33.2,115.0,PM10,TIDAK SEHAT
2023-07-15,DKI2 (Kelapa Gading),50.2,41.5,15.3,17.8,40.4,23.8,49.8,PM25,BAIK
2023-07-15,DKI3 (Jagakarsa),95.4,70.8,15.4,33.6,50.9,27.6,85.0,PM25,SEDANG
2023-07-15,DKI4 (Lubang Buaya),148.0,46.7,17.0,14.6,37.8,12.7,118.4,PM10,TIDAK SEHAT
2023-07-15,DKI5 (Kebon Jeruk),79.5,92.8,13.0,24.1,66.5,22.0,111.4,PM25,TIDAK SEHAT
2023-07-16,DKI1 (Bunderan HI),147.0,62.4,19.8,23.1,33.5,30.6,117.6,PM10,TIDAK SEHAT
2023-07-16,DKI2 (Kelapa Gading),128.3,42.8,15.0,29.6,49.1,36.1,102.6,PM10,TIDAK SEHAT
2023-07-16,DKI4 (Lubang Buaya),149.7,52.7,18.0,13.1,46.2,11.9,119.8,PM10,TIDAK SEHAT
2023-07-16,DKI5 (Kebon Jeruk),72.0,63.5,19.4,21.9,40.2,34.5,76.2,PM25,SEDANG
2023-07-17,DKI1 (Bunderan HI),117.3,56.4,15.6,23.7,81.8,31.5,93.8,PM10,SEDANG
2023-07-17,DKI2 (Kelapa Gading),107.4,68.2,25.0,28.4,59.3,16.0,86.0,PM10,SEDANG
2023-07-17,DKI3 (Jagakarsa),111.8,85.2,21.1,21.8,52.7,30.3,102.2,PM25,TIDAK SEHAT
2023-07-17,DKI4 (Lubang Buaya),106.4,44.2,12.4,14.6,48.5,37.6,85.1,PM10,SEDANG
2023-07-17,DKI5 (Kebon Jeruk),108.2,81.3,15.9,14.7,67.4,12.9,97.6,PM25,SEDANG
2023-07-18,DKI1 (Bunderan HI),94.8,44.8,12.0,29.6,48.5,27.3,75.9,PM10,SEDANG
2023-07-18,DKI2 (Kelapa Gading),122.7,71.9,16.1,9.8,37.3,20.7,98.2,PM10,SEDANG
2023-07-18,DKI3 (Jagakarsa),116.7,38.0,5.9,28.2,55.8,24.8,93.3,PM10,SEDANG
2023-07-18,DKI4 (Lubang Buaya),115.6,64.9,23.8,17.9,50.0,32.3,92.4,PM10,SEDANG
2023-07-18,DKI5 (Kebon Jeruk),68.8,76.0,26.6,20.7,39.3,15.2,91.2,PM25,SEDANG
2023-07-19,DKI1 (Bunderan HI),124.0,53.9,24.0,18.3,51.9,16.3,99.2,PM10,SEDANG
2023-07-19,DKI2 (Kelapa Gading),126.3,67.4,23.3,12.5,43.0,23.6,101.0,PM10,TIDAK SEHAT
2023-07-19,DKI3 (Jagakarsa),105.1,84.4,15.9,23.1,51.7,26.8,101.3,PM25,TIDAK SEHAT
2023-07-19,DKI4 (Lubang Buaya),93.4,64.5,25.8,27.0,67.5,16.5,77.4,PM25,SEDANG
2023-07-19,DKI5 (Kebon Jeruk),131.2,95.8,13.2,20.6,47.5,25.3,115.0,PM25,TIDAK SEHAT
2023-07-20,DKI2 (Kelapa Gading),116.1,62.6,18.0,21.3,81.1,21.1,92.9,PM10,SEDANG
2023-07-20,DKI3 (Jagakarsa),181.1,75.6,18.8,32.1,63.5,28.2,144.9,PM10,TIDAK SEHAT
2023-07-20,DKI4 (Lubang Buaya),84.0,58.1,13.8,12.6,56.0,32.7,69.7,PM25,SEDANG
2023-07-20,DKI5 (Kebon Jeruk),105.4,63.0,15.6,11.9,54.2,22.6,84.3,PM10,SEDANG
2023-07-21,DKI1 (Bunderan HI),145.7,38.8,8.6,17.2,56.2,37.9,116.5,PM10,TIDAK SEHAT
2023-07-21,DKI2 (Kelapa Gading),102.3,46.7,18.6,25.9,41.7,18.8,81.8,PM10,SEDANG
2023-07-21,DKI3 (Jagakarsa),133.3,55.1,11.8,23.9,50.6,22.1,106.6,PM10,TIDAK SEHAT
2023-07-21,DKI4 (Lubang Buaya),124.9,78.2,13.7,14.5,59.4,26.5,100.0,PM10,SEDANG
2023-07-21,DKI5 (Kebon Jeruk),89.2,51.2,24.1,18.7,48.8,33.0,71.4,PM10,SEDANG
2023-07-22,DKI1 (Bunderan HI),87.3,49.3,21.3,32.3,74.5,24.2,69.8,PM10,SEDANG
2023-07-22,DKI3 (Jagakarsa),139.1,50.0,13.8,22.8,57.6,26.9,111.3,PM10,TIDAK SEHAT
2023-07-22,DKI4 (Lubang Buaya),105.1,72.1,16.0,18.1,56.5,24.5,86.5,PM25,SEDANG
2023-07-22,DKI5 (Kebon Jeruk),99.9,78.4,25.8,26.7,59.2,17.7,94.0,PM25,SEDANG
2023-07-23,DKI1 (Bunderan HI),103.7,83.8,16.9,21.6,59.4,32.8,100.5,PM25,TIDAK SEHAT
2023-07-23,DKI2 (Kelapa Gading),95.4,84.0,21.0,18.4,26.6,13.9,100.8,PM25,TIDAK SEHAT
2023-07-23,DKI3 (Jagakarsa),114.0,75.8,27.7,25.0,49.9,9.0,91.2,PM10,SEDANG
2023-07-23,DKI4 (Lubang Buaya),125.4,54.2,21.0,13.7,62.9,36.7,100.4,PM10,TIDAK SEHAT
2023-07-23,DKI5 (Kebon Jeruk),126.8,62.2,17.8,30.8,60.7,29.1,101.4,PM10,TIDAK SEHAT
2023-07-24,DKI1 (Bunderan HI),83.8,39.5,20.7,14.2,37.7,13.5,67.1,PM10,SEDANG
2023-07-24,DKI2 (Kelapa Gading),155.3,53.7,15.0,26.4,49.7,14.8,124.3,PM10,TIDAK SEHAT
2023-07-24,DKI3 (Jagakarsa),167.3,83.4,21.4,17.4,60.1,18.0,133.8,PM10,TIDAK SEHAT
2023-07-24,DKI4 (Lubang Buaya),96.1,71.4,14.3,29.8,62.1,27.6,85.7,PM25,SEDANG
2023-07-24,DKI5 (Kebon Jeruk),76.6,78.8,15.7,24.3,49.0,17.8,94.5,PM25,SEDANG
2023-07-25,DKI1 (Bunderan HI),134.6,51.3,16.3,9.7,71.4,24.1,107.6,PM10,TIDAK SEHAT
2023-07-25,DKI2 (Kelapa Gading),133.3,65.5,8.9,29.0,56.3,18.6,106.7,PM10,TIDAK SEHAT
2023-07-25,DKI3 (Jagakarsa),160.9,55.9,14.1,7.6,57.9,25.1,128.7,PM10,TIDAK SEHAT
2023-07-25,DKI4 (Lubang Buaya),106.3,102.9,15.4,27.4,39.0,30.3,123.5,PM25,TIDAK SEHAT
2023-07-25,DKI5 (Kebon Jeruk),70.7,67.1,19.4,14.7,52.3,18.8,80.5,PM25,SEDANG
2023-07-26,DKI1 (Bunderan HI),115.8,75.5,20.3,17.3,62.3,19.7,92.7,PM10,SEDANG
2023-07-26,DKI2 (Kelapa Gading),99.4,107.4,17.0,12.3,74.3,23.7,128.9,PM25,TIDAK SEHAT
2023-07-26,DKI3 (Jagakarsa),73.4,20.6,13.2,24.8,61.8,16.4,58.7,PM10,SEDANG
2023-07-26,DKI4 (Lubang Buaya),138.7,69.4,16.6,16.5,56.7,15.7,111.0,PM10,TIDAK SEHAT
2023-07-26,DKI5 (Kebon Jeruk),113.7,57.9,28.8,16.5,51.8,24.0,91.0,PM10,SEDANG
2023-07-27,DKI1 (Bunderan HI),146.7,59.5,8.1,25.7,28.1,34.6,117.4,PM10,TIDAK SEHAT
2023-07-27,DKI2 (Kelapa Gading),125.9,44.6,18.8,25.5,42.0,34.8,100.7,PM10,TIDAK SEHAT
2023-07-27,DKI3 (Jagakarsa),148.7,53.8,20.2,25.3,30.8,17.4,119.0,PM10,TIDAK SEHAT
2023-07-27,DKI4 (Lubang Buaya),112.4,53.9,22.0,16.9,47.7,26.5,89.9,PM10,SEDANG
2023-07-27,DKI5 (Kebon Jeruk),125.9,34.3,18.1,28.7,64.2,26.2,100.7,PM10,TIDAK SEHAT
2023-07-28,DKI1 (Bunderan HI),117.7,56.1,18.2,22.9,72.2,28.5,94.1,PM10,SEDANG
2023-07-28,DKI2 (Kelapa Gading),121.2,52.2,18.6,18.1,50.5,28.4,96.9,PM10,SEDANG
2023-07-28,DKI4 (Lubang Buaya),124.1,60.3,17.1,19.4,53.6,24.8,99.3,PM10,SEDANG
2023-07-28,DKI5 (Kebon Jeruk),101.8,68.1,24.9,18.5,61.6,30.7,81.7,PM25,SEDANG
2023-07-29,DKI1 (Bunderan HI),126.1,51.7,22.1,24.5,69.0,29.4,100.8,PM10,TIDAK SEHAT
2023-07-29,DKI2 (Kelapa Gading),107.0,85.4,11.9,18.8,58.5,12.5,102.5,PM25,TIDAK SEHAT
2023-07-29,DKI3 (Jagakarsa),116.9,60.2,16.0,15.3,56.3,23.4,93.5,PM10,SEDANG
2023-07-29,DKI4 (Lubang Buaya),95.7,86.9,22.9,20.8,63.4,15.7,104.3,PM25,TIDAK SEHAT
2023-07-29,DKI5 (Kebon Jeruk),97.2,21.2,19.2,16.9,52.9,32.4,77.7,PM10,SEDANG
2023-07-30,DKI1 (Bunderan HI),89.6,88.0,13.7,23.2,53.6,30.2,105.5,PM25,TIDAK SEHAT
2023-07-30,DKI2 (Kelapa Gading),108.2,48.2,26.6,33.3,40.1,29.4,86.6,PM10,SEDANG
2023-07-30,DKI3 (Jagakarsa),105.8,53.8,11.8,27.3,64.5,29.1,84.6,PM10,SEDANG
2023-07-30,DKI4 (Lubang Buaya),127.0,40.9,18.0,18.6,64.6,18.8,101.6,PM10,TIDAK SEHAT
2023-07-30,DKI5 (Kebon Jeruk),160.6,72.8,25.1,14.0,48.8,9.6,128.5,PM10,TIDAK SEHAT
2023-07-31,DKI1 (Bunderan HI),92.8,86.4,19.8,31.3,68.9,34.2,103.7,PM25,TIDAK SEHAT
2023-07-31,DKI2 (Kelapa Gading),93.9,39.2,14.0,11.5,43.2,10.9,75.1,PM10,SEDANG
2023-07-31,DKI3 (Jagakarsa),98.2,81.1,30.5,22.5,66.2,37.8,97.3,PM25,SEDANG
2023-07-31,DKI4 (Lubang Buaya),133.7,74.1,14.2,20.5,69.1,26.4,107.0,PM10,TIDAK SEHAT
2023-07-31,DKI5 (Kebon Jeruk),95.9,41.9,17.9,17.1,68.2,15.3,76.7,PM10,SEDANG
2023-08-01,DKI2 (Kelapa Gading),148.6,51.8,20.9,18.0,49.8,7.5,118.8,PM10,TIDAK SEHAT
2023-08-01,DKI3 (Jagakarsa),126.6,52.8,21.2,20.0,51.0,7.0,101.3,PM10,TIDAK SEHAT
2023-08-01,DKI4 (Lubang Buaya),167.1,51.7,25.6,33.2,48.3,18.7,133.7,PM10,TIDAK SEHAT
2023-08-01,DKI5 (Kebon Jeruk),111.0,67.0,10.6,15.0,67.8,21.3,88.8,PM10,SEDANG
2023-08-02,DKI1 (Bunderan HI),127.0,71.7,19.8,18.9,68.8,22.6,101.6,PM10,TIDAK SEHAT
2023-08-02,DKI2 (Kelapa Gading),96.8,60.3,13.8,27.0,35.8,23.9,77.4,PM10,SEDANG
2023-08-02,DKI3 (Jagakarsa),122.1,104.0,27.3,24.2,53.2,17.8,124.7,PM25,TIDAK SEHAT
2023-08-02,DKI4 (Lubang Buaya),77.8,51.4,21.5,18.6,70.4,24.4,63.3,O3,SEDANG
2023-08-02,DKI5 (Kebon Jeruk),95.7,33.9,12.8,12.5,43.1,27.1,76.5,PM10,SEDANG
2023-08-03,DKI1 (Bunderan HI),108.4,56.1,24.3,19.8,66.3,32.9,86.7,PM10,SEDANG
2023-08-03,DKI2 (Kelapa Gading),86.1,53.8,28.4,27.9,50.0,31.3,68.8,PM10,SEDANG
2023-08-03,DKI3 (Jagakarsa),78.5,44.8,12.7,24.6,69.4,22.2,62.8,PM10,SEDANG
2023-08-03,DKI4 (Lubang Buaya),145.0,62.8,13.5,25.8,26.9,34.0,116.0,PM10,TIDAK SEHAT
2023-08-03,DKI5 (Kebon Jeruk),98.6,77.0,22.8,11.9,70.0,23.2,92.4,PM25,SEDANG
2023-08-04,DKI1 (Bunderan HI),131.3,89.4,15.9,26.4,76.5,18.4,107.3,PM25,TIDAK SEHAT
2023-08-04,DKI2 (Kelapa Gading),137.7,86.8,23.5,16.4,58.9,56.2,110.2,PM10,TIDAK SEHAT
2023-08-04,DKI3 (Jagakarsa),135.2,48.9,20.5,10.0,64.0,35.0,108.2,PM10,TIDAK SEHAT
2023-08-04,DKI4 (Lubang Buaya),119.3,37.4,16.1,21.1,61.7,18.1,95.4,PM10,SEDANG
2023-08-04,DKI5 (Kebon Jeruk),69.5,66.4,17.8,18.1,42.3,13.8,79.7,PM25,SEDANG
2023-08-05,DKI1 (Bunderan HI),94.9,84.3,30.2,30.0,62.7,19.4,101.2,PM25,TIDAK SEHAT
2023-08-05,DKI2 (Kelapa Gading),117.0,84.6,19.5,28.1,62.5,43.4,101.6,PM25,TIDAK SEHAT
2023-08-05,DKI3 (Jagakarsa),139.3,29.2,11.8,21.3,75.1,19.5,111.4,PM10,TIDAK SEHAT
2023-08-05,DKI4 (Lubang Buaya),100.3,52.0,17.4,29.7,27.1,22.1,80.3,PM10,SEDANG
2023-08-05,DKI5 (Kebon Jeruk),78.5,84.2,20.0,18.1,74.1,24.2,101.0,PM25,TIDAK SEHAT
2023-08-06,DKI1 (Bunderan HI),129.2,92.1,17.2,19.6,50.2,23.9,110.5,PM25,TIDAK SEHAT
2023-08-06,DKI2 (Kelapa Gading),108.4,101.2,23.3,16.2,77.9,29.5,121.4,PM25,TIDAK SEHAT
2023-08-06,DKI3 (Jagakarsa),88.8,68.3,18.6,23.9,46.6,28.5,82.0,PM25,SEDANG
2023-08-06,DKI4 (Lubang Buaya),149.6,84.4,8.6,18.0,56.5,24.7,119.7,PM10,TIDAK SEHAT
2023-08-07,DKI1 (Bunderan HI),145.9,93.0,13.0,18.2,64.8,36.4,116.7,PM10,TIDAK SEHAT
2023-08-07,DKI2 (Kelapa Gading),129.3,74.8,17.5,30.6,37.1,13.2,103.5,PM10,TIDAK SEHAT
2023-08-07,DKI3 (Jagakarsa),154.7,65.0,15.6,29.8,59.1,23.8,123.7,PM10,TIDAK SEHAT
2023-08-07,DKI4 (Lubang Buaya),99.7,76.2,21.8,21.4,59.3,23.0,91.5,PM25,SEDANG
2023-08-07,DKI5 (Kebon Jeruk),72.2,39.6,21.1,20.4,63.0,15.5,57.7,PM10,SEDANG
2023-08-08,DKI1 (Bunderan HI),140.1,63.4,19.3,29.3,50.0,29.0,112.1,PM10,TIDAK SEHAT
2023-08-08,DKI2 (Kelapa Gading),121.5,69.0,22.9,20.0,66.0,40.1,97.2,PM10,SEDANG
2023-08-08,DKI3 (Jagakarsa),134.3,69.5,13.8,31.2,59.2,23.1,107.5,PM10,TIDAK SEHAT
2023-08-08,DKI4 (Lubang Buaya),134.9,76.7,19.3,20.8,60.5,27.5,107.9,PM10,TIDAK SEHAT
2023-08-08,DKI5 (Kebon Jeruk),66.2,64.8,24.3,19.7,70.4,25.0,77.8,PM25,SEDANG
2023-08-09,DKI1 (Bunderan HI),135.1,72.5,20.6,17.6,43.5,16.7,108.1,PM10,TIDAK SEHAT
2023-08-09,DKI2 (Kelapa Gading),89.4,62.5,16.7,21.4,73.9,28.7,75.0,PM25,SEDANG
2023-08-09,DKI3 (Jagakarsa),86.6,56.9,14.5,21.9,45.7,10.9,69.3,PM10,SEDANG
2023-08-09,DKI5 (Kebon Jeruk),134.7,61.6,10.1,18.2,32.0,16.5,107.7,PM10,TIDAK SEHAT
2023-08-10,DKI1 (Bunderan HI),74.5,63.6,29.6,9.3,34.6,16.8,76.3,PM25,SEDANG
2023-08-10,DKI2 (Kelapa Gading),135.0,88.7,20.9,10.7,54.2,16.4,108.0,PM10,TIDAK SEHAT
2023-08-10,DKI3 (Jagakarsa),74.7,66.7,16.5,20.1,59.5,28.7,80.1,PM25,SEDANG
2023-08-10,DKI4 (Lubang Buaya),121.3,59.2,12.8,14.0,56.1,22.8,97.0,PM10,SEDANG
2023-08-10,DKI5 (Kebon Jeruk),102.8,39.7,20.3,18.8,63.3,24.2,82.2,PM10,SEDANG
2023-08-11,DKI1 (Bunderan HI),119.3,29.6,24.3,23.7,40.5,25.9,95.4,PM10,SEDANG
2023-08-11,DKI2 (Kelapa Gading),79.6,73.6,16.8,15.1,57.8,14.3,88.4,PM25,SEDANG
2023-08-11,DKI3 (Jagakarsa),131.9,85.2,18.9,21.1,47.6,21.5,105.5,PM10,TIDAK SEHAT
2023-08-11,DKI4 (Lubang Buaya),96.8,65.3,19.8,14.8,54.4,22.6,78.4,PM25,SEDANG
2023-08-11,DKI5 (Kebon Jeruk),91.4,82.2,22.7,23.6,60.3,31.6,98.6,PM25,SEDANG
2023-08-12,DKI1 (Bunderan HI),77.4,43.4,16.5,24.1,49.4,29.3,61.9,PM10,SEDANG
2023-08-12,DKI2 (Kelapa Gading),124.8,83.4,14.9,20.9,42.5,21.9,100.1,PM25,TIDAK SEHAT
2023-08-12,DKI3 (Jagakarsa),80.4,58.6,20.3,27.4,53.6,10.5,70.4,PM25,SEDANG
2023-08-12,DKI4 (Lubang Buaya),112.6,72.1,18.4,24.8,54.0,22.3,90.0,PM10,SEDANG
2023-08-12,DKI5 (Kebon Jeruk),125.0,71.9,19.6,28.1,62.1,33.2,100.0,PM10,SEDANG
2023-08-13,DKI1 (Bunderan HI),112.8,103.1,22.0,19.2,34.1,25.2,123.7,PM25,TIDAK SEHAT
2023-08-13,DKI2 (Kelapa Gading),144.9,74.1,22.3,11.8,63.4,36.1,115.9,PM10,TIDAK SEHAT
2023-08-13,DKI3 (Jagakarsa),112.2,76.9,26.7,26.3,49.4,16.9,92.3,PM25,SEDANG
2023-08-13,DKI4 (Lubang Buaya),78.6,84.2,29.9,29.4,51.2,38.9,101.0,PM25,TIDAK SEHAT
2023-08-13,DKI5 (Kebon Jeruk),84.1,76.3,15.1,8.1,69.6,30.0,91.5,PM25,SEDANG
2023-08-14,DKI1 (Bunderan HI),79.6,78.2,17.4,21.3,52.0,36.6,93.9,PM25,SEDANG
2023-08-14,DKI2 (Kelapa Gading),124.9,72.1,15.8,23.7,58.5,27.7,99.9,PM10,SEDANG
2023-08-14,DKI3 (Jagakarsa),173.3,72.7,15.6,23.1,51.5,25.0,138.6,PM10,TIDAK SEHAT
2023-08-14,DKI5 (Kebon Jeruk),75.3,57.3,11.8,17.5,50.6,11.4,68.8,PM25,SEDANG
2023-08-15,DKI1 (Bunderan HI),127.5,40.3,15.0,17.8,40.0,32.5,102.0,PM10,TIDAK SEHAT
2023-08-15,DKI2 (Kelapa Gading),128.0,76.2,19.6,23.5,55.0,33.7,102.4,PM10,TIDAK SEHAT
2023-08-15,DKI3 (Jagakarsa),116.5,79.9,10.2,14.1,61.6,27.3,95.9,PM25,SEDANG
2023-08-15,DKI4 (Lubang Buaya),124.1,58.1,24.5,28.4,52.0,16.9,99.3,PM10,SEDANG
2023-08-15,DKI5 (Kebon Jeruk),107.9,87.8,17.7,27.6,58.8,33.1,105.4,PM25,TIDAK SEHAT
2023-08-16,DKI1 (Bunderan HI),66.4,69.0,25.9,13.3,74.9,24.8,82.7,PM25,SEDANG
2023-08-16,DKI2 (Kelapa Gading),90.2,53.4,16.1,21.8,65.5,28.1,72.2,PM10,SEDANG
2023-08-16,DKI3 (Jagakarsa),82.0,61.5,17.1,26.0,57.0,31.8,73.8,PM25,SEDANG
2023-08-16,DKI4 (Lubang Buaya),136.2,80.0,6.0,16.5,43.8,28.5,109.0,PM10,TIDAK SEHAT
2023-08-16,DKI5 (Kebon Jeruk),127.6,90.1,23.7,23.1,49.1,31.5,108.1,PM25,TIDAK SEHAT
2023-08-17,DKI1 (Bunderan HI),78.8,49.8,9.5,24.7,35.5,16.4,63.1,PM10,SEDANG
2023-08-17,DKI2 (Kelapa Gading),115.4,63.7,15.5,5.7,70.2,31.9,92.3,PM10,SEDANG
2023-08-17,DKI3 (Jagakarsa),111.0,80.3,27.1,19.5,33.1,30.5,96.4,PM25,SEDANG
2023-08-17,DKI4 (Lubang Buaya),72.3,68.6,18.0,34.6,67.5,34.1,82.3,PM25,SEDANG
2023-08-17,DKI5 (Kebon Jeruk),146.8,66.5,15.1,30.4,72.7,27.3,117.4,PM10,TIDAK SEHAT
2023-08-18,DKI1 (Bunderan HI),108.4,89.7,15.5,25.7,51.6,26.9,107.6,PM25,TIDAK SEHAT
2023-08-18,DKI2 (Kelapa Gading),125.1,19.2,23.5,15.8,67.1,27.3,100.1,PM10,TIDAK SEHAT
2023-08-18,DKI3 (Jagakarsa),108.7,70.0,17.1,30.4,48.8,19.5,86.9,PM10,SEDANG
2023-08-18,DKI4 (Lubang Buaya),131.7,28.5,18.0,23.0,47.6,14.6,105.3,PM10,TIDAK SEHAT
2023-08-18,DKI5 (Kebon Jeruk),87.8,77.4,10.8,13.5,43.1,26.7,92.9,PM25,SEDANG
2023-08-19,DKI1 (Bunderan HI),80.4,71.0,22.9,24.1,46.3,36.8,85.2,PM25,SEDANG
2023-08-19,DKI2 (Kelapa Gading),166.5,56.0,7.3,24.0,66.2,6.8,133.2,PM10,TIDAK SEHAT
2023-08-19,DKI3 (Jagakarsa),120.7,45.2,23.1,13.4,59.9,26.4,96.6,PM10,SEDANG
2023-08-19,DKI4 (Lubang Buaya),105.5,10.7,15.0,16.9,36.7,20.7,84.4,PM10,SEDANG
2023-08-20,DKI1 (Bunderan HI),113.0,81.0,25.7,28.0,68.7,25.2,97.2,PM25,SEDANG
2023-08-20,DKI3 (Jagakarsa),134.6,26.4,25.7,31.2,58.8,19.6,107.7,PM10,TIDAK SEHAT
2023-08-20,DKI4 (Lubang Buaya),136.2,102.3,32.4,22.6,53.2,17.7,122.8,PM25,TIDAK SEHAT
2023-08-20,DKI5 (Kebon Jeruk),125.0,67.1,21.5,19.4,59.6,29.8,100.0,PM10,TIDAK SEHAT
2023-08-21,DKI1 (Bunderan HI),111.6,68.7,25.1,20.8,66.7,28.4,89.2,PM10,SEDANG
2023-08-21,DKI2 (Kelapa Gading),150.1,83.9,22.8,30.1,42.6,29.5,120.1,PM10,TIDAK SEHAT
2023-08-21,DKI3 (Jagakarsa),149.6,43.1,20.9,32.3,44.9,31.8,119.7,PM10,TIDAK SEHAT
2023-08-21,DKI4 (Lubang Buaya),113.5,54.6,22.9,24.8,67.7,23.2,90.8,PM10,SEDANG
2023-08-21,DKI5 (Kebon Jeruk),104.0,16.6,19.2,28.4,42.4,18.9,83.2,PM10,SEDANG
2023-08-22,DKI2 (Kelapa Gading),122.5,79.7,22.5,21.9,47.6,18.2,98.0,PM10,SEDANG
2023-08-22,DKI3 (Jagakarsa),88.8,50.9,13.6,21.6,46.3,28.8,71.1,PM10,SEDANG
2023-08-22,DKI4 (Lubang Buaya),78.2,76.8,16.7,24.4,57.2,28.1,92.2,PM25,SEDANG
2023-08-22,DKI5 (Kebon Jeruk),97.9,63.9,22.8,19.8,37.9,25.8,78.3,PM10,SEDANG
2023-08-23,DKI1 (Bunderan HI),103.1,58.2,20.5,24.7,69.0,30.2,82.5,PM10,SEDANG
2023-08-23,DKI2 (Kelapa Gading),128.5,60.9,13.1,18.3,38.2,24.1,102.8,PM10,TIDAK SEHAT
2023-08-23,DKI3 (Jagakarsa),65.2,89.7,20.6,24.7,80.9,21.7,107.6,PM25,TIDAK SEHAT
2023-08-23,DKI4 (Lubang Buaya),75.6,81.1,17.0,14.1,72.9,31.8,97.3,PM25,SEDANG
2023-08-23,DKI5 (Kebon Jeruk),143.8,58.0,15.9,28.3,48.0,22.3,115.1,PM10,TIDAK SEHAT
2023-08-24,DKI1 (Bunderan HI),122.5,96.8,6.4,19.7,42.9,30.9,116.2,PM25,TIDAK SEHAT
2023-08-24,DKI2 (Kelapa Gading),77.0,75.3,7.9,26.7,65.4,24.8,90.3,PM25,SEDANG
2023-08-24,DKI3 (Jagakarsa),66.1,69.8,19.1,22.4,62.3,12.8,83.8,PM25,SEDANG
2023-08-24,DKI4 (Lubang Buaya),133.1,87.5,7.2,11.7,54.5,15.0,106.5,PM10,TIDAK SEHAT
2023-08-24,DKI5 (Kebon Jeruk),121.6,77.5,21.6,10.8,47.0,23.9,97.3,PM10,SEDANG
2023-08-25,DKI1 (Bunderan HI),75.7,53.9,19.2,20.9,62.4,11.2,64.7,PM25,SEDANG
2023-08-25,DKI2 (Kelapa Gading),113.0,63.2,17.7,20.2,46.7,22.1,90.4,PM10,SEDANG
2023-08-25,DKI3 (Jagakarsa),99.5,49.8,18.6,23.9,34.3,25.2,79.6,PM10,SEDANG
2023-08-25,DKI4 (Lubang Buaya),88.1,53.8,23.6,7.6,51.6,32.7,70.5,PM10,SEDANG
2023-08-25,DKI5 (Kebon Jeruk),92.7,81.8,19.3,10.5,61.2,21.1,98.2,PM25,SEDANG
2023-08-26,DKI1 (Bunderan HI),105.7,62.9,19.0,32.6,54.1,21.1,84.6,PM10,SEDANG
2023-08-26,DKI2 (Kelapa Gading),103.5,45.4,12.1,25.1,37.8,20.8,82.8,PM10,SEDANG
2023-08-26,DKI3 (Jagakarsa),84.2,61.3,10.9,23.0,60.9,30.1,73.5,PM25,SEDANG
2023-08-26,DKI4 (Lubang Buaya),110.9,69.0,15.7,21.5,55.9,32.0,88.7,PM10,SEDANG
2023-08-26,DKI5 (Kebon Jeruk),109.8,21.8,16.7,25.8,42.2,20.7,87.8,PM10,SEDANG
2023-08-27,DKI1 (Bunderan HI),86.3,58.4,20.2,21.6,60.5,29.0,70.1,PM25,SEDANG
2023-08-27,DKI2 (Kelapa Gading),149.2,79.3,22.3,15.4,49.8,23.5,119.3,PM10,TIDAK SEHAT
2023-08-27,DKI3 (Jagakarsa),118.7,92.6,22.1,18.5,61.7,28.4,111.1,PM25,TIDAK SEHAT
2023-08-27,DKI4 (Lubang Buaya),117.0,53.4,12.5,21.4,55.7,25.0,93.6,PM10,SEDANG
2023-08-27,DKI5 (Kebon Jeruk),141.5,58.4,23.7,23.1,44.0,17.8,113.2,PM10,TIDAK SEHAT
2023-08-28,DKI1 (Bunderan HI),76.0,60.2,12.1,25.4,45.7,21.4,72.2,PM25,SEDANG
2023-08-28,DKI2 (Kelapa Gading),102.7,76.0,17.0,13.9,50.8,21.8,91.1,PM25,SEDANG
2023-08-28,DKI3 (Jagakarsa),67.5,74.8,17.1,31.2,45.8,6.8,89.8,PM25,SEDANG
2023-08-28,DKI4 (Lubang Buaya),109.1,51.4,14.9,22.6,28.6,30.9,87.3,PM10,SEDANG
2023-08-28,DKI5 (Kebon Jeruk),83.3,68.1,15.8,26.0,58.3,12.8,81.7,PM25,SEDANG
2023-08-29,DKI1 (Bunderan HI),89.0,80.3,20.1,23.6,68.9,19.9,96.4,PM25,SEDANG
2023-08-29,DKI2 (Kelapa Gading),118.9,66.9,16.0,23.2,53.5,11.5,95.1,PM10,SEDANG
2023-08-29,DKI3 (Jagakarsa),149.9,59.5,22.6,11.5,50.1,23.1,119.9,PM10,TIDAK SEHAT
2023-08-29,DKI4 (Lubang Buaya),109.9,78.0,15.5,23.8,64.5,25.7,93.6,PM25,SEDANG
2023-08-29,DKI5 (Kebon Jeruk),117.2,71.0,18.9,22.1,28.8,32.2,93.8,PM10,SEDANG
2023-08-30,DKI1 (Bunderan HI),88.6,84.0,17.5,26.2,67.4,18.0,100.8,PM25,TIDAK SEHAT
2023-08-30,DKI2 (Kelapa Gading),105.4,65.5,14.0,21.0,53.2,24.9,84.3,PM10,SEDANG
2023-08-30,DKI3 (Jagakarsa),136.9,85.0,24.6,14.7,41.7,19.5,109.5,PM10,TIDAK SEHAT
2023-08-30,DKI4 (Lubang Buaya),131.3,56.8,17.6,23.9,31.0,22.3,105.0,PM10,TIDAK SEHAT
2023-08-30,DKI5 (Kebon Jeruk),103.7,64.0,23.1,10.9,42.5,24.9,83.0,PM10,SEDANG
2023-08-31,DKI1 (Bunderan HI),123.7,90.1,23.5,19.5,37.1,24.6,108.2,PM25,TIDAK SEHAT
2023-08-31,DKI2 (Kelapa Gading),108.0,81.7,23.2,19.6,43.7,31.1,98.0,PM25,SEDANG
2023-08-31,DKI3 (Jagakarsa),91.6,50.5,12.4,14.8,84.6,24.8,76.2,O3,SEDANG
2023-08-31,DKI4 (Lubang Buaya),99.1,37.9,15.7,33.4,46.9,25.0,79.3,PM10,SEDANG
2023-08-31,DKI5 (Kebon Jeruk),99.2,89.8,17.1,28.8,43.0,26.0,107.8,PM25,TIDAK SEHAT
2023-09-01,DKI1 (Bunderan HI),58.7,68.5,20.0,20.6,68.3,21.5,82.2,PM25,SEDANG
2023-09-01,DKI2 (Kelapa Gading),122.5,78.4,12.9,30.3,60.2,24.1,98.0,PM10,SEDANG
2023-09-01,DKI3 (Jagakarsa),125.0,46.1,14.8,24.9,40.9,24.2,100.0,PM10,SEDANG
2023-09-01,DKI4 (Lubang Buaya),171.9,84.5,18.3,14.3,63.2,25.2,137.5,PM10,TIDAK SEHAT
2023-09-01,DKI5 (Kebon Jeruk),128.1,69.0,19.9,21.6,74.3,25.6,102.4,PM10,TIDAK SEHAT
2023-09-02,DKI1 (Bunderan HI),116.2,61.7,11.2,31.5,50.0,28.4,93.0,PM10,SEDANG
2023-09-02,DKI2 (Kelapa Gading),139.4,64.3,25.8,18.1,31.3,19.0,111.6,PM10,TIDAK SEHAT
2023-09-02,DKI3 (Jagakarsa),117.9,68.5,20.8,19.0,26.1,25.9,94.3,PM10,SEDANG
2023-09-02,DKI4 (Lubang Buaya),118.6,72.9,16.7,22.8,55.3,24.7,94.8,PM10,SEDANG
2023-09-02,DKI5 (Kebon Jeruk),126.9,39.2,16.9,24.9,45.5,23.2,101.5,PM10,TIDAK SEHAT
2023-09-03,DKI1 (Bunderan HI),75.5,36.4,8.7,22.6,47.2,25.5,60.4,PM10,SEDANG
2023-09-03,DKI2 (Kelapa Gading),143.7,61.3,20.3,13.9,41.1,7.7,114.9,PM10,TIDAK SEHAT
2023-09-03,DKI3 (Jagakarsa),72.9,51.6,16.2,17.9,50.8,26.7,61.9,PM25,SEDANG
2023-09-03,DKI4 (Lubang Buaya),89.6,63.2,19.1,17.9,49.7,27.1,75.9,PM25,SEDANG
2023-09-03,DKI5 (Kebon Jeruk),151.3,77.7,12.1,17.2,41.1,27.2,121.0,PM10,TIDAK SEHAT
2023-09-04,DKI1 (Bunderan HI),129.4,35.1,17.9,18.5,47.8,22.4,103.5,PM10,TIDAK SEHAT
2023-09-04,DKI2 (Kelapa Gading),101.6,53.0,20.0,17.2,50.5,21.1,81.3,PM10,SEDANG
2023-09-04,DKI3 (Jagakarsa),141.0,59.9,28.1,25.3,35.7,16.7,112.8,PM10,TIDAK SEHAT
2023-09-04,DKI4 (Lubang Buaya),90.1,92.9,23.8,32.8,54.9,21.6,111.4,PM25,TIDAK SEHAT
2023-09-04,DKI5 (Kebon Jeruk),85.2,84.0,12.7,23.7,50.0,30.2,100.7,PM25,TIDAK SEHAT
2023-09-05,DKI1 (Bunderan HI),104.6,79.5,17.9,20.8,61.7,33.5,95.4,PM25,SEDANG
2023-09-05,DKI3 (Jagakarsa),125.3,86.1,11.2,26.1,61.9,25.5,103.3,PM25,TIDAK SEHAT
2023-09-05,DKI4 (Lubang Buaya),93.0,75.2,24.9,21.0,51.2,20.1,90.2,PM25,SEDANG
2023-09-05,DKI5 (Kebon Jeruk),171.2,69.0,13.5,19.3,46.0,21.2,136.9,PM10,TIDAK SEHAT
2023-09-06,DKI1 (Bunderan HI),126.7,104.2,17.9,14.5,35.0,28.0,125.1,PM25,TIDAK SEHAT
2023-09-06,DKI2 (Kelapa Gading),118.6,60.7,14.5,11.6,54.6,25.1,94.9,PM10,SEDANG
2023-09-06,DKI4 (Lubang Buaya),71.2,47.2,21.4,14.4,45.1,28.8,57.0,PM10,SEDANG
2023-09-07,DKI1 (Bunderan HI),150.8,75.8,21.4,22.6,42.6,25.6,120.6,PM10,TIDAK SEHAT
2023-09-07,DKI2 (Kelapa Gading),114.5,93.4,15.9,24.2,63.9,22.4,112.1,PM25,TIDAK SEHAT
2023-09-07,DKI3 (Jagakarsa),85.6,71.2,18.5,18.6,48.3,37.7,85.5,PM25,SEDANG
2023-09-07,DKI4 (Lubang Buaya),88.6,66.6,24.6,14.9,37.8,21.0,79.9,PM25,SEDANG
2023-09-07,DKI5 (Kebon Jeruk),80.8,66.2,26.5,11.5,57.9,22.8,79.4,PM25,SEDANG
2023-09-08,DKI1 (Bunderan HI),96.1,64.0,19.1,20.4,64.1,19.3,76.9,PM10,SEDANG
2023-09-08,DKI2 (Kelapa Gading),124.8,56.6,16.7,32.8,51.6,21.1,99.9,PM10,SEDANG
2023-09-08,DKI3 (Jagakarsa),110.5,89.9,28.5,24.4,67.5,35.0,107.9,PM25,TIDAK SEHAT
2023-09-08,DKI4 (Lubang Buaya),95.2,82.9,23.9,23.6,58.6,30.0,99.5,PM25,SEDANG
2023-09-08,DKI5 (Kebon Jeruk),116.1,48.5,15.1,21.1,70.8,25.1,92.9,PM10,SEDANG
2023-09-09,DKI1 (Bunderan HI),69.0,67.4,9.9,18.4,36.1,24.6,80.9,PM25,SEDANG
2023-09-09,DKI2 (Kelapa Gading),134.2,52.3,14.9,28.1,52.8,20.3,107.4,PM10,TIDAK SEHAT
2023-09-09,DKI3 (Jagakarsa),124.9,71.7,14.5,25.1,30.7,24.0,99.9,PM10,SEDANG
2023-09-09,DKI4 (Lubang Buaya),98.4,52.6,11.6,23.7,69.2,21.5,78.7,PM10,SEDANG
2023-09-09,DKI5 (Kebon Jeruk),83.4,57.8,24.2,17.1,64.6,13.8,69.4,PM25,SEDANG
2023-09-10,DKI1 (Bunderan HI),98.0,74.6,16.8,29.0,61.9,26.6,89.5,PM25,SEDANG
2023-09-10,DKI2 (Kelapa Gading),104.6,77.7,18.4,23.5,49.3,34.3,93.2,PM25,SEDANG
2023-09-10,DKI3 (Jagakarsa),139.4,45.6,11.6,18.3,62.8,9.7,111.5,PM10,TIDAK SEHAT
2023-09-10,DKI4 (Lubang Buaya),109.7,56.5,10.1,20.0,56.2,20.3,87.7,PM10,SEDANG
2023-09-10,DKI5 (Kebon Jeruk),140.2,65.7,18.4,26.9,44.0,20.2,112.1,PM10,TIDAK SEHAT
2023-09-11,DKI1 (Bunderan HI),107.1,55.0,10.8,21.7,56.3,22.6,85.6,PM10,SEDANG
2023-09-11,DKI2 (Kelapa Gading),134.9,69.2,22.0,23.5,64.9,37.2,107.9,PM10,TIDAK SEHAT
2023-09-11,DKI3 (Jagakarsa),113.5,82.7,20.0,27.9,62.3,19.8,99.3,PM25,SEDANG
2023-09-11,DKI4 (Lubang Buaya),113.5,59.6,19.6,27.5,53.8,26.2,90.8,PM10,SEDANG
2023-09-11,DKI5 (Kebon Jeruk),159.8,69.3,16.2,13.8,67.4,26.0,127.9,PM10,TIDAK SEHAT
2023-09-12,DKI1 (Bunderan HI),141.0,72.8,25.1,24.8,47.9,26.0,112.8,PM10,TIDAK SEHAT
2023-09-12,DKI2 (Kelapa Gading),120.9,86.2,18.6,12.5,50.1,27.3,103.4,PM25,TIDAK SEHAT
2023-09-12,DKI3 (Jagakarsa),117.3,68.6,19.6,22.1,51.2,31.2,93.8,PM10,SEDANG
2023-09-12,DKI4 (Lubang Buaya),118.2,58.2,21.7,25.4,58.2,12.8,94.5,PM10,SEDANG
2023-09-12,DKI5 (Kebon Jeruk),98.8,57.6,10.8,11.5,50.2,27.1,79.0,PM10,SEDANG
2023-09-13,DKI1 (Bunderan HI),107.9,82.7,25.3,14.6,68.6,22.0,99.3,PM25,SEDANG
2023-09-13,DKI2 (Kelapa Gading),97.3,79.3,24.7,14.0,60.3,28.1,95.2,PM25,SEDANG
2023-09-13,DKI3 (Jagakarsa),117.8,66.7,20.3,17.1,52.1,24.1,94.3,PM10,SEDANG
2023-09-13,DKI4 (Lubang Buaya),123.4,66.1,16.1,23.2,79.6,22.9,98.7,PM10,SEDANG
2023-09-13,DKI5 (Kebon Jeruk),68.7,58.6,14.8,23.9,43.5,27.9,70.3,PM25,SEDANG
2023-09-14,DKI1 (Bunderan HI),86.6,66.1,20.7,25.9,43.6,20.2,79.4,PM25,SEDANG
2023-09-14,DKI2 (Kelapa Gading),91.9,79.3,12.8,18.2,51.6,11.5,95.2,PM25,SEDANG
2023-09-14,DKI3 (Jagakarsa),123.6,79.3,18.2,14.4,58.2,40.6,98.9,PM10,SEDANG
2023-09-14,DKI4 (Lubang Buaya),119.1,41.0,18.5,24.3,60.9,11.4,95.3,PM10,SEDANG
2023-09-14,DKI5 (Kebon Jeruk),121.9,74.3,25.2,16.5,51.5,28.1,97.5,PM10,SEDANG
2023-09-15,DKI2 (Kelapa Gading),75.9,65.9,15.2,18.0,30.7,21.1,79.1,PM25,SEDANG
2023-09-15,DKI3 (Jagakarsa),143.0,93.0,21.7,28.3,62.3,19.0,114.4,PM10,TIDAK SEHAT
2023-09-15,DKI5 (Kebon Jeruk),115.4,65.2,8.3,17.8,67.0,26.1,92.3,PM10,SEDANG
2023-09-16,DKI1 (Bunderan HI),117.9,55.1,23.5,26.3,35.7,25.3,94.3,PM10,SEDANG
2023-09-16,DKI2 (Kelapa Gading),112.1,55.9,23.5,16.1,61.8,13.4,89.7,PM10,SEDANG
2023-09-16,DKI3 (Jagakarsa),79.1,58.0,24.3,14.6,54.8,22.2,69.5,PM25,SEDANG
2023-09-16,DKI4 (Lubang Buaya),117.9,44.9,18.7,30.0,74.7,13.2,94.3,PM10,SEDANG
2023-09-16,DKI5 (Kebon Jeruk),128.9,76.8,20.0,22.8,80.3,19.7,103.1,PM10,TIDAK SEHAT
2023-09-17,DKI1 (Bunderan HI),56.1,77.7,13.5,10.3,55.8,21.8,93.2,PM25,SEDANG
2023-09-17,DKI2 (Kelapa Gading),87.5,50.8,20.5,28.6,29.5,30.4,70.0,PM10,SEDANG
2023-09-17,DKI3 (Jagakarsa),142.8,64.2,10.8,16.5,36.6,16.5,114.2,PM10,TIDAK SEHAT
2023-09-17,DKI4 (Lubang Buaya),111.6,61.6,21.2,21.6,48.1,23.2,89.3,PM10,SEDANG
2023-09-17,DKI5 (Kebon Jeruk),79.8,62.5,19.9,20.4,65.4,24.5,75.0,PM25,SEDANG
2023-09-18,DKI1 (Bunderan HI),145.0,51.3,16.5,11.4,65.7,18.3,116.0,PM10,TIDAK SEHAT
2023-09-18,DKI2 (Kelapa Gading),147.1,33.4,14.8,30.6,65.3,6.2,117.7,PM10,TIDAK SEHAT
2023-09-18,DKI3 (Jagakarsa),119.2,50.7,22.2,19.2,63.4,14.9,95.4,PM10,SEDANG
2023-09-18,DKI4 (Lubang Buaya),104.2,72.7,13.6,20.0,73.3,27.2,87.2,PM25,SEDANG
2023-09-18,DKI5 (Kebon Jeruk),63.5,62.6,22.6,18.9,61.4,31.3,75.2,PM25,SEDANG
2023-09-19,DKI1 (Bunderan HI),74.3,74.8,19.6,28.5,50.9,27.0,89.7,PM25,SEDANG
2023-09-19,DKI2 (Kelapa Gading),146.2,85.5,15.9,22.0,76.2,8.3,116.9,PM10,TIDAK SEHAT
2023-09-19,DKI3 (Jagakarsa),69.7,87.1,19.6,28.5,56.3,28.8,104.5,PM25,TIDAK SEHAT
2023-09-19,DKI4 (Lubang Buaya),137.5,74.3,17.9,30.1,59.4,25.8,110.0,PM10,TIDAK SEHAT
2023-09-19,DKI5 (Kebon Jeruk),157.7,47.0,10.7,33.8,33.4,37.5,126.2,PM10,TIDAK SEHAT
2023-09-20,DKI1 (Bunderan HI),112.1,43.1,20.3,15.9,47.3,27.6,89.7,PM10,SEDANG
2023-09-20,DKI2 (Kelapa Gading),87.9,51.0,22.4,18.0,42.8,10.4,70.4,PM10,SEDANG
2023-09-20,DKI3 (Jagakarsa),86.3,51.1,13.2,31.0,71.3,25.4,69.0,PM10,SEDANG
2023-09-20,DKI4 (Lubang Buaya),95.2,54.2,18.7,22.1,41.6,31.4,76.2,PM10,SEDANG
2023-09-20,DKI5 (Kebon Jeruk),93.9,69.5,13.6,13.8,31.3,25.7,83.4,PM25,SEDANG
2023-09-21,DKI1 (Bunderan HI),106.5,48.6,17.9,20.6,63.7,14.6,85.2,PM10,SEDANG
2023-09-21,DKI2 (Kelapa Gading),122.4,51.5,18.0,6.1,43.0,21.7,97.9,PM10,SEDANG
2023-09-21,DKI3 (Jagakarsa),106.1,64.2,11.3,27.2,39.3,28.0,84.9,PM10,SEDANG
2023-09-21,DKI4 (Lubang Buaya),86.9,81.7,19.4,27.6,59.4,23.2,98.1,PM25,SEDANG
2023-09-21,DKI5 (Kebon Jeruk),112.2,55.9,21.5,26.4,40.9,16.6,89.7,PM10,SEDANG
2023-09-22,DKI1 (Bunderan HI),139.3,93.0,12.1,16.5,41.7,17.3,111.6,PM25,TIDAK SEHAT
2023-09-22,DKI2 (Kelapa Gading),134.0,89.8,19.8,31.2,64.7,21.4,107.7,PM25,TIDAK SEHAT
2023-09-22,DKI3 (Jagakarsa),184.3,66.0,18.1,31.8,52.0,22.6,147.5,PM10,TIDAK SEHAT
2023-09-22,DKI4 (Lubang Buaya),122.0,77.0,18.4,19.8,43.7,22.8,97.6,PM10,SEDANG
2023-09-22,DKI5 (Kebon Jeruk),127.2,66.7,30.0,18.6,36.2,21.7,101.8,PM10,TIDAK SEHAT
2023-09-23,DKI1 (Bunderan HI),102.1,86.6,18.1,24.3,66.6,37.9,104.0,PM25,TIDAK SEHAT
2023-09-23,DKI2 (Kelapa Gading),73.4,82.1,17.5,21.6,50.2,14.3,98.5,PM25,SEDANG
2023-09-23,DKI3 (Jagakarsa),89.3,55.3,23.9,33.8,55.3,31.2,71.4,PM10,SEDANG
2023-09-23,DKI4 (Lubang Buaya),68.9,73.1,14.3,21.7,67.3,27.6,87.7,PM25,SEDANG
2023-09-23,DKI5 (Kebon Jeruk),99.6,77.7,27.3,24.6,47.7,15.1,93.3,PM25,SEDANG
2023-09-24,DKI1 (Bunderan HI),131.3,53.9,18.5,28.8,49.7,32.4,105.0,PM10,TIDAK SEHAT
2023-09-24,DKI3 (Jagakarsa),96.8,50.6,16.1,24.4,43.6,24.2,77.4,PM10,SEDANG
2023-09-24,DKI4 (Lubang Buaya),161.4,87.1,14.8,33.1,64.2,31.1,129.1,PM10,TIDAK SEHAT
2023-09-24,DKI5 (Kebon Jeruk),121.0,64.5,26.2,26.0,66.5,21.6,96.8,PM10,SEDANG
2023-09-25,DKI1 (Bunderan HI),108.7,55.4,19.9,24.0,59.3,24.4,87.0,PM10,SEDANG
2023-09-25,DKI2 (Kelapa Gading),109.4,85.1,22.0,31.2,57.3,14.6,102.1,PM25,TIDAK SEHAT
2023-09-25,DKI4 (Lubang Buaya),141.5,54.4,19.5,28.7,76.8,21.3,113.2,PM10,TIDAK SEHAT
2023-09-25,DKI5 (Kebon Jeruk),113.0,30.7,19.9,18.4,60.3,16.7,90.4,PM10,SEDANG
2023-09-26,DKI1 (Bunderan HI),119.5,77.7,25.9,10.2,69.8,13.7,95.6,PM10,SEDANG
2023-09-26,DKI2 (Kelapa Gading),79.7,42.4,26.2,18.8,58.9,18.6,63.8,PM10,SEDANG
2023-09-26,DKI3 (Jagakarsa),128.6,86.0,24.4,24.7,58.7,20.7,103.2,PM25,TIDAK SEHAT
2023-09-26,DKI5 (Kebon Jeruk),141.8,72.8,25.9,14.8,39.1,27.3,113.4,PM10,TIDAK SEHAT
2023-09-27,DKI1 (Bunderan HI),125.6,55.4,23.6,15.4,54.3,30.2,100.5,PM10,TIDAK SEHAT
2023-09-27,DKI2 (Kelapa Gading),142.1,65.4,10.6,22.9,60.1,29.0,113.7,PM10,TIDAK SEHAT
2023-09-27,DKI3 (Jagakarsa),123.1,70.9,26.4,31.2,38.1,25.1,98.5,PM10,SEDANG
2023-09-27,DKI4 (Lubang Buaya),74.4,27.0,14.7,21.3,43.3,11.4,59.5,PM10,SEDANG
2023-09-27,DKI5 (Kebon Jeruk),86.1,93.6,21.3,21.9,54.4,24.6,112.3,PM25,TIDAK SEHAT
2023-09-28,DKI1 (Bunderan HI),109.5,78.5,31.0,8.7,37.7,27.4,94.1,PM25,SEDANG
2023-09-28,DKI2 (Kelapa Gading),105.1,69.6,7.9,14.2,56.1,20.2,84.0,PM10,SEDANG
2023-09-28,DKI3 (Jagakarsa),96.2,47.4,17.1,14.4,39.8,28.1,76.9,PM10,SEDANG
2023-09-28,DKI4 (Lubang Buaya),111.9,79.3,15.9,26.0,82.3,18.6,95.1,PM25,SEDANG
2023-09-28,DKI5 (Kebon Jeruk),87.2,77.4,18.6,23.0,83.2,28.0,92.8,PM25,SEDANG
2023-09-29,DKI1 (Bunderan HI),104.4,55.7,14.0,17.5,54.9,18.1,83.5,PM10,SEDANG
2023-09-29,DKI2 (Kelapa Gading),137.2,49.8,17.1,30.2,46.8,26.9,109.8,PM10,TIDAK SEHAT
2023-09-29,DKI3 (Jagakarsa),110.0,41.4,19.6,21.5,67.9,30.2,88.0,PM10,SEDANG
2023-09-29,DKI4 (Lubang Buaya),141.2,66.5,15.9,14.9,54.8,39.8,113.0,PM10,TIDAK SEHAT
2023-09-29,DKI5 (Kebon Jeruk),80.9,77.3,26.7,25.9,71.4,33.4,92.8,PM25,SEDANG
2023-09-30,DKI1 (Bunderan HI),103.7,69.2,24.6,22.0,48.6,28.7,83.1,PM25,SEDANG
2023-09-30,DKI2 (Kelapa Gading),124.5,63.4,20.4,13.7,38.6,23.4,99.6,PM10,SEDANG
2023-09-30,DKI3 (Jagakarsa),93.0,62.5,26.5,16.7,40.0,20.0,75.0,PM25,SEDANG
2023-09-30,DKI4 (Lubang Buaya),156.7,69.7,17.7,23.9,45.2,13.6,125.4,PM10,TIDAK SEHAT
2023-09-30,DKI5 (Kebon Jeruk),106.0,74.9,22.5,25.4,42.2,17.0,89.9,PM25,SEDANG
2023-10-01,DKI1 (Bunderan HI),74.7,38.4,13.6,5.9,34.2,26.3,59.8,PM10,SEDANG
2023-10-01,DKI2 (Kelapa Gading),83.6,53.7,20.2,16.4,49.9,22.6,66.9,PM10,SEDANG
2023-10-01,DKI3 (Jagakarsa),119.1,26.3,19.3,8.5,34.6,16.3,95.3,PM10,SEDANG
2023-10-01,DKI4 (Lubang Buaya),98.3,63.5,21.8,22.3,39.1,26.9,78.7,PM10,SEDANG
2023-10-01,DKI5 (Kebon Jeruk),62.4,51.5,14.2,17.8,54.7,35.6,61.8,PM25,SEDANG
2023-10-02,DKI1 (Bunderan HI),118.2,48.0,12.6,13.4,27.1,35.6,94.5,PM10,SEDANG
2023-10-02,DKI2 (Kelapa Gading),102.4,41.5,20.6,20.8,58.6,19.2,81.9,PM10,SEDANG
2023-10-02,DKI3 (Jagakarsa),91.7,29.2,11.9,4.6,35.1,21.0,73.4,PM10,SEDANG
2023-10-02,DKI4 (Lubang Buaya),123.5,58.7,5.0,22.2,29.8,14.0,98.8,PM10,SEDANG
2023-10-02,DKI5 (Kebon Jeruk),53.7,58.4,18.5,23.1,56.4,15.8,70.1,PM25,SEDANG
2023-10-03,DKI1 (Bunderan HI),70.9,80.3,17.8,20.1,30.0,13.0,96.3,PM25,SEDANG
2023-10-03,DKI2 (Kelapa Gading),102.9,60.7,12.5,14.3,43.2,9.1,82.3,PM10,SEDANG
2023-10-03,DKI4 (Lubang Buaya),45.4,74.8,10.1,16.0,38.2,10.7,89.7,PM25,SEDANG
2023-10-03,DKI5 (Kebon Jeruk),87.3,59.2,15.4,27.0,27.0,17.5,71.0,PM25,SEDANG
2023-10-04,DKI1 (Bunderan HI),49.5,44.3,9.6,25.8,34.8,13.0,53.1,PM25,SEDANG
2023-10-04,DKI2 (Kelapa Gading),87.4,44.7,16.1,16.3,43.1,23.2,69.9,PM10,SEDANG
2023-10-04,DKI3 (Jagakarsa),64.3,60.4,17.0,16.2,52.7,22.6,72.4,PM25,SEDANG
2023-10-04,DKI4 (Lubang Buaya),64.2,8.0,14.8,20.0,41.3,22.9,51.4,PM10,SEDANG
2023-10-04,DKI5 (Kebon Jeruk),91.5,34.4,6.7,11.5,45.2,25.5,73.2,PM10,SEDANG
2023-10-05,DKI1 (Bunderan HI),71.3,28.7,4.1,25.3,34.4,29.3,57.0,PM10,SEDANG
2023-10-05,DKI2 (Kelapa Gading),130.1,64.3,10.1,10.7,30.6,23.3,104.1,PM10,TIDAK SEHAT
2023-10-05,DKI3 (Jagakarsa),75.6,84.4,13.5,22.7,39.5,30.1,101.3,PM25,TIDAK SEHAT
2023-10-05,DKI4 (Lubang Buaya),62.5,55.7,14.3,27.0,35.2,23.7,66.9,PM25,SEDANG
2023-10-05,DKI5 (Kebon Jeruk),113.1,31.7,16.1,6.0,50.2,17.2,90.4,PM10,SEDANG
2023-10-06,DKI1 (Bunderan HI),112.6,67.1,8.7,27.3,37.6,9.9,90.1,PM10,SEDANG
2023-10-06,DKI2 (Kelapa Gading),59.2,61.3,24.1,14.4,49.0,24.3,73.6,PM25,SEDANG
2023-10-06,DKI3 (Jagakarsa),106.3,35.7,22.4,21.5,39.6,10.9,85.0,PM10,SEDANG
2023-10-06,DKI4 (Lubang Buaya),43.9,48.4,19.3,8.9,39.4,13.9,58.1,PM25,SEDANG
2023-10-06,DKI5 (Kebon Jeruk),47.3,52.7,19.6,17.3,30.0,27.4,63.3,PM25,SEDANG
2023-10-07,DKI1 (Bunderan HI),53.6,60.0,9.7,17.9,63.6,9.0,72.0,PM25,SEDANG
2023-10-07,DKI2 (Kelapa Gading),59.7,45.4,12.3,12.7,45.8,23.0,54.4,PM25,SEDANG
2023-10-07,DKI3 (Jagakarsa),99.5,67.5,13.5,25.0,43.3,7.0,81.0,PM25,SEDANG
2023-10-07,DKI4 (Lubang Buaya),74.0,45.4,7.4,21.4,40.9,2.9,59.2,PM10,SEDANG
2023-10-07,DKI5 (Kebon Jeruk),29.7,18.3,14.2,20.6,45.5,19.8,41.0,O3,BAIK
2023-10-08,DKI2 (Kelapa Gading),57.2,21.9,23.5,17.0,43.3,24.5,45.7,PM10,BAIK
2023-10-08,DKI3 (Jagakarsa),92.0,54.3,17.1,21.4,49.3,9.7,73.6,PM10,SEDANG
2023-10-08,DKI4 (Lubang Buaya),97.2,58.8,16.7,12.2,31.5,9.4,77.7,PM10,SEDANG
2023-10-08,DKI5 (Kebon Jeruk),87.5,43.3,15.0,18.3,46.7,19.6,70.0,PM10,SEDANG
2023-10-09,DKI1 (Bunderan HI),77.5,43.1,15.9,15.9,27.8,33.7,62.0,PM10,SEDANG
2023-10-09,DKI2 (Kelapa Gading),83.6,28.8,7.6,9.3,29.0,25.2,66.9,PM10,SEDANG
2023-10-09,DKI3 (Jagakarsa),112.7,49.3,16.6,19.7,37.6,28.8,90.2,PM10,SEDANG
2023-10-09,DKI4 (Lubang Buaya),53.3,59.7,17.2,12.5,56.5,11.6,71.6,PM25,SEDANG
2023-10-09,DKI5 (Kebon Jeruk),88.5,48.5,7.9,22.3,44.4,25.3,70.8,PM10,SEDANG
2023-10-10,DKI1 (Bunderan HI),44.6,45.6,12.1,19.2,37.6,8.0,54.8,PM25,SEDANG
2023-10-10,DKI2 (Kelapa Gading),75.7,65.9,16.1,21.9,23.7,12.9,79.1,PM25,SEDANG
2023-10-10,DKI3 (Jagakarsa),58.7,39.8,21.4,13.2,30.0,14.9,47.8,PM25,BAIK
2023-10-10,DKI4 (Lubang Buaya),55.9,21.7,14.8,20.4,37.6,25.7,44.7,PM10,BAIK
2023-10-10,DKI5 (Kebon Jeruk),49.1,36.2,11.5,23.3,40.0,26.7,43.4,PM25,BAIK
2023-10-11,DKI1 (Bunderan HI),62.8,14.1,9.3,19.0,34.3,15.2,50.2,PM10,SEDANG
2023-10-11,DKI2 (Kelapa Gading),53.6,46.6,25.5,6.5,38.4,18.3,55.9,PM25,SEDANG
2023-10-11,DKI3 (Jagakarsa),66.1,15.8,17.8,13.0,34.6,22.9,52.8,PM10,SEDANG
2023-10-11,DKI4 (Lubang Buaya),64.8,48.1,15.5,25.2,42.4,22.2,57.7,PM25,SEDANG
2023-10-11,DKI5 (Kebon Jeruk),27.8,72.4,11.0,23.9,42.2,18.0,86.8,PM25,SEDANG
2023-10-12,DKI1 (Bunderan HI),71.2,48.4,16.8,15.7,40.9,19.2,58.0,PM25,SEDANG
2023-10-12,DKI2 (Kelapa Gading),58.4,49.5,16.2,9.4,31.3,19.8,59.4,PM25,SEDANG
2023-10-12,DKI3 (Jagakarsa),109.5,13.5,22.0,29.6,56.4,13.6,87.6,PM10,SEDANG
2023-10-12,DKI4 (Lubang Buaya),113.3,50.6,13.0,14.7,40.4,16.7,90.6,PM10,SEDANG
2023-10-12,DKI5 (Kebon Jeruk),75.5,72.6,17.3,19.0,36.4,20.9,87.1,PM25,SEDANG
2023-10-13,DKI1 (Bunderan HI),58.0,75.7,18.8,20.9,21.8,16.4,90.9,PM25,SEDANG
2023-10-13,DKI2 (Kelapa Gading),76.5,51.3,15.9,7.9,53.7,24.4,61.6,PM25,SEDANG
2023-10-13,DKI3 (Jagakarsa),120.7,39.9,16.0,24.2,34.8,15.7,96.5,PM10,SEDANG
2023-10-13,DKI4 (Lubang Buaya),42.7,35.2,1.0,12.7,43.5,9.5,42.2,PM25,BAIK
2023-10-13,DKI5 (Kebon Jeruk),105.2,45.3,13.8,23.3,46.2,16.1,84.2,PM10,SEDANG
2023-10-14,DKI1 (Bunderan HI),75.2,33.1,15.5,5.0,33.6,11.8,60.1,PM10,SEDANG
2023-10-14,DKI2 (Kelapa Gading),68.4,41.1,11.9,8.6,50.5,9.0,54.7,PM10,SEDANG
2023-10-14,DKI3 (Jagakarsa),103.5,25.4,2.7,31.7,52.7,15.1,82.8,PM10,SEDANG
2023-10-14,DKI4 (Lubang Buaya),129.3,45.6,19.9,17.1,20.0,19.7,103.5,PM10,TIDAK SEHAT
2023-10-14,DKI5 (Kebon Jeruk),57.5,50.5,18.8,12.1,52.7,22.6,60.6,PM25,SEDANG
2023-10-15,DKI1 (Bunderan HI),80.0,17.4,6.7,23.9,28.6,14.2,64.0,PM10,SEDANG
2023-10-15,DKI2 (Kelapa Gading),104.7,52.2,12.9,22.0,43.5,22.3,83.7,PM10,SEDANG
2023-10-15,DKI3 (Jagakarsa),56.8,71.8,12.4,19.0,32.9,21.7,86.1,PM25,SEDANG
2023-10-15,DKI4 (Lubang Buaya),88.7,49.3,18.7,20.3,59.2,15.2,71.0,PM10,SEDANG
2023-10-15,DKI5 (Kebon Jeruk),109.0,67.3,7.9,11.8,39.4,25.4,87.2,PM10,SEDANG
2023-10-16,DKI1 (Bunderan HI),99.4,68.6,11.8,14.3,48.9,16.6,82.3,PM25,SEDANG
2023-10-16,DKI2 (Kelapa Gading),74.7,40.5,17.3,20.5,63.8,14.0,59.8,PM10,SEDANG
2023-10-16,DKI3 (Jagakarsa),92.5,63.0,10.8,18.6,34.3,26.9,75.6,PM25,SEDANG
2023-10-16,DKI4 (Lubang Buaya),79.6,67.6,11.2,10.9,66.6,23.7,81.1,PM25,SEDANG
2023-10-16,DKI5 (Kebon Jeruk),83.3,35.3,15.4,29.5,41.2,14.0,66.6,PM10,SEDANG
2023-10-17,DKI1 (Bunderan HI),64.1,25.7,9.0,10.8,33.0,24.5,51.3,PM10,SEDANG
2023-10-17,DKI2 (Kelapa Gading),73.7,50.2,4.5,11.2,48.7,12.6,60.2,PM25,SEDANG
2023-10-17,DKI3 (Jagakarsa),67.2,30.9,21.0,29.7,59.6,15.9,53.8,PM10,SEDANG
2023-10-17,DKI4 (Lubang Buaya),103.6,45.4,8.7,16.1,32.1,13.6,82.9,PM10,SEDANG
2023-10-17,DKI5 (Kebon Jeruk),84.6,66.4,17.3,18.9,35.3,19.3,79.7,PM25,SEDANG
2023-10-18,DKI1 (Bunderan HI),54.8,40.4,13.1,12.5,45.9,22.4,48.5,PM25,BAIK
2023-10-18,DKI2 (Kelapa Gading),120.1,57.0,16.8,15.5,76.5,33.0,96.1,PM10,SEDANG
2023-10-18,DKI3 (Jagakarsa),105.3,16.4,23.8,9.4,55.8,13.0,84.3,PM10,SEDANG
2023-10-18,DKI4 (Lubang Buaya),94.0,37.5,13.0,16.7,32.5,18.5,75.2,PM10,SEDANG
2023-10-18,DKI5 (Kebon Jeruk),75.2,52.9,3.7,16.6,34.9,12.7,63.4,PM25,SEDANG
2023-10-19,DKI1 (Bunderan HI),95.4,44.2,8.7,25.3,48.1,18.3,76.3,PM10,SEDANG
2023-10-19,DKI2 (Kelapa Gading),120.8,39.8,15.5,23.4,43.9,36.4,96.6,PM10,SEDANG
2023-10-19,DKI3 (Jagakarsa),91.5,57.4,20.4,20.0,44.7,19.5,73.2,PM10,SEDANG
2023-10-19,DKI4 (Lubang Buaya),77.4,18.0,16.8,16.6,28.0,13.9,61.9,PM10,SEDANG
2023-10-19,DKI5 (Kebon Jeruk),63.3,75.3,18.6,26.0,45.1,24.8,90.4,PM25,SEDANG
2023-10-20,DKI1 (Bunderan HI),97.0,29.1,12.8,17.2,56.7,13.9,77.6,PM10,SEDANG
2023-10-20,DKI2 (Kelapa Gading),65.3,42.7,19.8,16.8,49.8,26.9,52.2,PM10,SEDANG
2023-10-20,DKI3 (Jagakarsa),85.4,50.2,13.8,14.1,48.6,19.3,68.3,PM10,SEDANG
2023-10-20,DKI4 (Lubang Buaya),100.6,57.7,13.1,11.0,33.4,19.9,80.5,PM10,SEDANG
2023-10-20,DKI5 (Kebon Jeruk),78.2,38.5,14.6,25.4,56.9,16.0,62.6,PM10,SEDANG
2023-10-21,DKI1 (Bunderan HI),85.6,35.9,21.0,28.4,49.1,17.7,68.5,PM10,SEDANG
2023-10-21,DKI2 (Kelapa Gading),69.6,37.8,13.7,12.5,13.6,13.1,55.6,PM10,SEDANG
2023-10-21,DKI3 (Jagakarsa),110.8,60.9,21.7,22.7,22.3,23.1,88.7,PM10,SEDANG
2023-10-21,DKI4 (Lubang Buaya),82.0,68.8,9.3,16.8,53.3,21.4,82.6,PM25,SEDANG
2023-10-21,DKI5 (Kebon Jeruk),78.2,37.2,18.4,26.1,55.2,19.0,62.5,PM10,SEDANG
2023-10-22,DKI1 (Bunderan HI),80.2,25.2,12.0,10.8,18.7,9.5,64.1,PM10,SEDANG
2023-10-22,DKI2 (Kelapa Gading),36.6,70.7,20.8,18.9,44.4,20.7,84.9,PM25,SEDANG
2023-10-22,DKI3 (Jagakarsa),96.6,44.4,11.1,21.7,39.8,11.6,77.3,PM10,SEDANG
2023-10-22,DKI4 (Lubang Buaya),65.7,87.5,22.6,27.8,72.0,15.4,105.0,PM25,TIDAK SEHAT
2023-10-22,DKI5 (Kebon Jeruk),118.3,45.6,11.2,24.3,42.1,8.4,94.7,PM10,SEDANG
2023-10-23,DKI1 (Bunderan HI),71.2,10.6,14.8,21.0,60.9,27.2,57.0,PM10,SEDANG
2023-10-23,DKI2 (Kelapa Gading),134.4,48.3,4.9,27.3,27.9,28.9,107.5,PM10,TIDAK SEHAT
2023-10-23,DKI3 (Jagakarsa),42.9,56.8,9.0,19.9,36.5,21.2,68.1,PM25,SEDANG
2023-10-23,DKI4 (Lubang Buaya),55.8,35.1,5.1,26.1,25.9,21.5,44.7,PM10,BAIK
2023-10-23,DKI5 (Kebon Jeruk),74.0,19.7,7.6,13.9,42.2,16.8,59.2,PM10,SEDANG
2023-10-24,DKI1 (Bunderan HI),111.0,50.3,15.5,13.7,36.5,16.3,88.8,PM10,SEDANG
2023-10-24,DKI3 (Jagakarsa),97.4,48.5,21.9,9.1,52.6,13.5,78.0,PM10,SEDANG
2023-10-24,DKI4 (Lubang Buaya),110.1,44.8,11.4,18.8,32.2,12.1,88.1,PM10,SEDANG
2023-10-25,DKI1 (Bunderan HI),110.0,37.7,17.1,4.9,45.1,21.0,88.0,PM10,SEDANG
2023-10-25,DKI2 (Kelapa Gading),97.9,42.8,14.6,19.2,8.7,17.3,78.3,PM10,SEDANG
2023-10-25,DKI3 (Jagakarsa),75.6,67.2,12.7,14.9,37.0,7.5,80.7,PM25,SEDANG
2023-10-25,DKI4 (Lubang Buaya),76.2,47.5,12.5,15.0,40.0,22.3,61.0,PM10,SEDANG
2023-10-25,DKI5 (Kebon Jeruk),117.7,48.4,8.0,17.3,49.7,25.8,94.2,PM10,SEDANG
2023-10-26,DKI1 (Bunderan HI),94.3,32.6,15.8,14.4,47.8,18.5,75.4,PM10,SEDANG
2023-10-26,DKI2 (Kelapa Gading),97.4,39.4,10.5,9.4,21.0,16.3,77.9,PM10,SEDANG
2023-10-26,DKI3 (Jagakarsa),65.4,74.7,20.7,4.1,62.3,28.2,89.6,PM25,SEDANG
2023-10-26,DKI4 (Lubang Buaya),101.9,87.6,24.3,26.3,42.5,18.7,105.1,PM25,TIDAK SEHAT
2023-10-26,DKI5 (Kebon Jeruk),108.4,39.1,13.1,7.2,35.8,20.2,86.7,PM10,SEDANG
2023-10-27,DKI1 (Bunderan HI),80.4,59.2,25.9,18.5,33.5,12.1,71.1,PM25,SEDANG
2023-10-27,DKI2 (Kelapa Gading),116.8,36.5,17.0,21.3,51.6,12.0,93.4,PM10,SEDANG
2023-10-27,DKI3 (Jagakarsa),95.8,53.5,8.4,10.8,49.7,33.1,76.7,PM10,SEDANG
2023-10-27,DKI4 (Lubang Buaya),95.3,43.4,3.7,22.2,50.5,23.8,76.3,PM10,SEDANG
2023-10-27,DKI5 (Kebon Jeruk),92.3,64.3,10.7,29.1,49.3,33.2,77.1,PM25,SEDANG
2023-10-28,DKI1 (Bunderan HI),87.6,25.8,12.3,18.3,56.2,21.2,70.1,PM10,SEDANG
2023-10-28,DKI2 (Kelapa Gading),60.2,26.4,9.4,23.6,36.2,15.7,48.1,PM10,BAIK
2023-10-28,DKI3 (Jagakarsa),52.9,67.4,20.1,16.6,58.5,24.4,80.9,PM25,SEDANG
2023-10-28,DKI4 (Lubang Buaya),93.7,62.3,8.1,21.4,59.3,18.7,75.0,PM10,SEDANG
2023-10-28,DKI5 (Kebon Jeruk),66.6,42.6,19.6,16.8,36.9,21.1,53.3,PM10,SEDANG
2023-10-29,DKI1 (Bunderan HI),88.2,49.7,17.2,8.5,65.1,15.4,70.6,PM10,SEDANG
2023-10-29,DKI2 (Kelapa Gading),69.1,70.1,16.4,21.6,49.3,2.8,84.1,PM25,SEDANG
2023-10-29,DKI3 (Jagakarsa),61.0,52.8,8.7,16.9,44.5,18.1,63.4,PM25,SEDANG
2023-10-29,DKI4 (Lubang Buaya),68.5,35.9,15.7,8.7,46.5,22.1,54.8,PM10,SEDANG
2023-10-29,DKI5 (Kebon Jeruk),74.7,57.8,11.5,19.0,31.6,16.4,69.3,PM25,SEDANG
2023-10-30,DKI1 (Bunderan HI),90.7,49.0,13.3,24.3,30.7,11.2,72.5,PM10,SEDANG
2023-10-30,DKI2 (Kelapa Gading),94.3,27.0,13.2,17.2,46.1,13.1,75.4,PM10,SEDANG
2023-10-30,DKI3 (Jagakarsa),75.2,60.9,13.6,17.6,50.4,23.7,73.0,PM25,SEDANG
2023-10-30,DKI4 (Lubang Buaya),70.9,50.6,5.9,20.8,43.0,33.5,60.7,PM25,SEDANG
2023-10-30,DKI5 (Kebon Jeruk),67.0,20.0,6.4,16.3,48.8,18.7,53.6,PM10,SEDANG
2023-10-31,DKI1 (Bunderan HI),101.6,61.2,14.2,15.5,55.2,11.6,81.3,PM10,SEDANG
2023-10-31,DKI2 (Kelapa Gading),119.9,56.6,7.8,16.6,53.2,21.9,95.9,PM10,SEDANG
2023-10-31,DKI3 (Jagakarsa),81.1,73.8,18.4,20.9,37.6,16.6,88.5,PM25,SEDANG
2023-10-31,DKI4 (Lubang Buaya),87.8,53.4,25.0,8.4,40.8,13.5,70.3,PM10,SEDANG
2023-10-31,DKI5 (Kebon Jeruk),102.1,57.3,16.4,4.7,46.5,12.4,81.7,PM10,SEDANG
2023-11-01,DKI1 (Bunderan HI),43.2,71.9,22.2,18.8,47.4,11.4,86.3,PM25,SEDANG
2023-11-01,DKI2 (Kelapa Gading),68.1,39.5,14.4,8.7,50.6,22.7,54.5,PM10,SEDANG
2023-11-01,DKI3 (Jagakarsa),84.5,54.0,20.8,22.0,55.6,25.1,67.6,PM10,SEDANG
2023-11-01,DKI4 (Lubang Buaya),88.5,66.3,19.0,19.5,17.1,9.3,79.6,PM25,SEDANG
2023-11-01,DKI5 (Kebon Jeruk),110.7,15.5,9.3,8.9,14.7,21.3,88.6,PM10,SEDANG
2023-11-02,DKI1 (Bunderan HI),92.3,41.6,20.5,5.2,35.8,14.1,73.8,PM10,SEDANG
2023-11-02,DKI2 (Kelapa Gading),127.9,52.4,16.0,16.0,33.7,23.3,102.4,PM10,TIDAK SEHAT
2023-11-02,DKI3 (Jagakarsa),102.9,84.0,6.0,9.6,34.0,28.9,100.8,PM25,TIDAK SEHAT
2023-11-02,DKI4 (Lubang Buaya),65.2,74.4,6.4,18.8,42.9,10.3,89.3,PM25,SEDANG
2023-11-02,DKI5 (Kebon Jeruk),94.0,43.8,17.4,21.0,38.4,19.1,75.2,PM10,SEDANG
2023-11-03,DKI1 (Bunderan HI),120.8,37.5,11.7,19.4,47.5,5.8,96.7,PM10,SEDANG
2023-11-03,DKI2 (Kelapa Gading),69.0,42.0,20.3,17.6,22.5,26.5,55.2,PM10,SEDANG
2023-11-03,DKI3 (Jagakarsa),105.7,33.6,17.3,15.7,50.1,31.4,84.5,PM10,SEDANG
2023-11-03,DKI4 (Lubang Buaya),87.5,21.8,9.5,14.5,41.1,13.1,70.0,PM10,SEDANG
2023-11-03,DKI5 (Kebon Jeruk),81.9,28.0,11.2,15.4,50.0,5.5,65.5,PM10,SEDANG
2023-11-04,DKI1 (Bunderan HI),55.2,45.9,9.7,17.7,60.3,9.9,55.0,PM25,SEDANG
2023-11-04,DKI2 (Kelapa Gading),49.0,50.0,10.7,16.2,54.3,23.4,60.0,PM25,SEDANG
2023-11-04,DKI3 (Jagakarsa),61.7,43.8,6.9,6.0,20.0,5.2,52.6,PM25,SEDANG
2023-11-04,DKI4 (Lubang Buaya),67.6,54.0,15.4,16.0,47.8,6.1,64.8,PM25,SEDANG
2023-11-04,DKI5 (Kebon Jeruk),95.7,59.0,18.6,16.4,43.3,22.8,76.5,PM10,SEDANG
2023-11-05,DKI1 (Bunderan HI),34.3,54.9,10.4,14.2,36.2,19.6,65.9,PM25,SEDANG
2023-11-05,DKI2 (Kelapa Gading),108.2,62.9,19.5,14.8,67.1,29.3,86.5,PM10,SEDANG
2023-11-05,DKI3 (Jagakarsa),88.4,42.5,11.6,6.8,38.8,16.9,70.7,PM10,SEDANG
2023-11-05,DKI4 (Lubang Buaya),103.9,18.9,18.7,28.1,44.3,12.8,83.1,PM10,SEDANG
2023-11-05,DKI5 (Kebon Jeruk),120.6,48.6,7.2,15.8,33.8,25.3,96.4,PM10,SEDANG
2023-11-06,DKI1 (Bunderan HI),74.0,38.6,7.8,12.7,38.7,23.1,59.2,PM10,SEDANG
2023-11-06,DKI2 (Kelapa Gading),46.3,12.6,17.0,12.5,59.3,13.2,53.3,O3,SEDANG
2023-11-06,DKI3 (Jagakarsa),88.6,41.1,11.7,9.0,58.6,19.5,70.9,PM10,SEDANG
2023-11-06,DKI4 (Lubang Buaya),92.3,76.4,18.9,17.5,30.2,6.0,91.7,PM25,SEDANG
2023-11-06,DKI5 (Kebon Jeruk),109.1,61.8,12.4,27.8,19.6,21.4,87.3,PM10,SEDANG
2023-11-07,DKI1 (Bunderan HI),56.4,60.0,16.6,21.6,22.3,24.9,72.0,PM25,SEDANG
2023-11-07,DKI2 (Kelapa Gading),76.5,46.5,19.1,25.8,40.9,13.6,61.2,PM10,SEDANG
2023-11-07,DKI3 (Jagakarsa),55.5,35.6,14.2,12.6,54.2,22.2,48.8,O3,BAIK
2023-11-07,DKI4 (Lubang Buaya),91.5,49.8,11.7,12.4,27.5,9.0,73.2,PM10,SEDANG
2023-11-07,DKI5 (Kebon Jeruk),76.7,41.8,14.6,13.5,40.8,17.1,61.4,PM10,SEDANG
2023-11-08,DKI2 (Kelapa Gading),67.2,86.1,17.6,13.4,31.6,14.0,103.3,PM25,TIDAK SEHAT
2023-11-08,DKI3 (Jagakarsa),105.9,61.4,10.9,14.1,14.5,26.5,84.8,PM10,SEDANG
2023-11-08,DKI4 (Lubang Buaya),76.0,62.5,6.6,19.2,59.2,18.4,75.0,PM25,SEDANG
2023-11-08,DKI5 (Kebon Jeruk),100.9,89.1,11.6,20.0,24.8,23.6,106.9,PM25,TIDAK SEHAT
2023-11-09,DKI1 (Bunderan HI),117.4,63.0,11.5,24.3,57.8,23.8,93.9,PM10,SEDANG
2023-11-09,DKI2 (Kelapa Gading),67.1,42.5,15.0,27.3,41.4,19.7,53.7,PM10,SEDANG
2023-11-09,DKI3 (Jagakarsa),60.7,47.4,9.7,22.0,41.2,22.1,56.8,PM25,SEDANG
2023-11-09,DKI4 (Lubang Buaya),81.6,42.1,1.0,21.8,40.7,20.2,65.3,PM10,SEDANG
2023-11-09,DKI5 (Kebon Jeruk),129.9,44.7,20.1,9.4,61.5,18.7,103.9,PM10,TIDAK SEHAT
2023-11-10,DKI1 (Bunderan HI),100.0,55.7,14.7,21.1,33.5,16.1,80.0,PM10,SEDANG
2023-11-10,DKI2 (Kelapa Gading),118.5,33.5,12.6,16.5,23.4,30.7,94.8,PM10,SEDANG
2023-11-10,DKI3 (Jagakarsa),64.5,29.2,10.5,15.7,54.0,16.3,51.6,PM10,SEDANG
2023-11-10,DKI5 (Kebon Jeruk),94.0,63.8,15.7,13.8,60.7,15.4,76.6,PM25,SEDANG
2023-11-11,DKI1 (Bunderan HI),93.8,48.3,8.6,13.4,49.7,35.9,75.1,PM10,SEDANG
2023-11-11,DKI2 (Kelapa Gading),91.9,58.1,8.7,31.3,35.4,25.9,73.5,PM10,SEDANG
2023-11-11,DKI3 (Jagakarsa),67.9,51.4,11.0,11.7,52.2,27.8,61.7,PM25,SEDANG
2023-11-11,DKI4 (Lubang Buaya),39.0,73.9,22.9,6.4,16.3,20.0,88.7,PM25,SEDANG
2023-11-11,DKI5 (Kebon Jeruk),62.4,70.3,17.2,22.2,45.7,17.0,84.4,PM25,SEDANG
2023-11-12,DKI1 (Bunderan HI),83.3,33.8,20.1,20.2,44.9,14.4,66.6,PM10,SEDANG
2023-11-12,DKI2 (Kelapa Gading),101.2,60.8,15.4,11.8,54.1,13.4,80.9,PM10,SEDANG
2023-11-12,DKI3 (Jagakarsa),86.3,25.6,20.2,20.5,20.3,8.5,69.0,PM10,SEDANG
2023-11-12,DKI4 (Lubang Buaya),77.7,58.1,8.2,16.6,50.2,28.3,69.7,PM25,SEDANG
2023-11-12,DKI5 (Kebon Jeruk),108.6,44.3,12.1,9.2,48.5,15.6,86.9,PM10,SEDANG
2023-11-13,DKI1 (Bunderan HI),74.4,72.7,15.4,13.6,23.4,20.2,87.2,PM25,SEDANG
2023-11-13,DKI2 (Kelapa Gading),50.7,29.2,13.7,19.8,39.2,19.9,40.6,PM10,BAIK
2023-11-13,DKI3 (Jagakarsa),118.2,49.4,13.6,19.0,62.8,27.0,94.5,PM10,SEDANG
2023-11-13,DKI4 (Lubang Buaya),103.5,30.2,19.0,15.8,49.1,30.3,82.8,PM10,SEDANG
2023-11-13,DKI5 (Kebon Jeruk),90.4,46.5,13.3,19.8,29.6,20.6,72.3,PM10,SEDANG
2023-11-14,DKI1 (Bunderan HI),108.5,8.9,12.1,19.2,43.6,14.6,86.8,PM10,SEDANG
2023-11-14,DKI2 (Kelapa Gading),80.5,58.1,11.9,21.8,48.1,28.7,69.7,PM25,SEDANG
2023-11-14,DKI3 (Jagakarsa),79.5,55.1,18.5,17.1,40.3,24.0,66.1,PM25,SEDANG
2023-11-14,DKI4 (Lubang Buaya),129.5,73.4,22.9,20.9,42.3,16.3,103.6,PM10,TIDAK SEHAT
2023-11-14,DKI5 (Kebon Jeruk),125.6,64.0,8.4,19.6,28.3,5.8,100.5,PM10,TIDAK SEHAT
2023-11-15,DKI1 (Bunderan HI),114.0,73.9,17.9,25.8,24.4,14.2,91.2,PM10,SEDANG
2023-11-15,DKI2 (Kelapa Gading),72.1,32.3,21.0,9.6,32.9,15.3,57.6,PM10,SEDANG
2023-11-15,DKI3 (Jagakarsa),81.2,63.4,21.0,18.5,58.3,28.5,76.1,PM25,SEDANG
2023-11-15,DKI5 (Kebon Jeruk),84.4,27.8,12.6,24.6,48.7,17.8,67.5,PM10,SEDANG
2023-11-16,DKI1 (Bunderan HI),70.8,48.7,18.5,17.4,31.0,21.3,58.5,PM25,SEDANG
2023-11-16,DKI3 (Jagakarsa),80.4,28.7,2.5,1.0,42.1,23.2,64.4,PM10,SEDANG
2023-11-16,DKI4 (Lubang Buaya),107.2,59.4,16.7,22.4,40.9,20.4,85.8,PM10,SEDANG
2023-11-16,DKI5 (Kebon Jeruk),75.8,63.8,7.9,18.0,50.6,28.3,76.6,PM25,SEDANG
2023-11-17,DKI1 (Bunderan HI),80.7,64.2,10.1,16.5,47.8,24.6,77.1,PM25,SEDANG
2023-11-17,DKI2 (Kelapa Gading),74.3,66.9,9.1,17.5,25.7,14.3,80.3,PM25,SEDANG
2023-11-17,DKI3 (Jagakarsa),75.7,83.0,22.2,11.1,32.4,12.3,99.6,PM25,SEDANG
2023-11-17,DKI4 (Lubang Buaya),81.5,37.4,5.4,6.9,18.5,15.8,65.2,PM10,SEDANG
2023-11-17,DKI5 (Kebon Jeruk),83.8,51.4,9.0,12.8,56.1,28.1,67.1,PM10,SEDANG
2023-11-18,DKI1 (Bunderan HI),126.5,42.8,9.1,14.4,57.8,19.8,101.2,PM10,TIDAK SEHAT
2023-11-18,DKI2 (Kelapa Gading),43.0,70.6,19.6,17.4,47.2,26.3,84.7,PM25,SEDANG
2023-11-18,DKI3 (Jagakarsa),71.2,91.0,18.6,17.3,43.4,15.7,109.1,PM25,TIDAK SEHAT
2023-11-18,DKI4 (Lubang Buaya),84.3,71.5,18.2,12.3,53.0,24.6,85.7,PM25,SEDANG
2023-11-18,DKI5 (Kebon Jeruk),47.4,68.5,17.6,25.4,29.1,13.3,82.2,PM25,SEDANG
2023-11-19,DKI2 (Kelapa Gading),76.7,51.5,1.0,21.5,27.0,13.2,61.8,PM25,SEDANG
2023-11-19,DKI3 (Jagakarsa),66.2,33.8,17.0,2.9,38.5,19.3,53.0,PM10,SEDANG
2023-11-19,DKI4 (Lubang Buaya),106.8,69.5,20.0,15.0,29.7,16.6,85.5,PM10,SEDANG
2023-11-19,DKI5 (Kebon Jeruk),65.1,38.1,17.9,21.5,69.7,21.2,62.8,O3,SEDANG
2023-11-20,DKI1 (Bunderan HI),51.9,47.2,7.9,15.2,49.6,20.4,56.6,PM25,SEDANG
2023-11-20,DKI2 (Kelapa Gading),65.4,22.1,9.3,12.9,50.5,14.4,52.3,PM10,SEDANG
2023-11-20,DKI3 (Jagakarsa),107.2,37.7,18.2,18.3,45.9,24.4,85.8,PM10,SEDANG
2023-11-20,DKI4 (Lubang Buaya),68.6,61.4,23.4,10.1,43.4,10.8,73.7,PM25,SEDANG
2023-11-20,DKI5 (Kebon Jeruk),57.3,53.8,17.3,25.1,52.5,20.4,64.6,PM25,SEDANG
2023-11-21,DKI1 (Bunderan HI),94.1,52.3,14.6,6.3,38.1,30.7,75.3,PM10,SEDANG
2023-11-21,DKI2 (Kelapa Gading),79.9,60.5,8.8,17.6,26.7,18.7,72.6,PM25,SEDANG
2023-11-21,DKI3 (Jagakarsa),105.9,64.4,7.6,12.4,39.4,12.4,84.8,PM10,SEDANG
2023-11-21,DKI4 (Lubang Buaya),59.5,31.6,13.9,18.6,29.3,16.5,47.6,PM10,BAIK
2023-11-21,DKI5 (Kebon Jeruk),43.0,62.2,14.2,12.1,44.1,22.1,74.6,PM25,SEDANG
2023-11-22,DKI1 (Bunderan HI),71.4,26.3,10.7,17.4,33.1,23.6,57.1,PM10,SEDANG
2023-11-22,DKI2 (Kelapa Gading),115.6,55.3,20.6,14.1,51.4,23.0,92.5,PM10,SEDANG
2023-11-22,DKI3 (Jagakarsa),108.7,75.0,6.7,16.5,27.3,13.5,90.1,PM25,SEDANG
2023-11-22,DKI4 (Lubang Buaya),81.6,83.1,20.8,11.9,48.7,34.7,99.8,PM25,SEDANG
2023-11-22,DKI5 (Kebon Jeruk),54.1,76.3,10.6,18.6,48.3,24.4,91.6,PM25,SEDANG
2023-11-23,DKI1 (Bunderan HI),99.0,32.5,13.9,12.0,43.9,21.8,79.2,PM10,SEDANG
2023-11-23,DKI2 (Kelapa Gading),113.3,26.8,13.4,27.3,25.8,17.9,90.6,PM10,SEDANG
2023-11-23,DKI3 (Jagakarsa),62.8,71.9,16.0,9.2,36.9,8.0,86.3,PM25,SEDANG
2023-11-23,DKI4 (Lubang Buaya),121.7,76.7,16.2,6.3,53.5,10.6,97.3,PM10,SEDANG
2023-11-23,DKI5 (Kebon Jeruk),58.5,48.8,17.4,13.6,30.9,18.8,58.5,PM25,SEDANG
2023-11-24,DKI1 (Bunderan HI),93.2,17.8,10.2,26.3,47.3,30.5,74.6,PM10,SEDANG
2023-11-24,DKI2 (Kelapa Gading),99.8,66.4,24.2,14.5,36.4,23.7,79.8,PM10,SEDANG
2023-11-24,DKI3 (Jagakarsa),74.2,24.1,17.8,13.8,48.9,27.3,59.3,PM10,SEDANG
2023-11-24,DKI4 (Lubang Buaya),63.5,68.3,18.3,27.9,42.4,15.0,82.0,PM25,SEDANG
2023-11-24,DKI5 (Kebon Jeruk),89.6,74.5,21.0,10.8,37.7,19.4,89.4,PM25,SEDANG
2023-11-25,DKI1 (Bunderan HI),68.9,43.8,12.7,25.6,34.8,29.3,55.1,PM10,SEDANG
2023-11-25,DKI2 (Kelapa Gading),83.0,46.4,15.0,11.3,37.2,21.6,66.4,PM10,SEDANG
2023-11-25,DKI4 (Lubang Buaya),46.2,33.6,20.1,11.4,42.7,11.9,40.3,PM25,BAIK
2023-11-25,DKI5 (Kebon Jeruk),131.3,79.0,11.3,22.3,35.8,27.3,105.0,PM10,TIDAK SEHAT
2023-11-26,DKI1 (Bunderan HI),88.5,35.8,18.7,20.2,37.2,11.2,70.8,PM10,SEDANG
2023-11-26,DKI2 (Kelapa Gading),80.1,51.5,10.1,10.4,39.3,4.7,64.1,PM10,SEDANG
2023-11-26,DKI3 (Jagakarsa),89.2,45.9,6.2,12.0,41.5,14.1,71.4,PM10,SEDANG
2023-11-26,DKI4 (Lubang Buaya),79.3,63.7,11.9,23.9,38.9,22.5,76.4,PM25,SEDANG
2023-11-26,DKI5 (Kebon Jeruk),104.8,40.2,22.2,17.5,26.3,12.3,83.9,PM10,SEDANG
2023-11-27,DKI1 (Bunderan HI),63.7,45.5,12.0,7.3,42.6,27.6,54.6,PM25,SEDANG
2023-11-27,DKI2 (Kelapa Gading),98.4,67.9,8.8,11.9,30.2,22.3,81.5,PM25,SEDANG
2023-11-27,DKI3 (Jagakarsa),40.0,77.5,5.6,4.3,25.8,15.3,93.0,PM25,SEDANG
2023-11-27,DKI4 (Lubang Buaya),39.6,17.3,17.9,12.8,23.6,16.3,31.7,PM10,BAIK
2023-11-27,DKI5 (Kebon Jeruk),59.8,59.3,15.7,21.4,52.1,10.8,71.2,PM25,SEDANG
2023-11-28,DKI1 (Bunderan HI),55.4,42.9,10.0,11.8,32.1,13.8,51.5,PM25,SEDANG
2023-11-28,DKI2 (Kelapa Gading),84.3,66.2,19.0,11.3,54.9,28.9,79.5,PM25,SEDANG
2023-11-28,DKI4 (Lubang Buaya),45.3,66.0,13.5,7.6,45.6,26.6,79.2,PM25,SEDANG
2023-11-28,DKI5 (Kebon Jeruk),89.1,43.7,13.9,27.1,41.3,19.3,71.3,PM10,SEDANG
2023-11-29,DKI1 (Bunderan HI),68.4,76.6,6.2,21.8,24.3,20.9,91.9,PM25,SEDANG
2023-11-29,DKI2 (Kelapa Gading),72.9,28.6,21.7,16.1,21.3,17.3,58.3,PM10,SEDANG
2023-11-29,DKI3 (Jagakarsa),31.8,37.7,18.6,14.0,27.6,14.5,45.2,PM25,BAIK
2023-11-29,DKI4 (Lubang Buaya),98.6,66.6,13.3,12.8,44.7,11.3,79.9,PM25,SEDANG
2023-11-29,DKI5 (Kebon Jeruk),95.2,31.4,8.7,18.4,51.5,15.1,76.2,PM10,SEDANG
2023-11-30,DKI1 (Bunderan HI),119.1,68.7,12.5,13.6,43.8,11.8,95.3,PM10,SEDANG
2023-11-30,DKI2 (Kelapa Gading),131.9,58.4,21.2,11.7,61.1,18.5,105.6,PM10,TIDAK SEHAT
2023-11-30,DKI3 (Jagakarsa),110.8,70.7,21.0,21.8,40.3,22.6,88.6,PM10,SEDANG
2023-11-30,DKI4 (Lubang Buaya),73.8,47.2,15.4,6.5,54.8,14.4,59.0,PM10,SEDANG
2023-11-30,DKI5 (Kebon Jeruk),49.5,45.2,18.7,16.5,22.1,31.2,54.3,PM25,SEDANG
2023-12-01,DKI1 (Bunderan HI),59.0,14.3,6.2,2.6,43.6,6.6,47.2,PM10,BAIK
2023-12-01,DKI2 (Kelapa Gading),40.9,88.0,9.1,10.2,38.5,1.0,105.6,PM25,TIDAK SEHAT
2023-12-01,DKI3 (Jagakarsa),98.4,35.9,14.0,13.2,43.1,10.9,78.7,PM10,SEDANG
2023-12-01,DKI4 (Lubang Buaya),73.5,77.2,2.4,29.8,45.7,12.6,92.6,PM25,SEDANG
2023-12-01,DKI5 (Kebon Jeruk),30.7,9.3,5.1,16.0,28.5,17.5,25.6,O3,BAIK
2023-12-02,DKI1 (Bunderan HI),84.9,47.5,3.5,14.3,34.9,4.6,67.9,PM10,SEDANG
2023-12-02,DKI2 (Kelapa Gading),10.0,43.6,11.8,11.6,25.1,1.0,52.3,PM25,SEDANG
2023-12-02,DKI3 (Jagakarsa),68.7,46.4,10.5,20.3,22.8,14.9,55.6,PM25,SEDANG
2023-12-02,DKI4 (Lubang Buaya),78.9,55.1,7.4,12.5,40.8,12.7,66.2,PM25,SEDANG
2023-12-02,DKI5 (Kebon Jeruk),104.1,17.5,12.0,14.6,18.2,15.0,83.3,PM10,SEDANG
2023-12-03,DKI1 (Bunderan HI),60.3,34.6,5.0,9.9,45.0,17.1,48.2,PM10,BAIK
2023-12-03,DKI2 (Kelapa Gading),10.0,40.9,14.4,6.7,17.0,16.0,49.1,PM25,BAIK
2023-12-03,DKI3 (Jagakarsa),73.1,14.7,14.3,13.3,21.7,13.5,58.5,PM10,SEDANG
2023-12-03,DKI4 (Lubang Buaya),82.1,18.2,6.1,27.6,40.9,14.9,65.6,PM10,SEDANG
2023-12-03,DKI5 (Kebon Jeruk),17.8,23.7,14.1,1.0,46.1,4.3,41.5,O3,BAIK
2023-12-04,DKI1 (Bunderan HI),88.8,70.1,15.7,10.2,38.5,20.3,84.1,PM25,SEDANG
2023-12-04,DKI2 (Kelapa Gading),61.3,31.2,16.1,13.6,21.9,7.3,49.0,PM10,BAIK
2023-12-04,DKI3 (Jagakarsa),74.2,31.3,14.6,14.2,22.3,9.8,59.4,PM10,SEDANG
2023-12-04,DKI4 (Lubang Buaya),34.7,51.4,12.2,16.8,58.6,14.1,61.7,PM25,SEDANG
2023-12-04,DKI5 (Kebon Jeruk),66.5,47.3,4.9,6.2,29.9,3.5,56.8,PM25,SEDANG
2023-12-05,DKI1 (Bunderan HI),76.1,43.5,6.1,5.3,15.3,21.2,60.8,PM10,SEDANG
2023-12-05,DKI2 (Kelapa Gading),32.6,33.3,7.4,14.6,44.5,10.7,40.0,O3,BAIK
2023-12-05,DKI3 (Jagakarsa),113.2,41.5,10.2,9.0,32.9,21.4,90.6,PM10,SEDANG
2023-12-05,DKI4 (Lubang Buaya),114.6,44.7,5.9,12.4,5.0,21.3,91.7,PM10,SEDANG
2023-12-05,DKI5 (Kebon Jeruk),75.7,47.4,5.8,2.7,25.5,9.0,60.6,PM10,SEDANG
2023-12-06,DKI1 (Bunderan HI),55.1,56.5,13.4,27.3,19.9,16.9,67.8,PM25,SEDANG
2023-12-06,DKI2 (Kelapa Gading),69.6,60.5,19.2,1.0,40.3,26.4,72.5,PM25,SEDANG
2023-12-06,DKI3 (Jagakarsa),52.0,46.1,12.1,2.0,43.1,25.1,55.3,PM25,SEDANG
2023-12-06,DKI4 (Lubang Buaya),101.0,41.7,14.5,25.1,31.0,7.0,80.8,PM10,SEDANG
2023-12-06,DKI5 (Kebon Jeruk),71.6,29.3,14.1,26.3,45.8,18.4,57.2,PM10,SEDANG
2023-12-07,DKI1 (Bunderan HI),85.6,25.1,12.4,7.6,23.4,15.7,68.5,PM10,SEDANG
2023-12-07,DKI2 (Kelapa Gading),23.8,5.5,22.5,13.8,39.1,21.3,35.2,O3,BAIK
2023-12-07,DKI3 (Jagakarsa),73.2,54.1,12.8,20.0,42.1,20.0,65.0,PM25,SEDANG
2023-12-07,DKI4 (Lubang Buaya),83.6,18.8,9.7,10.8,44.0,22.4,66.9,PM10,SEDANG
2023-12-07,DKI5 (Kebon Jeruk),82.2,20.8,10.4,8.0,42.5,23.8,65.7,PM10,SEDANG
2023-12-08,DKI1 (Bunderan HI),50.2,46.9,14.9,12.5,38.3,20.9,56.3,PM25,SEDANG
2023-12-08,DKI2 (Kelapa Gading),54.8,43.1,10.8,23.5,18.6,8.4,51.7,PM25,SEDANG
2023-12-08,DKI3 (Jagakarsa),82.7,21.0,10.0,10.5,55.6,19.1,66.2,PM10,SEDANG
2023-12-08,DKI4 (Lubang Buaya),42.1,59.8,16.2,9.6,31.4,24.8,71.8,PM25,SEDANG
2023-12-08,DKI5 (Kebon Jeruk),70.0,5.0,1.5,1.0,30.3,15.5,56.0,PM10,SEDANG
2023-12-09,DKI1 (Bunderan HI),83.3,49.3,6.7,13.8,34.0,12.1,66.7,PM10,SEDANG
2023-12-09,DKI2 (Kelapa Gading),113.4,20.5,12.7,7.4,16.0,5.9,90.7,PM10,SEDANG
2023-12-09,DKI3 (Jagakarsa),73.0,14.2,4.9,18.7,36.9,22.4,58.4,PM10,SEDANG
2023-12-09,DKI4 (Lubang Buaya),58.1,45.1,11.1,12.2,40.7,6.6,54.1,PM25,SEDANG
2023-12-09,DKI5 (Kebon Jeruk),54.2,67.9,8.1,24.4,31.4,22.2,81.5,PM25,SEDANG
2023-12-10,DKI1 (Bunderan HI),59.1,13.8,14.8,12.0,52.9,19.4,47.6,O3,BAIK
2023-12-10,DKI2 (Kelapa Gading),57.0,56.7,3.0,14.4,45.2,11.8,68.0,PM25,SEDANG
2023-12-10,DKI3 (Jagakarsa),54.6,7.8,18.4,13.6,38.0,18.8,43.7,PM10,BAIK
2023-12-10,DKI4 (Lubang Buaya),79.8,53.5,16.7,16.6,21.0,9.3,64.2,PM25,SEDANG
2023-12-10,DKI5 (Kebon Jeruk),55.0,27.7,14.7,11.3,42.6,8.9,44.0,PM10,BAIK
2023-12-11,DKI1 (Bunderan HI),110.0,29.4,9.6,20.5,36.0,12.4,88.0,PM10,SEDANG
2023-12-11,DKI2 (Kelapa Gading),65.6,43.6,8.8,8.7,35.8,2.9,52.5,PM10,SEDANG
2023-12-11,DKI3 (Jagakarsa),16.4,22.8,13.7,12.8,57.0,26.9,51.3,O3,SEDANG
2023-12-11,DKI4 (Lubang Buaya),43.2,16.6,5.2,21.3,52.7,22.6,47.5,O3,BAIK
2023-12-11,DKI5 (Kebon Jeruk),68.7,38.3,11.4,13.1,27.0,17.9,55.0,PM10,SEDANG
2023-12-12,DKI1 (Bunderan HI),41.5,46.5,11.0,20.3,45.8,9.8,55.8,PM25,SEDANG
2023-12-12,DKI2 (Kelapa Gading),53.0,62.3,12.6,17.9,31.2,3.4,74.8,PM25,SEDANG
2023-12-12,DKI3 (Jagakarsa),88.3,39.3,16.0,15.4,52.8,26.1,70.6,PM10,SEDANG
2023-12-12,DKI4 (Lubang Buaya),42.5,28.5,13.1,16.1,19.0,20.1,34.2,PM25,BAIK
2023-12-12,DKI5 (Kebon Jeruk),85.3,28.9,19.4,8.3,48.4,9.3,68.2,PM10,SEDANG
2023-12-13,DKI1 (Bunderan HI),105.0,5.0,17.4,23.8,41.8,7.2,84.0,PM10,SEDANG
2023-12-13,DKI2 (Kelapa Gading),74.6,19.2,11.6,14.0,39.6,13.0,59.7,PM10,SEDANG
2023-12-13,DKI3 (Jagakarsa),28.1,48.1,8.5,4.2,33.0,20.3,57.8,PM25,SEDANG
2023-12-13,DKI4 (Lubang Buaya),80.6,36.2,11.9,19.1,15.3,17.8,64.5,PM10,SEDANG
2023-12-13,DKI5 (Kebon Jeruk),46.4,43.3,21.8,24.5,31.7,21.9,51.9,PM25,SEDANG
2023-12-14,DKI1 (Bunderan HI),40.5,47.5,9.4,17.4,22.4,16.2,57.0,PM25,SEDANG
2023-12-14,DKI2 (Kelapa Gading),90.7,6.5,19.1,10.7,11.8,19.1,72.6,PM10,SEDANG
2023-12-14,DKI3 (Jagakarsa),38.8,14.6,4.3,15.0,34.5,15.9,31.1,PM10,BAIK
2023-12-14,DKI4 (Lubang Buaya),61.7,30.1,14.5,14.7,11.5,11.9,49.3,PM10,BAIK
2023-12-14,DKI5 (Kebon Jeruk),29.2,49.0,14.3,3.9,27.6,10.9,58.8,PM25,SEDANG
2023-12-15,DKI1 (Bunderan HI),70.2,65.8,8.5,22.3,32.4,7.9,79.0,PM25,SEDANG
2023-12-15,DKI2 (Kelapa Gading),62.6,55.4,4.2,17.0,21.4,21.7,66.4,PM25,SEDANG
2023-12-15,DKI3 (Jagakarsa),81.8,30.5,14.3,18.1,30.5,11.0,65.4,PM10,SEDANG
2023-12-15,DKI4 (Lubang Buaya),71.9,26.5,14.3,18.9,34.6,10.5,57.5,PM10,SEDANG
2023-12-15,DKI5 (Kebon Jeruk),71.5,18.0,11.9,22.3,38.7,6.2,57.2,PM10,SEDANG
2023-12-16,DKI1 (Bunderan HI),84.5,24.3,7.9,8.6,27.6,12.0,67.6,PM10,SEDANG
2023-12-16,DKI2 (Kelapa Gading),49.3,32.3,13.8,14.6,31.4,14.8,39.4,PM10,BAIK
2023-12-16,DKI3 (Jagakarsa),116.1,24.2,12.1,11.0,28.5,6.4,92.8,PM10,SEDANG
2023-12-16,DKI4 (Lubang Buaya),53.9,44.2,7.0,3.2,41.1,6.8,53.1,PM25,SEDANG
2023-12-16,DKI5 (Kebon Jeruk),114.6,61.1,15.7,14.4,30.5,21.9,91.7,PM10,SEDANG
2023-12-17,DKI1 (Bunderan HI),81.8,36.9,3.8,10.3,52.6,27.1,65.4,PM10,SEDANG
2023-12-17,DKI2 (Kelapa Gading),69.9,32.9,10.4,15.6,29.0,7.5,55.9,PM10,SEDANG
2023-12-17,DKI3 (Jagakarsa),69.9,36.8,14.7,5.9,36.6,23.6,56.0,PM10,SEDANG
2023-12-17,DKI4 (Lubang Buaya),52.7,27.8,11.1,12.9,33.4,12.3,42.2,PM10,BAIK
2023-12-17,DKI5 (Kebon Jeruk),57.0,64.8,6.1,18.0,45.6,8.9,77.8,PM25,SEDANG
2023-12-18,DKI1 (Bunderan HI),47.5,39.8,11.7,9.4,27.6,10.4,47.7,PM25,BAIK
2023-12-18,DKI2 (Kelapa Gading),75.4,52.0,11.0,9.4,37.5,26.8,62.4,PM25,SEDANG
2023-12-18,DKI3 (Jagakarsa),53.7,37.0,8.6,19.9,33.2,1.0,44.4,PM25,BAIK
2023-12-18,DKI4 (Lubang Buaya),51.4,31.6,12.8,13.7,23.6,14.2,41.1,PM10,BAIK
2023-12-18,DKI5 (Kebon Jeruk),63.4,52.6,12.0,8.2,18.3,13.9,63.1,PM25,SEDANG
2023-12-19,DKI1 (Bunderan HI),29.9,50.5,13.7,22.8,39.3,15.7,60.6,PM25,SEDANG
2023-12-19,DKI2 (Kelapa Gading),48.5,31.2,10.9,8.8,9.4,20.2,38.8,PM10,BAIK
2023-12-19,DKI3 (Jagakarsa),57.7,39.5,11.4,21.3,7.3,11.0,47.4,PM25,BAIK
2023-12-19,DKI4 (Lubang Buaya),84.2,53.3,6.3,16.7,12.9,20.5,67.3,PM10,SEDANG
2023-12-19,DKI5 (Kebon Jeruk),52.8,67.8,16.3,18.7,42.7,7.2,81.4,PM25,SEDANG
2023-12-20,DKI1 (Bunderan HI),62.9,50.6,8.1,12.5,8.8,14.3,60.7,PM25,SEDANG
2023-12-20,DKI2 (Kelapa Gading),47.1,36.3,17.1,22.6,8.0,7.2,43.5,PM25,BAIK
2023-12-20,DKI3 (Jagakarsa),87.6,30.6,11.0,11.5,40.5,4.4,70.0,PM10,SEDANG
2023-12-20,DKI4 (Lubang Buaya),100.6,29.4,7.7,7.5,48.0,4.3,80.5,PM10,SEDANG
2023-12-20,DKI5 (Kebon Jeruk),88.1,44.6,10.8,11.2,31.6,14.5,70.5,PM10,SEDANG
2023-12-21,DKI1 (Bunderan HI),92.3,47.3,12.9,15.8,29.9,14.7,73.9,PM10,SEDANG
2023-12-21,DKI2 (Kelapa Gading),85.5,44.5,18.8,17.2,16.4,25.8,68.4,PM10,SEDANG
2023-12-21,DKI3 (Jagakarsa),96.2,18.2,18.3,15.5,15.7,19.2,76.9,PM10,SEDANG
2023-12-21,DKI4 (Lubang Buaya),61.8,30.5,6.3,14.4,44.7,21.4,49.5,PM10,BAIK
2023-12-21,DKI5 (Kebon Jeruk),67.7,40.9,14.1,20.0,27.8,6.7,54.1,PM10,SEDANG
2023-12-22,DKI1 (Bunderan HI),54.5,5.0,6.5,18.7,30.0,20.4,43.6,PM10,BAIK
2023-12-22,DKI2 (Kelapa Gading),96.2,49.6,19.9,22.1,48.8,19.9,77.0,PM10,SEDANG
2023-12-22,DKI3 (Jagakarsa),101.8,40.8,19.2,16.9,27.8,13.9,81.4,PM10,SEDANG
2023-12-22,DKI4 (Lubang Buaya),45.2,39.4,8.1,13.8,48.4,9.5,47.3,PM25,BAIK
2023-12-22,DKI5 (Kebon Jeruk),77.0,26.0,11.7,4.9,14.1,21.2,61.6,PM10,SEDANG
2023-12-23,DKI1 (Bunderan HI),43.6,55.8,18.7,6.2,40.9,8.1,66.9,PM25,SEDANG
2023-12-23,DKI2 (Kelapa Gading),99.1,55.3,12.5,24.4,44.7,15.2,79.3,PM10,SEDANG
2023-12-23,DKI3 (Jagakarsa),86.6,49.9,9.6,17.6,49.2,11.9,69.3,PM10,SEDANG
2023-12-23,DKI4 (Lubang Buaya),100.8,45.1,1.0,8.0,39.2,18.9,80.6,PM10,SEDANG
2023-12-23,DKI5 (Kebon Jeruk),84.5,37.1,22.8,20.4,43.1,14.7,67.6,PM10,SEDANG
2023-12-24,DKI1 (Bunderan HI),24.2,74.1,8.9,15.1,47.7,17.0,88.9,PM25,SEDANG
2023-12-24,DKI2 (Kelapa Gading),90.0,19.3,8.4,17.0,34.2,16.2,72.0,PM10,SEDANG
2023-12-24,DKI3 (Jagakarsa),38.5,61.8,13.0,17.2,29.2,21.6,74.1,PM25,SEDANG
2023-12-24,DKI5 (Kebon Jeruk),41.5,47.9,7.9,5.8,22.5,16.8,57.5,PM25,SEDANG
2023-12-25,DKI1 (Bunderan HI),90.8,17.3,27.0,12.9,32.6,10.9,72.7,PM10,SEDANG
2023-12-25,DKI2 (Kelapa Gading),48.0,27.1,18.8,15.2,22.7,19.9,38.4,PM10,BAIK
2023-12-25,DKI3 (Jagakarsa),87.3,67.7,1.8,18.8,52.3,11.0,81.2,PM25,SEDANG
2023-12-25,DKI4 (Lubang Buaya),134.6,49.5,6.7,13.0,36.9,20.8,107.7,PM10,TIDAK SEHAT
2023-12-25,DKI5 (Kebon Jeruk),18.1,53.8,14.6,8.8,47.3,12.1,64.5,PM25,SEDANG
2023-12-26,DKI1 (Bunderan HI),56.6,59.7,8.9,16.6,33.8,20.3,71.6,PM25,SEDANG
2023-12-26,DKI2 (Kelapa Gading),67.4,27.7,4.9,13.4,35.6,21.4,53.9,PM10,SEDANG
2023-12-26,DKI3 (Jagakarsa),85.6,41.9,8.7,7.2,28.4,19.6,68.5,PM10,SEDANG
2023-12-26,DKI4 (Lubang Buaya),97.7,5.0,8.5,6.5,44.1,16.3,78.2,PM10,SEDANG
2023-12-26,DKI5 (Kebon Jeruk),61.2,10.7,11.0,4.5,41.3,13.6,49.0,PM10,BAIK
2023-12-27,DKI1 (Bunderan HI),79.3,85.1,7.2,12.8,17.4,15.5,102.1,PM25,TIDAK SEHAT
2023-12-27,DKI2 (Kelapa Gading),37.6,19.5,11.0,14.7,8.8,6.9,30.1,PM10,BAIK
2023-12-27,DKI3 (Jagakarsa),28.7,42.6,7.3,19.8,35.8,21.7,51.2,PM25,SEDANG
2023-12-27,DKI4 (Lubang Buaya),76.5,77.1,9.4,4.9,18.6,20.8,92.5,PM25,SEDANG
2023-12-27,DKI5 (Kebon Jeruk),65.6,42.9,15.3,20.0,15.2,4.6,52.5,PM10,SEDANG
2023-12-28,DKI1 (Bunderan HI),61.4,32.9,9.1,15.8,21.8,17.7,49.1,PM10,BAIK
2023-12-28,DKI2 (Kelapa Gading),75.7,5.0,7.3,3.0,23.2,18.4,60.5,PM10,SEDANG
2023-12-28,DKI3 (Jagakarsa),41.9,44.1,9.9,6.2,32.6,11.1,52.9,PM25,SEDANG
2023-12-28,DKI4 (Lubang Buaya),70.3,16.8,10.8,14.9,58.5,8.0,56.2,PM10,SEDANG
2023-12-28,DKI5 (Kebon Jeruk),59.6,84.6,12.7,5.3,7.0,17.2,101.5,PM25,TIDAK SEHAT
2023-12-29,DKI1 (Bunderan HI),53.4,29.0,13.9,8.8,34.0,21.9,42.7,PM10,BAIK
2023-12-29,DKI2 (Kelapa Gading),72.9,64.9,6.4,10.8,39.1,10.6,77.8,PM25,SEDANG
2023-12-29,DKI5 (Kebon Jeruk),77.6,48.2,18.1,20.7,45.5,9.2,62.1,PM10,SEDANG
2023-12-30,DKI1 (Bunderan HI),102.1,31.8,13.3,29.4,45.6,16.3,81.7,PM10,SEDANG
2023-12-30,DKI2 (Kelapa Gading),10.6,74.6,17.9,10.4,36.1,11.1,89.5,PM25,SEDANG
2023-12-30,DKI3 (Jagakarsa),70.7,51.8,16.1,11.2,48.1,6.0,62.1,PM25,SEDANG
2023-12-30,DKI4 (Lubang Buaya),61.5,34.4,5.6,16.3,25.5,12.8,49.2,PM10,BAIK
2023-12-30,DKI5 (Kebon Jeruk),51.9,39.1,8.4,6.5,50.0,24.5,47.0,PM25,BAIK
2023-12-31,DKI1 (Bunderan HI),82.9,76.4,17.3,18.4,23.0,6.6,91.7,PM25,SEDANG
2023-12-31,DKI2 (Kelapa Gading),70.0,43.6,1.9,9.0,41.1,5.3,56.0,PM10,SEDANG
2023-12-31,DKI3 (Jagakarsa),86.7,34.3,11.3,9.5,41.2,21.3,69.4,PM10,SEDANG
2023-12-31,DKI4 (Lubang Buaya),65.5,51.6,9.5,26.1,26.5,16.1,62.0,PM25,SEDANG
2023-12-31,DKI5 (Kebon Jeruk),90.2,56.8,2.8,12.6,36.0,8.2,72.2,PM10,SEDANG
2024-01-01,DKI1 (Bunderan HI),52.1,66.3,6.5,4.7,58.7,18.9,79.6,PM25,SEDANG
2024-01-01,DKI2 (Kelapa Gading),48.6,66.4,10.4,14.6,25.1,33.5,79.6,PM25,SEDANG
2024-01-01,DKI3 (Jagakarsa),105.3,25.0,10.3,13.8,20.1,10.2,84.3,PM10,SEDANG
2024-01-01,DKI4 (Lubang Buaya),60.1,48.9,5.2,6.7,23.0,21.2,58.7,PM25,SEDANG
2024-01-01,DKI5 (Kebon Jeruk),37.3,57.0,1.0,12.3,5.0,13.4,68.4,PM25,SEDANG
2024-01-02,DKI2 (Kelapa Gading),79.4,36.7,12.5,10.0,39.0,18.3,63.5,PM10,SEDANG
2024-01-02,DKI3 (Jagakarsa),50.7,57.0,11.7,13.5,37.8,18.3,68.4,PM25,SEDANG
2024-01-02,DKI4 (Lubang Buaya),69.8,53.1,18.5,11.4,21.3,23.5,63.8,PM25,SEDANG
2024-01-02,DKI5 (Kebon Jeruk),55.6,57.6,18.8,19.0,32.6,10.7,69.2,PM25,SEDANG
2024-01-03,DKI1 (Bunderan HI),102.8,55.6,8.7,24.9,14.9,11.3,82.3,PM10,SEDANG
2024-01-03,DKI2 (Kelapa Gading),86.8,31.8,8.1,17.6,21.9,17.2,69.5,PM10,SEDANG
2024-01-03,DKI3 (Jagakarsa),41.2,35.6,12.0,16.4,19.0,8.5,42.7,PM25,BAIK
2024-01-03,DKI4 (Lubang Buaya),68.8,34.8,19.1,19.4,37.4,11.9,55.1,PM10,SEDANG
2024-01-03,DKI5 (Kebon Jeruk),80.3,58.0,12.5,13.1,46.7,11.9,69.6,PM25,SEDANG
2024-01-04,DKI1 (Bunderan HI),56.0,50.2,12.4,16.3,18.9,12.4,60.2,PM25,SEDANG
2024-01-04,DKI2 (Kelapa Gading),77.2,50.6,17.0,15.7,41.3,5.7,61.7,PM10,SEDANG
2024-01-04,DKI3 (Jagakarsa),44.9,56.7,14.5,4.4,25.5,23.6,68.0,PM25,SEDANG
2024-01-04,DKI4 (Lubang Buaya),83.9,36.7,13.2,14.0,27.3,10.5,67.1,PM10,SEDANG
2024-01-04,DKI5 (Kebon Jeruk),109.2,30.5,12.2,2.6,63.1,28.9,87.4,PM10,SEDANG
2024-01-05,DKI1 (Bunderan HI),46.0,61.1,17.2,10.3,42.0,6.1,73.3,PM25,SEDANG
2024-01-05,DKI2 (Kelapa Gading),69.5,51.4,12.5,14.7,28.5,16.6,61.7,PM25,SEDANG
2024-01-05,DKI3 (Jagakarsa),83.2,16.8,11.2,18.8,62.5,31.5,66.6,PM10,SEDANG
2024-01-05,DKI4 (Lubang Buaya),54.0,49.4,13.1,1.0,24.9,5.0,59.3,PM25,SEDANG
2024-01-05,DKI5 (Kebon Jeruk),60.3,42.5,9.5,13.0,26.9,16.1,51.1,PM25,SEDANG
2024-01-06,DKI1 (Bunderan HI),65.2,21.6,23.5,15.4,44.5,9.2,52.2,PM10,SEDANG
2024-01-06,DKI2 (Kelapa Gading),56.3,35.7,17.1,9.2,26.6,5.2,45.0,PM10,BAIK
2024-01-06,DKI3 (Jagakarsa),94.1,11.9,1.0,15.7,23.6,18.9,75.3,PM10,SEDANG
2024-01-06,DKI4 (Lubang Buaya),69.2,20.3,8.1,8.4,24.5,3.9,55.4,PM10,SEDANG
2024-01-06,DKI5 (Kebon Jeruk),58.9,53.8,22.6,11.2,33.9,11.7,64.5,PM25,SEDANG
2024-01-07,DKI1 (Bunderan HI),51.1,28.5,11.5,20.6,35.3,13.7,40.9,PM10,BAIK
2024-01-07,DKI2 (Kelapa Gading),78.0,35.1,10.7,19.5,47.6,10.8,62.4,PM10,SEDANG
2024-01-07,DKI3 (Jagakarsa),87.3,34.2,3.8,19.2,29.1,19.6,69.8,PM10,SEDANG
2024-01-07,DKI4 (Lubang Buaya),25.6,39.8,7.3,21.9,30.0,20.7,47.7,PM25,BAIK
2024-01-07,DKI5 (Kebon Jeruk),75.7,31.3,15.9,12.8,39.5,16.8,60.6,PM10,SEDANG
2024-01-08,DKI1 (Bunderan HI),77.2,48.9,14.6,16.4,34.7,18.6,61.7,PM10,SEDANG
2024-01-08,DKI2 (Kelapa Gading),71.0,48.0,1.0,5.0,43.0,15.6,57.6,PM25,SEDANG
2024-01-08,DKI3 (Jagakarsa),25.3,40.6,12.0,20.6,34.2,24.0,48.7,PM25,BAIK
2024-01-08,DKI4 (Lubang Buaya),80.9,34.7,6.6,13.1,39.6,23.0,64.7,PM10,SEDANG
2024-01-08,DKI5 (Kebon Jeruk),71.7,40.8,1.9,18.6,46.1,12.6,57.3,PM10,SEDANG
2024-01-09,DKI1 (Bunderan HI),85.1,35.3,10.3,13.8,23.1,27.8,68.1,PM10,SEDANG
2024-01-09,DKI2 (Kelapa Gading),43.6,22.3,15.0,14.7,31.1,11.8,34.9,PM10,BAIK
2024-01-09,DKI3 (Jagakarsa),62.6,25.9,21.1,7.5,20.0,17.1,50.1,PM10,SEDANG
2024-01-09,DKI4 (Lubang Buaya),116.6,69.9,15.8,13.1,35.6,1.0,93.3,PM10,SEDANG
2024-01-09,DKI5 (Kebon Jeruk),119.8,55.0,21.6,14.5,40.3,22.0,95.8,PM10,SEDANG
2024-01-10,DKI1 (Bunderan HI),16.7,35.7,13.0,25.8,49.2,20.9,44.2,O3,BAIK
2024-01-10,DKI2 (Kelapa Gading),72.2,38.6,5.0,18.7,30.4,13.1,57.8,PM10,SEDANG
2024-01-10,DKI3 (Jagakarsa),78.8,32.0,17.3,13.4,26.8,15.4,63.1,PM10,SEDANG
2024-01-10,DKI4 (Lubang Buaya),85.4,28.1,9.1,17.7,43.4,6.2,68.4,PM10,SEDANG
2024-01-10,DKI5 (Kebon Jeruk),73.5,61.0,1.0,19.7,55.4,17.1,73.1,PM25,SEDANG
2024-01-11,DKI1 (Bunderan HI),43.8,44.5,11.0,4.1,8.2,7.4,53.4,PM25,SEDANG
2024-01-11,DKI2 (Kelapa Gading),15.5,30.6,6.7,8.8,27.2,17.8,36.7,PM25,BAIK
2024-01-11,DKI3 (Jagakarsa),63.6,10.0,11.4,21.9,46.0,15.2,50.9,PM10,SEDANG
2024-01-11,DKI4 (Lubang Buaya),76.6,92.8,9.9,15.4,37.6,8.7,111.3,PM25,TIDAK SEHAT
2024-01-11,DKI5 (Kebon Jeruk),88.6,18.0,6.1,11.1,22.6,15.1,70.9,PM10,SEDANG
2024-01-12,DKI1 (Bunderan HI),46.3,50.3,10.9,14.1,29.7,20.0,60.3,PM25,SEDANG
2024-01-12,DKI2 (Kelapa Gading),25.1,27.0,12.9,5.9,26.6,20.3,32.4,PM25,BAIK
2024-01-12,DKI3 (Jagakarsa),91.2,29.2,16.1,14.7,25.7,16.2,73.0,PM10,SEDANG
2024-01-12,DKI4 (Lubang Buaya),111.9,61.6,11.5,21.9,44.7,3.7,89.6,PM10,SEDANG
2024-01-12,DKI5 (Kebon Jeruk),41.5,18.8,6.6,6.4,29.3,17.5,33.2,PM10,BAIK
2024-01-13,DKI1 (Bunderan HI),56.2,33.6,13.2,16.6,32.0,16.3,44.9,PM10,BAIK
2024-01-13,DKI2 (Kelapa Gading),10.0,49.9,12.8,22.5,38.7,19.3,59.9,PM25,SEDANG
2024-01-13,DKI3 (Jagakarsa),18.7,18.9,12.7,15.3,26.9,8.4,24.2,O3,BAIK
2024-01-13,DKI4 (Lubang Buaya),58.5,12.8,6.3,16.9,14.8,22.0,46.8,PM10,BAIK
2024-01-13,DKI5 (Kebon Jeruk),67.6,48.0,10.1,13.0,21.0,23.4,57.6,PM25,SEDANG
2024-01-14,DKI1 (Bunderan HI),73.5,77.8,16.0,10.4,18.1,18.7,93.4,PM25,SEDANG
2024-01-14,DKI2 (Kelapa Gading),77.8,22.2,9.6,9.4,29.2,14.7,62.3,PM10,SEDANG
2024-01-14,DKI3 (Jagakarsa),57.8,61.9,7.7,8.7,26.6,22.1,74.2,PM25,SEDANG
2024-01-14,DKI4 (Lubang Buaya),89.7,54.6,9.6,10.4,40.3,11.0,71.8,PM10,SEDANG
2024-01-14,DKI5 (Kebon Jeruk),81.6,49.4,11.3,35.4,33.7,27.0,65.3,PM10,SEDANG
2024-01-15,DKI1 (Bunderan HI),97.5,41.5,9.4,6.4,41.5,20.6,78.0,PM10,SEDANG
2024-01-15,DKI2 (Kelapa Gading),53.5,31.7,6.9,17.6,49.0,8.1,44.1,O3,BAIK
2024-01-15,DKI3 (Jagakarsa),43.8,38.3,15.3,16.4,47.7,1.0,45.9,PM25,BAIK
2024-01-15,DKI4 (Lubang Buaya),55.3,60.3,19.6,12.2,27.3,8.9,72.4,PM25,SEDANG
2024-01-15,DKI5 (Kebon Jeruk),85.1,62.5,12.9,1.0,38.4,11.4,75.0,PM25,SEDANG
2024-01-16,DKI1 (Bunderan HI),78.9,42.5,17.6,14.1,32.5,14.3,63.1,PM10,SEDANG
2024-01-16,DKI2 (Kelapa Gading),105.3,33.0,15.1,16.8,36.5,16.3,84.3,PM10,SEDANG
2024-01-16,DKI3 (Jagakarsa),68.4,67.3,13.0,18.1,33.1,25.2,80.7,PM25,SEDANG
2024-01-16,DKI4 (Lubang Buaya),61.4,45.0,1.6,14.4,25.8,12.8,54.0,PM25,SEDANG
2024-01-16,DKI5 (Kebon Jeruk),46.2,36.7,18.8,13.8,22.0,16.0,44.1,PM25,BAIK
2024-01-17,DKI1 (Bunderan HI),87.4,36.9,14.1,1.4,19.9,18.2,70.0,PM10,SEDANG
2024-01-17,DKI2 (Kelapa Gading),29.8,49.0,7.4,7.5,37.6,18.9,58.8,PM25,SEDANG
2024-01-17,DKI3 (Jagakarsa),97.1,52.3,12.9,21.2,22.2,6.1,77.7,PM10,SEDANG
2024-01-17,DKI4 (Lubang Buaya),29.5,55.8,7.5,8.6,32.2,9.1,66.9,PM25,SEDANG
2024-01-17,DKI5 (Kebon Jeruk),50.3,32.8,13.9,20.5,23.8,1.1,40.3,PM10,BAIK
2024-01-18,DKI1 (Bunderan HI),79.1,14.3,9.9,17.5,48.5,3.6,63.3,PM10,SEDANG
2024-01-18,DKI2 (Kelapa Gading),85.0,6.8,8.9,14.4,20.7,17.4,68.0,PM10,SEDANG
2024-01-18,DKI3 (Jagakarsa),56.9,40.7,11.4,13.3,50.2,11.3,48.8,PM25,BAIK
2024-01-18,DKI4 (Lubang Buaya),49.6,67.2,9.0,14.4,43.6,17.7,80.6,PM25,SEDANG
2024-01-18,DKI5 (Kebon Jeruk),63.2,22.4,1.0,12.8,35.6,15.1,50.5,PM10,SEDANG
2024-01-19,DKI1 (Bunderan HI),85.4,28.2,12.5,15.6,37.1,27.6,68.3,PM10,SEDANG
2024-01-19,DKI2 (Kelapa Gading),71.1,18.5,6.3,19.8,39.9,14.3,56.9,PM10,SEDANG
2024-01-19,DKI3 (Jagakarsa),53.6,47.0,12.0,16.1,10.9,13.0,56.3,PM25,SEDANG
2024-01-19,DKI4 (Lubang Buaya),75.3,33.8,15.4,18.0,19.0,23.2,60.3,PM10,SEDANG
2024-01-19,DKI5 (Kebon Jeruk),53.3,53.2,12.2,10.8,47.2,23.1,63.8,PM25,SEDANG
2024-01-20,DKI1 (Bunderan HI),76.6,54.5,7.3,23.1,32.7,15.9,65.4,PM25,SEDANG
2024-01-20,DKI2 (Kelapa Gading),95.3,35.0,4.1,5.6,24.7,24.0,76.3,PM10,SEDANG
2024-01-20,DKI3 (Jagakarsa),116.5,59.6,8.7,14.1,29.2,4.8,93.2,PM10,SEDANG
2024-01-20,DKI4 (Lubang Buaya),49.8,24.9,2.6,11.6,35.6,13.0,39.9,PM10,BAIK
2024-01-20,DKI5 (Kebon Jeruk),61.2,37.3,5.2,18.3,17.5,6.4,48.9,PM10,BAIK
2024-01-21,DKI1 (Bunderan HI),109.2,40.6,1.0,25.6,45.1,11.2,87.3,PM10,SEDANG
2024-01-21,DKI2 (Kelapa Gading),85.7,21.7,6.7,9.5,41.9,23.5,68.5,PM10,SEDANG
2024-01-21,DKI3 (Jagakarsa),64.4,48.4,12.7,4.5,7.2,16.8,58.1,PM25,SEDANG
2024-01-21,DKI4 (Lubang Buaya),71.1,24.8,5.8,11.9,30.6,10.9,56.9,PM10,SEDANG
2024-01-21,DKI5 (Kebon Jeruk),62.7,5.0,4.8,25.8,59.8,5.3,53.8,O3,SEDANG
2024-01-22,DKI1 (Bunderan HI),98.1,48.3,5.1,9.9,46.3,19.0,78.4,PM10,SEDANG
2024-01-22,DKI2 (Kelapa Gading),81.7,34.5,1.0,17.3,35.2,20.9,65.4,PM10,SEDANG
2024-01-22,DKI3 (Jagakarsa),91.9,5.0,19.5,13.6,31.9,2.2,73.5,PM10,SEDANG
2024-01-22,DKI4 (Lubang Buaya),58.3,41.3,18.7,7.3,30.7,11.2,49.6,PM25,BAIK
2024-01-22,DKI5 (Kebon Jeruk),52.4,31.2,1.2,13.8,25.4,17.4,41.9,PM10,BAIK
2024-01-23,DKI1 (Bunderan HI),95.7,31.0,9.0,14.4,29.6,19.7,76.6,PM10,SEDANG
2024-01-23,DKI2 (Kelapa Gading),94.2,74.1,7.9,8.7,44.1,13.6,88.9,PM25,SEDANG
2024-01-23,DKI3 (Jagakarsa),64.1,38.1,17.6,15.4,17.2,7.8,51.3,PM10,SEDANG
2024-01-23,DKI4 (Lubang Buaya),96.0,92.9,16.9,7.4,35.8,21.6,111.5,PM25,TIDAK SEHAT
2024-01-23,DKI5 (Kebon Jeruk),43.2,14.4,16.1,13.2,39.3,20.5,35.3,O3,BAIK
2024-01-24,DKI1 (Bunderan HI),64.8,25.5,13.8,17.3,25.4,21.1,51.8,PM10,SEDANG
2024-01-24,DKI2 (Kelapa Gading),89.7,38.3,11.7,13.3,51.5,8.8,71.8,PM10,SEDANG
2024-01-24,DKI3 (Jagakarsa),53.9,46.9,15.1,8.6,33.1,23.8,56.3,PM25,SEDANG
2024-01-24,DKI4 (Lubang Buaya),52.2,39.2,13.8,11.6,44.1,19.0,47.1,PM25,BAIK
2024-01-24,DKI5 (Kebon Jeruk),73.0,27.2,9.7,5.8,26.0,11.4,58.4,PM10,SEDANG
2024-01-25,DKI1 (Bunderan HI),21.2,59.7,8.6,8.9,28.0,18.3,71.6,PM25,SEDANG
2024-01-25,DKI2 (Kelapa Gading),32.4,46.7,11.5,17.4,51.4,23.6,56.1,PM25,SEDANG
2024-01-25,DKI3 (Jagakarsa),33.9,26.4,16.4,14.6,44.4,14.1,39.9,O3,BAIK
2024-01-25,DKI4 (Lubang Buaya),20.5,34.1,15.6,20.5,37.6,8.8,40.9,PM25,BAIK
2024-01-25,DKI5 (Kebon Jeruk),78.7,56.8,14.8,14.8,21.8,22.0,68.1,PM25,SEDANG
2024-01-26,DKI1 (Bunderan HI),39.4,35.5,15.4,21.4,26.3,11.1,42.6,PM25,BAIK
2024-01-26,DKI2 (Kelapa Gading),57.4,41.0,7.6,10.0,20.6,5.7,49.2,PM25,BAIK
2024-01-26,DKI3 (Jagakarsa),60.5,35.0,10.3,9.7,16.5,9.9,48.4,PM10,BAIK
2024-01-26,DKI4 (Lubang Buaya),48.9,14.3,13.5,8.6,31.3,9.4,39.1,PM10,BAIK
2024-01-26,DKI5 (Kebon Jeruk),51.7,33.2,8.2,11.8,35.8,21.1,41.4,PM10,BAIK
2024-01-27,DKI1 (Bunderan HI),41.5,5.4,15.6,13.6,36.5,10.3,33.2,PM10,BAIK
2024-01-27,DKI2 (Kelapa Gading),114.9,44.3,9.2,5.9,48.8,5.5,92.0,PM10,SEDANG
2024-01-27,DKI3 (Jagakarsa),118.9,56.9,8.3,15.9,21.7,22.1,95.2,PM10,SEDANG
2024-01-27,DKI4 (Lubang Buaya),45.6,17.5,5.0,15.8,34.7,15.7,36.5,PM10,BAIK
2024-01-27,DKI5 (Kebon Jeruk),51.2,35.8,12.2,21.3,29.5,17.7,42.9,PM25,BAIK
2024-01-28,DKI1 (Bunderan HI),105.3,52.1,8.7,13.1,38.0,3.3,84.2,PM10,SEDANG
2024-01-28,DKI2 (Kelapa Gading),50.7,45.0,20.5,21.9,19.0,7.5,54.0,PM25,SEDANG
2024-01-28,DKI3 (Jagakarsa),110.8,20.4,4.4,2.6,27.0,27.9,88.6,PM10,SEDANG
2024-01-28,DKI4 (Lubang Buaya),88.6,40.7,19.2,24.7,27.2,3.7,70.9,PM10,SEDANG
2024-01-28,DKI5 (Kebon Jeruk),34.1,26.0,10.8,23.6,44.3,8.8,39.9,O3,BAIK
2024-01-29,DKI1 (Bunderan HI),81.7,52.2,4.3,10.3,9.5,18.4,65.3,PM10,SEDANG
2024-01-29,DKI2 (Kelapa Gading),59.5,41.1,16.4,20.3,45.0,21.6,49.4,PM25,BAIK
2024-01-29,DKI3 (Jagakarsa),65.8,39.1,18.5,11.0,15.5,1.6,52.6,PM10,SEDANG
2024-01-29,DKI4 (Lubang Buaya),90.4,38.7,16.7,5.9,30.0,16.9,72.4,PM10,SEDANG
2024-01-29,DKI5 (Kebon Jeruk),113.6,28.2,16.6,12.3,28.6,22.3,90.9,PM10,SEDANG
2024-01-30,DKI1 (Bunderan HI),105.5,43.5,1.0,8.8,26.9,19.9,84.4,PM10,SEDANG
2024-01-30,DKI2 (Kelapa Gading),30.1,42.0,11.8,16.0,46.8,5.6,50.4,PM25,SEDANG
2024-01-30,DKI3 (Jagakarsa),58.5,32.3,9.5,10.9,34.7,22.1,46.8,PM10,BAIK
2024-01-30,DKI4 (Lubang Buaya),42.9,25.8,7.2,21.2,28.7,12.2,34.3,PM10,BAIK
2024-01-30,DKI5 (Kebon Jeruk),135.1,31.3,5.9,2.4,57.0,23.0,108.1,PM10,TIDAK SEHAT
2024-01-31,DKI1 (Bunderan HI),63.9,27.7,14.1,12.0,42.6,5.3,51.1,PM10,SEDANG
2024-01-31,DKI2 (Kelapa Gading),66.5,24.2,8.9,6.8,39.8,7.0,53.2,PM10,SEDANG
2024-01-31,DKI3 (Jagakarsa),107.4,41.9,6.4,10.5,33.3,30.9,85.9,PM10,SEDANG
2024-01-31,DKI4 (Lubang Buaya),94.0,5.0,9.9,7.6,12.2,29.7,75.2,PM10,SEDANG
2024-01-31,DKI5 (Kebon Jeruk),64.2,31.0,21.4,16.6,27.3,18.0,51.3,PM10,SEDANG
2024-02-01,DKI1 (Bunderan HI),110.9,32.7,12.5,21.6,24.2,23.2,88.7,PM10,SEDANG
2024-02-01,DKI2 (Kelapa Gading),82.1,71.8,1.5,7.0,22.2,10.2,86.2,PM25,SEDANG
2024-02-01,DKI3 (Jagakarsa),73.4,84.2,5.2,9.5,49.2,16.6,101.0,PM25,TIDAK SEHAT
2024-02-01,DKI4 (Lubang Buaya),113.7,36.8,9.8,19.9,26.5,9.3,90.9,PM10,SEDANG
2024-02-01,DKI5 (Kebon Jeruk),68.1,26.5,11.9,15.7,51.5,3.9,54.5,PM10,SEDANG
2024-02-02,DKI2 (Kelapa Gading),119.0,30.7,21.9,10.9,30.8,22.1,95.2,PM10,SEDANG
2024-02-02,DKI3 (Jagakarsa),25.3,22.4,3.6,20.5,39.5,23.4,35.5,O3,BAIK
2024-02-02,DKI4 (Lubang Buaya),69.6,18.4,10.9,11.8,21.8,16.2,55.7,PM10,SEDANG
2024-02-02,DKI5 (Kebon Jeruk),72.8,45.5,14.2,11.9,42.3,9.7,58.2,PM10,SEDANG
2024-02-03,DKI1 (Bunderan HI),87.2,53.1,18.5,18.1,39.6,23.6,69.7,PM10,SEDANG
2024-02-03,DKI2 (Kelapa Gading),64.3,13.2,15.2,6.1,44.8,2.2,51.4,PM10,SEDANG
2024-02-03,DKI3 (Jagakarsa),94.6,77.2,12.4,9.8,33.1,19.6,92.6,PM25,SEDANG
2024-02-03,DKI4 (Lubang Buaya),81.0,21.9,19.3,8.1,21.4,10.1,64.8,PM10,SEDANG
2024-02-03,DKI5 (Kebon Jeruk),73.9,45.3,10.0,17.2,30.2,13.7,59.1,PM10,SEDANG
2024-02-04,DKI1 (Bunderan HI),55.5,45.4,7.3,11.7,38.9,25.0,54.5,PM25,SEDANG
2024-02-04,DKI2 (Kelapa Gading),10.4,41.6,11.5,7.2,23.8,6.5,49.9,PM25,BAIK
2024-02-04,DKI3 (Jagakarsa),93.8,8.7,5.6,8.3,24.7,13.8,75.0,PM10,SEDANG
2024-02-04,DKI4 (Lubang Buaya),50.7,37.7,4.7,3.1,34.9,22.4,45.2,PM25,BAIK
2024-02-04,DKI5 (Kebon Jeruk),67.2,37.7,10.4,10.5,48.7,24.7,53.7,PM10,SEDANG
2024-02-05,DKI1 (Bunderan HI),96.3,70.0,14.3,14.8,30.1,16.0,84.0,PM25,SEDANG
2024-02-05,DKI2 (Kelapa Gading),68.8,64.6,14.0,22.7,22.3,29.3,77.5,PM25,SEDANG
2024-02-05,DKI3 (Jagakarsa),61.2,70.8,9.5,16.5,31.8,16.9,84.9,PM25,SEDANG
2024-02-05,DKI4 (Lubang Buaya),76.5,36.5,6.4,17.0,46.9,11.9,61.2,PM10,SEDANG
2024-02-05,DKI5 (Kebon Jeruk),58.6,58.2,12.0,14.0,59.1,3.4,69.8,PM25,SEDANG
2024-02-06,DKI1 (Bunderan HI),47.0,51.4,9.1,9.4,9.0,8.1,61.6,PM25,SEDANG
2024-02-06,DKI2 (Kelapa Gading),46.2,36.6,14.5,15.2,49.3,13.3,44.4,O3,BAIK
2024-02-06,DKI3 (Jagakarsa),79.6,37.9,5.7,20.0,22.0,21.1,63.7,PM10,SEDANG
2024-02-06,DKI4 (Lubang Buaya),66.2,51.2,10.0,16.1,45.8,15.0,61.4,PM25,SEDANG
2024-02-06,DKI5 (Kebon Jeruk),87.8,39.9,22.3,11.2,30.5,18.8,70.3,PM10,SEDANG
2024-02-07,DKI1 (Bunderan HI),77.8,32.7,11.5,14.3,51.3,8.2,62.2,PM10,SEDANG
2024-02-07,DKI2 (Kelapa Gading),79.8,60.0,9.4,22.6,25.1,23.6,71.9,PM25,SEDANG
2024-02-07,DKI3 (Jagakarsa),115.8,75.8,10.4,13.5,29.3,19.4,92.7,PM10,SEDANG
2024-02-07,DKI4 (Lubang Buaya),84.4,38.3,17.2,13.2,41.3,13.2,67.5,PM10,SEDANG
2024-02-07,DKI5 (Kebon Jeruk),65.6,22.5,12.2,19.1,59.9,6.6,53.9,O3,SEDANG
2024-02-08,DKI1 (Bunderan HI),29.8,46.7,8.0,21.0,30.7,12.3,56.0,PM25,SEDANG
2024-02-08,DKI2 (Kelapa Gading),63.0,54.5,10.2,10.2,21.7,19.4,65.4,PM25,SEDANG
2024-02-08,DKI3 (Jagakarsa),84.6,27.0,6.7,15.1,40.9,12.6,67.7,PM10,SEDANG
2024-02-08,DKI4 (Lubang Buaya),38.0,36.8,8.5,15.2,16.2,18.0,44.2,PM25,BAIK
2024-02-08,DKI5 (Kebon Jeruk),54.5,44.8,15.9,4.5,47.0,15.5,53.8,PM25,SEDANG
2024-02-09,DKI1 (Bunderan HI),64.1,36.2,18.5,11.3,33.1,11.2,51.3,PM10,SEDANG
2024-02-09,DKI2 (Kelapa Gading),67.7,44.3,13.2,15.6,22.0,1.2,54.1,PM10,SEDANG
2024-02-09,DKI3 (Jagakarsa),69.8,73.4,9.7,8.3,13.3,5.4,88.0,PM25,SEDANG
2024-02-09,DKI4 (Lubang Buaya),77.1,9.4,15.6,3.9,49.9,25.2,61.6,PM10,SEDANG
2024-02-09,DKI5 (Kebon Jeruk),38.6,11.7,14.4,17.7,32.5,17.9,30.9,PM10,BAIK
2024-02-10,DKI1 (Bunderan HI),59.6,16.8,13.5,17.0,26.1,6.9,47.7,PM10,BAIK
2024-02-10,DKI2 (Kelapa Gading),64.9,22.4,2.5,14.1,33.9,20.2,52.0,PM10,SEDANG
2024-02-10,DKI3 (Jagakarsa),74.2,83.3,14.8,14.6,36.3,16.1,100.0,PM25,SEDANG
2024-02-10,DKI4 (Lubang Buaya),41.4,38.7,13.9,24.6,39.5,8.2,46.4,PM25,BAIK
2024-02-10,DKI5 (Kebon Jeruk),60.0,60.6,5.3,11.5,28.8,23.2,72.8,PM25,SEDANG
2024-02-11,DKI1 (Bunderan HI),52.4,60.9,10.1,12.6,36.9,13.3,73.1,PM25,SEDANG
2024-02-11,DKI2 (Kelapa Gading),83.9,5.0,4.6,12.9,40.7,18.7,67.2,PM10,SEDANG
2024-02-11,DKI3 (Jagakarsa),82.4,25.9,5.0,13.3,23.1,21.0,65.9,PM10,SEDANG
2024-02-11,DKI4 (Lubang Buaya),41.0,18.6,15.9,14.3,31.7,21.3,32.8,PM10,BAIK
2024-02-12,DKI1 (Bunderan HI),34.5,31.4,14.6,18.2,34.5,6.8,37.7,PM25,BAIK
2024-02-12,DKI2 (Kelapa Gading),87.7,22.9,7.0,12.4,17.0,1.0,70.2,PM10,SEDANG
2024-02-12,DKI3 (Jagakarsa),89.0,36.4,8.5,8.3,53.4,6.4,71.2,PM10,SEDANG
2024-02-12,DKI4 (Lubang Buaya),96.9,33.4,14.9,18.1,29.2,14.9,77.5,PM10,SEDANG
2024-02-12,DKI5 (Kebon Jeruk),33.1,41.6,17.4,12.2,32.5,20.3,49.9,PM25,BAIK
2024-02-13,DKI1 (Bunderan HI),54.5,43.3,18.1,13.2,30.3,9.9,51.9,PM25,SEDANG
2024-02-13,DKI2 (Kelapa Gading),141.1,51.8,23.7,14.5,37.4,16.7,112.9,PM10,TIDAK SEHAT
2024-02-13,DKI3 (Jagakarsa),87.3,17.6,6.1,18.8,5.0,8.0,69.9,PM10,SEDANG
2024-02-13,DKI5 (Kebon Jeruk),94.5,16.4,12.5,5.3,12.1,14.5,75.6,PM10,SEDANG
2024-02-14,DKI1 (Bunderan HI),77.8,27.9,3.8,17.5,44.5,20.6,62.2,PM10,SEDANG
2024-02-14,DKI2 (Kelapa Gading),58.3,51.0,14.8,14.8,22.4,16.7,61.2,PM25,SEDANG
2024-02-14,DKI3 (Jagakarsa),61.6,57.9,5.0,6.8,55.8,19.2,69.5,PM25,SEDANG
2024-02-14,DKI4 (Lubang Buaya),85.6,19.1,17.7,16.9,43.4,17.4,68.5,PM10,SEDANG
2024-02-14,DKI5 (Kebon Jeruk),120.7,77.7,18.8,24.6,25.7,12.7,96.5,PM10,SEDANG
2024-02-15,DKI2 (Kelapa Gading),81.1,83.9,3.1,8.4,36.0,6.6,100.7,PM25,TIDAK SEHAT
2024-02-15,DKI3 (Jagakarsa),91.6,66.9,12.7,22.3,47.4,23.4,80.3,PM25,SEDANG
2024-02-15,DKI4 (Lubang Buaya),48.7,54.4,15.8,11.5,44.0,1.0,65.3,PM25,SEDANG
2024-02-15,DKI5 (Kebon Jeruk),67.9,55.5,5.0,13.2,46.7,13.6,66.6,PM25,SEDANG
2024-02-16,DKI1 (Bunderan HI),53.9,24.5,9.9,13.2,36.4,31.6,43.1,PM10,BAIK
2024-02-16,DKI2 (Kelapa Gading),65.8,28.8,18.4,9.1,23.5,4.7,52.6,PM10,SEDANG
2024-02-16,DKI3 (Jagakarsa),45.5,5.0,9.4,4.6,20.8,12.4,36.4,PM10,BAIK
2024-02-16,DKI4 (Lubang Buaya),78.5,19.2,1.0,14.4,45.3,19.2,62.8,PM10,SEDANG
2024-02-16,DKI5 (Kebon Jeruk),86.5,61.2,10.4,14.1,27.8,9.1,73.4,PM25,SEDANG
2024-02-17,DKI1 (Bunderan HI),60.0,35.9,14.2,3.5,17.1,21.9,48.0,PM10,BAIK
2024-02-17,DKI2 (Kelapa Gading),68.3,42.3,3.5,13.6,28.6,15.6,54.7,PM10,SEDANG
2024-02-17,DKI3 (Jagakarsa),61.2,18.4,10.2,21.5,23.8,8.8,48.9,PM10,BAIK
2024-02-17,DKI4 (Lubang Buaya),96.3,9.0,11.4,9.0,45.0,11.2,77.0,PM10,SEDANG
2024-02-17,DKI5 (Kebon Jeruk),42.5,25.6,18.6,15.5,53.1,13.4,47.8,O3,BAIK
2024-02-18,DKI1 (Bunderan HI),73.0,14.1,10.7,13.9,52.2,19.3,58.4,PM10,SEDANG
2024-02-18,DKI2 (Kelapa Gading),42.7,29.0,5.0,13.0,39.1,22.0,35.1,O3,BAIK
2024-02-18,DKI3 (Jagakarsa),69.0,23.5,7.5,16.9,47.1,13.0,55.2,PM10,SEDANG
2024-02-18,DKI4 (Lubang Buaya),82.1,26.6,8.9,15.0,35.6,17.9,65.7,PM10,SEDANG
2024-02-18,DKI5 (Kebon Jeruk),68.0,51.2,8.3,26.5,47.6,17.7,61.4,PM25,SEDANG
2024-02-19,DKI1 (Bunderan HI),75.0,42.9,10.5,21.0,41.0,10.8,60.0,PM10,SEDANG
2024-02-19,DKI2 (Kelapa Gading),69.8,51.7,13.0,10.0,24.3,20.9,62.1,PM25,SEDANG
2024-02-19,DKI3 (Jagakarsa),73.5,34.2,22.5,17.6,33.3,13.1,58.8,PM10,SEDANG
2024-02-19,DKI4 (Lubang Buaya),92.5,64.8,8.1,8.4,35.5,13.6,77.8,PM25,SEDANG
2024-02-19,DKI5 (Kebon Jeruk),42.0,33.3,8.0,10.3,43.4,20.3,40.0,PM25,BAIK
2024-02-20,DKI1 (Bunderan HI),133.7,14.6,14.8,20.4,18.8,1.0,106.9,PM10,TIDAK SEHAT
2024-02-20,DKI2 (Kelapa Gading),44.5,22.1,9.1,20.8,16.5,12.2,35.6,PM10,BAIK
2024-02-20,DKI3 (Jagakarsa),64.4,62.3,12.2,15.6,38.8,10.5,74.7,PM25,SEDANG
2024-02-20,DKI4 (Lubang Buaya),68.7,47.3,9.3,7.9,37.9,11.6,56.8,PM25,SEDANG
2024-02-20,DKI5 (Kebon Jeruk),90.8,15.0,14.6,15.0,39.8,6.4,72.7,PM10,SEDANG
2024-02-21,DKI1 (Bunderan HI),48.9,61.6,16.2,26.8,34.8,15.9,73.9,PM25,SEDANG
2024-02-21,DKI2 (Kelapa Gading),80.7,44.4,10.3,17.2,27.1,23.0,64.5,PM10,SEDANG
2024-02-21,DKI3 (Jagakarsa),32.5,38.2,3.6,15.1,40.2,19.2,45.8,PM25,BAIK
2024-02-21,DKI4 (Lubang Buaya),40.5,52.0,8.9,9.9,19.5,5.5,62.4,PM25,SEDANG
2024-02-21,DKI5 (Kebon Jeruk),78.2,34.0,9.3,12.2,34.6,7.3,62.5,PM10,SEDANG
2024-02-22,DKI1 (Bunderan HI),68.8,32.1,19.6,16.9,35.0,1.0,55.1,PM10,SEDANG
2024-02-22,DKI2 (Kelapa Gading),12.9,14.2,22.0,19.1,32.0,21.7,28.8,O3,BAIK
2024-02-22,DKI3 (Jagakarsa),79.8,66.8,9.5,15.2,32.0,19.9,80.1,PM25,SEDANG
2024-02-22,DKI4 (Lubang Buaya),74.2,35.4,14.5,16.0,38.3,15.3,59.4,PM10,SEDANG
2024-02-22,DKI5 (Kebon Jeruk),32.5,47.1,1.0,6.8,49.4,7.3,56.5,PM25,SEDANG
2024-02-23,DKI1 (Bunderan HI),78.3,68.5,12.8,15.3,20.4,24.6,82.2,PM25,SEDANG
2024-02-23,DKI2 (Kelapa Gading),64.6,48.0,12.8,8.8,44.9,23.9,57.6,PM25,SEDANG
2024-02-23,DKI3 (Jagakarsa),101.2,5.1,10.6,8.1,46.5,22.8,80.9,PM10,SEDANG
2024-02-23,DKI4 (Lubang Buaya),97.6,33.2,17.6,16.8,32.0,24.6,78.1,PM10,SEDANG
2024-02-23,DKI5 (Kebon Jeruk),86.4,5.0,3.7,9.5,36.2,26.0,69.1,PM10,SEDANG
2024-02-24,DKI1 (Bunderan HI),102.1,37.0,11.2,5.5,45.9,17.5,81.7,PM10,SEDANG
2024-02-24,DKI2 (Kelapa Gading),62.9,32.0,14.3,16.6,38.4,31.3,50.3,PM10,SEDANG
2024-02-24,DKI3 (Jagakarsa),85.6,40.9,18.4,3.3,47.2,17.5,68.5,PM10,SEDANG
2024-02-24,DKI4 (Lubang Buaya),72.3,40.3,11.7,11.1,32.2,4.5,57.8,PM10,SEDANG
2024-02-24,DKI5 (Kebon Jeruk),61.8,38.7,12.0,10.7,48.1,15.2,49.4,PM10,BAIK
2024-02-25,DKI1 (Bunderan HI),77.6,31.6,10.9,16.4,47.5,21.2,62.1,PM10,SEDANG
2024-02-25,DKI2 (Kelapa Gading),47.2,41.1,13.6,6.5,22.3,14.3,49.3,PM25,BAIK
2024-02-25,DKI3 (Jagakarsa),48.1,84.6,8.1,19.0,41.6,18.3,101.5,PM25,TIDAK SEHAT
2024-02-25,DKI4 (Lubang Buaya),40.7,44.5,25.3,15.3,32.5,11.9,53.5,PM25,SEDANG
2024-02-25,DKI5 (Kebon Jeruk),45.4,50.7,15.3,20.6,22.7,15.0,60.9,PM25,SEDANG
2024-02-26,DKI1 (Bunderan HI),83.5,6.3,13.8,4.8,21.6,18.5,66.8,PM10,SEDANG
2024-02-26,DKI2 (Kelapa Gading),38.8,21.3,21.5,4.3,50.1,19.1,45.1,O3,BAIK
2024-02-26,DKI3 (Jagakarsa),86.1,80.0,9.6,20.9,5.0,24.2,96.1,PM25,SEDANG
2024-02-26,DKI4 (Lubang Buaya),60.1,42.6,9.5,12.0,10.5,23.7,51.1,PM25,SEDANG
2024-02-26,DKI5 (Kebon Jeruk),68.7,5.0,13.6,5.9,49.5,20.9,55.0,PM10,SEDANG
2024-02-27,DKI1 (Bunderan HI),22.9,48.2,6.0,15.6,39.7,15.8,57.9,PM25,SEDANG
2024-02-27,DKI2 (Kelapa Gading),89.7,91.2,13.4,24.6,46.0,21.0,109.4,PM25,TIDAK SEHAT
2024-02-27,DKI3 (Jagakarsa),72.7,34.6,13.5,18.8,19.0,10.2,58.1,PM10,SEDANG
2024-02-27,DKI4 (Lubang Buaya),58.9,52.3,19.3,8.5,26.2,7.6,62.8,PM25,SEDANG
2024-02-27,DKI5 (Kebon Jeruk),48.5,38.2,14.2,14.0,33.4,24.3,45.9,PM25,BAIK
2024-02-28,DKI1 (Bunderan HI),62.7,40.3,12.5,13.9,33.1,9.4,50.2,PM10,SEDANG
2024-02-28,DKI2 (Kelapa Gading),38.5,48.1,7.7,9.7,25.8,19.9,57.7,PM25,SEDANG
2024-02-28,DKI3 (Jagakarsa),45.9,11.8,10.9,10.4,31.0,18.3,36.7,PM10,BAIK
2024-02-28,DKI4 (Lubang Buaya),87.1,22.7,6.7,4.4,31.2,22.5,69.7,PM10,SEDANG
2024-02-28,DKI5 (Kebon Jeruk),61.7,35.5,4.0,13.5,8.1,17.6,49.4,PM10,BAIK
2024-02-29,DKI1 (Bunderan HI),128.2,21.8,12.3,11.0,57.4,1.0,102.6,PM10,TIDAK SEHAT
2024-02-29,DKI2 (Kelapa Gading),73.6,29.6,17.2,4.3,34.3,27.7,58.9,PM10,SEDANG
2024-02-29,DKI3 (Jagakarsa),46.5,57.5,10.5,3.7,14.3,14.0,69.0,PM25,SEDANG
2024-02-29,DKI4 (Lubang Buaya),85.4,68.9,16.2,12.3,24.9,14.9,82.7,PM25,SEDANG
2024-02-29,DKI5 (Kebon Jeruk),52.6,5.0,10.4,13.5,23.1,1.0,42.1,PM10,BAIK
2024-03-01,DKI1 (Bunderan HI),68.0,42.6,6.8,25.2,33.0,8.9,54.4,PM10,SEDANG
2024-03-01,DKI2 (Kelapa Gading),96.1,23.1,15.9,17.6,19.8,24.6,76.8,PM10,SEDANG
2024-03-01,DKI3 (Jagakarsa),59.7,31.8,7.5,5.8,38.1,16.5,47.8,PM10,BAIK
2024-03-01,DKI4 (Lubang Buaya),42.0,35.3,2.8,19.3,25.3,10.0,42.3,PM25,BAIK
2024-03-01,DKI5 (Kebon Jeruk),78.6,23.7,15.9,14.8,31.2,1.2,62.9,PM10,SEDANG
2024-03-02,DKI1 (Bunderan HI),135.5,5.0,4.9,15.8,30.0,28.8,108.4,PM10,TIDAK SEHAT
2024-03-02,DKI2 (Kelapa Gading),81.3,23.6,20.2,16.2,37.7,17.5,65.0,PM10,SEDANG
2024-03-02,DKI3 (Jagakarsa),109.6,46.5,8.3,12.8,22.1,21.5,87.7,PM10,SEDANG
2024-03-02,DKI4 (Lubang Buaya),18.5,64.1,5.7,11.0,22.7,7.9,76.9,PM25,SEDANG
2024-03-02,DKI5 (Kebon Jeruk),77.0,54.3,13.8,1.1,41.3,8.0,65.1,PM25,SEDANG
2024-03-03,DKI1 (Bunderan HI),100.3,66.0,7.1,1.0,31.8,12.7,80.3,PM10,SEDANG
2024-03-03,DKI2 (Kelapa Gading),82.0,46.4,14.4,11.0,50.1,18.9,65.6,PM10,SEDANG
2024-03-03,DKI3 (Jagakarsa),43.8,57.1,14.3,7.0,17.9,11.4,68.5,PM25,SEDANG
2024-03-03,DKI4 (Lubang Buaya),67.8,19.5,13.6,20.0,17.8,10.1,54.3,PM10,SEDANG
2024-03-03,DKI5 (Kebon Jeruk),89.5,53.0,14.3,12.7,37.6,23.7,71.6,PM10,SEDANG
2024-03-04,DKI1 (Bunderan HI),98.1,33.1,11.6,18.2,39.0,14.7,78.5,PM10,SEDANG
2024-03-04,DKI2 (Kelapa Gading),86.1,35.8,13.6,14.0,24.4,6.0,68.9,PM10,SEDANG
2024-03-04,DKI3 (Jagakarsa),119.7,18.8,11.5,14.3,34.9,21.1,95.8,PM10,SEDANG
2024-03-04,DKI4 (Lubang Buaya),57.5,35.6,11.6,3.4,21.6,23.6,46.0,PM10,BAIK
2024-03-04,DKI5 (Kebon Jeruk),53.7,5.9,3.3,8.3,27.0,11.5,43.0,PM10,BAIK
2024-03-05,DKI1 (Bunderan HI),101.5,45.9,17.0,15.3,38.6,12.7,81.2,PM10,SEDANG
2024-03-05,DKI2 (Kelapa Gading),95.6,21.8,10.3,5.4,40.2,25.6,76.5,PM10,SEDANG
2024-03-05,DKI3 (Jagakarsa),78.5,5.0,22.5,11.8,41.5,15.3,62.8,PM10,SEDANG
2024-03-05,DKI4 (Lubang Buaya),51.9,19.2,13.9,19.1,25.5,5.1,41.5,PM10,BAIK
2024-03-05,DKI5 (Kebon Jeruk),59.4,72.7,15.3,12.6,19.7,17.0,87.2,PM25,SEDANG
2024-03-06,DKI1 (Bunderan HI),99.9,44.1,12.4,18.0,33.6,11.4,79.9,PM10,SEDANG
2024-03-06,DKI2 (Kelapa Gading),77.0,52.4,13.8,6.9,35.4,2.0,62.9,PM25,SEDANG
2024-03-06,DKI3 (Jagakarsa),70.6,40.6,13.2,10.2,39.9,21.5,56.5,PM10,SEDANG
2024-03-06,DKI4 (Lubang Buaya),62.0,14.0,13.4,10.6,37.2,15.1,49.6,PM10,BAIK
2024-03-06,DKI5 (Kebon Jeruk),25.2,45.3,15.6,10.2,8.5,17.7,54.4,PM25,SEDANG
2024-03-07,DKI1 (Bunderan HI),60.7,73.7,5.2,25.6,44.3,14.9,88.4,PM25,SEDANG
2024-03-07,DKI2 (Kelapa Gading),48.6,27.1,10.7,20.5,19.0,13.8,38.9,PM10,BAIK
2024-03-07,DKI3 (Jagakarsa),46.9,34.1,15.0,13.0,39.1,14.6,40.9,PM25,BAIK
2024-03-07,DKI4 (Lubang Buaya),27.3,5.0,7.6,21.5,48.3,11.4,43.5,O3,BAIK
2024-03-07,DKI5 (Kebon Jeruk),84.0,55.5,16.7,14.7,23.6,30.3,67.2,PM10,SEDANG
2024-03-08,DKI1 (Bunderan HI),81.0,41.4,11.4,13.7,44.8,9.9,64.8,PM10,SEDANG
2024-03-08,DKI2 (Kelapa Gading),92.0,35.2,8.2,16.5,56.0,22.5,73.6,PM10,SEDANG
2024-03-08,DKI3 (Jagakarsa),59.0,86.4,14.9,18.8,31.7,10.0,103.7,PM25,TIDAK SEHAT
2024-03-08,DKI4 (Lubang Buaya),55.6,51.3,17.8,14.4,37.1,22.1,61.5,PM25,SEDANG
2024-03-08,DKI5 (Kebon Jeruk),10.0,5.0,10.0,2.1,19.9,15.2,17.9,O3,BAIK
2024-03-09,DKI1 (Bunderan HI),43.8,23.2,17.2,15.2,8.8,22.4,35.1,PM10,BAIK
2024-03-09,DKI2 (Kelapa Gading),68.2,57.8,4.4,14.7,32.2,18.7,69.4,PM25,SEDANG
2024-03-09,DKI3 (Jagakarsa),64.5,18.0,9.7,14.7,8.8,3.5,51.6,PM10,SEDANG
2024-03-09,DKI4 (Lubang Buaya),58.9,55.4,9.1,1.5,30.2,13.8,66.5,PM25,SEDANG
2024-03-09,DKI5 (Kebon Jeruk),48.6,37.7,9.9,11.8,36.0,9.2,45.3,PM25,BAIK
2024-03-10,DKI1 (Bunderan HI),23.2,5.0,14.8,6.7,37.4,21.0,33.7,O3,BAIK
2024-03-10,DKI2 (Kelapa Gading),55.3,65.1,17.4,21.1,54.0,25.2,78.1,PM25,SEDANG
2024-03-10,DKI3 (Jagakarsa),93.1,5.0,10.3,17.6,32.2,8.0,74.5,PM10,SEDANG
2024-03-10,DKI4 (Lubang Buaya),84.1,79.2,12.0,10.4,47.6,15.1,95.1,PM25,SEDANG
2024-03-10,DKI5 (Kebon Jeruk),89.2,6.9,8.5,11.9,15.3,8.0,71.4,PM10,SEDANG
2024-03-11,DKI1 (Bunderan HI),63.3,43.7,12.5,17.9,50.5,19.6,52.5,PM25,SEDANG
2024-03-11,DKI2 (Kelapa Gading),25.6,38.6,6.3,8.4,36.4,15.0,46.3,PM25,BAIK
2024-03-11,DKI3 (Jagakarsa),89.8,29.5,15.2,10.6,23.2,20.7,71.8,PM10,SEDANG
2024-03-11,DKI4 (Lubang Buaya),116.9,42.2,6.5,17.0,30.5,18.2,93.5,PM10,SEDANG
2024-03-11,DKI5 (Kebon Jeruk),71.1,67.8,16.3,18.6,55.2,20.1,81.4,PM25,SEDANG
2024-03-12,DKI1 (Bunderan HI),78.9,24.5,3.8,17.4,52.8,26.3,63.1,PM10,SEDANG
2024-03-12,DKI2 (Kelapa Gading),52.3,19.4,10.1,2.8,18.6,15.0,41.9,PM10,BAIK
2024-03-12,DKI3 (Jagakarsa),77.2,37.1,4.4,21.7,32.1,16.0,61.8,PM10,SEDANG
2024-03-12,DKI4 (Lubang Buaya),46.3,43.5,18.9,10.3,42.5,18.7,52.2,PM25,SEDANG
2024-03-12,DKI5 (Kebon Jeruk),44.3,35.6,16.7,23.0,50.0,19.2,45.0,O3,BAIK
2024-03-13,DKI1 (Bunderan HI),56.7,30.0,12.2,9.9,16.1,19.1,45.4,PM10,BAIK
2024-03-13,DKI2 (Kelapa Gading),72.0,38.1,10.4,19.6,50.0,20.8,57.6,PM10,SEDANG
2024-03-13,DKI3 (Jagakarsa),91.0,24.2,18.2,12.5,46.2,2.1,72.8,PM10,SEDANG
2024-03-13,DKI4 (Lubang Buaya),100.2,12.8,20.5,8.5,30.4,6.0,80.2,PM10,SEDANG
2024-03-13,DKI5 (Kebon Jeruk),40.5,58.4,10.8,6.6,34.4,17.9,70.1,PM25,SEDANG
2024-03-14,DKI1 (Bunderan HI),68.6,42.5,8.4,8.9,5.0,29.7,54.9,PM10,SEDANG
2024-03-14,DKI2 (Kelapa Gading),102.3,32.9,3.1,11.3,23.0,13.1,81.8,PM10,SEDANG
2024-03-14,DKI3 (Jagakarsa),69.8,25.9,8.4,19.0,57.6,17.9,55.8,PM10,SEDANG
2024-03-14,DKI4 (Lubang Buaya),51.9,57.3,9.2,16.9,28.0,16.6,68.8,PM25,SEDANG
2024-03-14,DKI5 (Kebon Jeruk),71.6,35.8,4.5,12.6,32.5,17.8,57.3,PM10,SEDANG
2024-03-15,DKI1 (Bunderan HI),77.2,62.8,7.8,17.1,34.2,11.2,75.3,PM25,SEDANG
2024-03-15,DKI2 (Kelapa Gading),83.8,32.8,8.5,1.0,56.9,10.0,67.0,PM10,SEDANG
2024-03-15,DKI3 (Jagakarsa),90.8,25.6,7.3,12.0,42.5,21.8,72.6,PM10,SEDANG
2024-03-15,DKI4 (Lubang Buaya),73.4,51.2,13.5,16.1,35.4,11.1,61.4,PM25,SEDANG
2024-03-16,DKI1 (Bunderan HI),64.1,59.1,13.3,16.9,43.0,25.3,70.9,PM25,SEDANG
2024-03-16,DKI2 (Kelapa Gading),81.4,30.2,13.8,1.5,37.0,11.1,65.1,PM10,SEDANG
2024-03-16,DKI3 (Jagakarsa),76.4,53.1,8.6,11.2,45.4,17.3,63.8,PM25,SEDANG
2024-03-16,DKI4 (Lubang Buaya),40.2,67.5,12.2,12.8,28.1,7.7,81.0,PM25,SEDANG
2024-03-16,DKI5 (Kebon Jeruk),49.9,20.4,10.8,8.0,24.2,26.0,39.9,PM10,BAIK
2024-03-17,DKI1 (Bunderan HI),40.1,32.2,12.6,16.0,34.3,11.3,38.7,PM25,BAIK
2024-03-17,DKI2 (Kelapa Gading),27.5,41.6,17.3,3.9,31.1,1.7,49.9,PM25,BAIK
2024-03-17,DKI3 (Jagakarsa),83.3,52.5,7.7,13.5,39.3,17.7,66.7,PM10,SEDANG
2024-03-17,DKI4 (Lubang Buaya),75.4,43.7,22.0,20.7,35.4,15.0,60.4,PM10,SEDANG
2024-03-17,DKI5 (Kebon Jeruk),76.4,69.2,14.9,24.0,43.3,16.3,83.1,PM25,SEDANG
2024-03-18,DKI1 (Bunderan HI),47.5,62.5,8.0,24.7,18.0,5.7,75.0,PM25,SEDANG
2024-03-18,DKI2 (Kelapa Gading),71.8,45.1,18.2,20.4,40.5,17.4,57.4,PM10,SEDANG
2024-03-18,DKI3 (Jagakarsa),70.9,50.7,11.3,6.4,7.2,14.9,60.9,PM25,SEDANG
2024-03-18,DKI4 (Lubang Buaya),58.8,5.0,19.4,8.5,31.3,10.6,47.1,PM10,BAIK
2024-03-18,DKI5 (Kebon Jeruk),63.0,57.7,11.6,22.1,31.8,4.4,69.2,PM25,SEDANG
2024-03-19,DKI1 (Bunderan HI),49.7,12.4,10.4,10.0,35.9,13.0,39.8,PM10,BAIK
2024-03-19,DKI2 (Kelapa Gading),22.1,45.9,9.7,12.3,26.7,22.3,55.0,PM25,SEDANG
2024-03-19,DKI3 (Jagakarsa),35.0,48.2,6.6,25.0,47.8,19.1,57.8,PM25,SEDANG
2024-03-19,DKI4 (Lubang Buaya),95.4,65.3,5.0,16.4,28.9,24.9,78.3,PM25,SEDANG
2024-03-19,DKI5 (Kebon Jeruk),38.0,51.1,7.1,23.3,31.8,17.8,61.3,PM25,SEDANG
2024-03-20,DKI1 (Bunderan HI),84.0,21.4,12.5,21.9,39.2,6.2,67.2,PM10,SEDANG
2024-03-20,DKI2 (Kelapa Gading),51.3,72.5,16.6,19.1,24.3,14.7,87.0,PM25,SEDANG
2024-03-20,DKI3 (Jagakarsa),54.9,25.0,15.7,9.5,21.9,22.6,44.0,PM10,BAIK
2024-03-20,DKI4 (Lubang Buaya),112.7,42.0,4.4,13.3,20.2,11.7,90.2,PM10,SEDANG
2024-03-20,DKI5 (Kebon Jeruk),68.3,55.6,12.1,8.9,51.9,19.7,66.8,PM25,SEDANG
2024-03-21,DKI1 (Bunderan HI),107.1,41.3,13.5,5.8,43.4,7.6,85.7,PM10,SEDANG
2024-03-21,DKI2 (Kelapa Gading),53.6,32.9,12.6,7.4,62.9,6.7,56.6,O3,SEDANG
2024-03-21,DKI3 (Jagakarsa),16.9,39.4,13.0,21.5,45.7,21.2,47.3,PM25,BAIK
2024-03-21,DKI4 (Lubang Buaya),86.3,54.3,11.7,6.6,20.1,12.8,69.1,PM10,SEDANG
2024-03-21,DKI5 (Kebon Jeruk),64.1,61.4,11.9,10.9,63.7,20.3,73.7,PM25,SEDANG
2024-03-22,DKI1 (Bunderan HI),49.8,33.9,1.0,24.6,46.3,21.3,41.7,O3,BAIK
2024-03-22,DKI2 (Kelapa Gading),54.1,71.5,12.5,2.0,31.6,10.5,85.8,PM25,SEDANG
2024-03-22,DKI3 (Jagakarsa),51.8,8.8,12.7,5.8,46.9,7.6,42.3,O3,BAIK
2024-03-22,DKI4 (Lubang Buaya),42.9,19.8,16.0,13.3,32.2,13.9,34.3,PM10,BAIK
2024-03-22,DKI5 (Kebon Jeruk),91.8,68.0,9.7,3.9,41.0,18.3,81.6,PM25,SEDANG
2024-03-23,DKI1 (Bunderan HI),39.7,5.0,6.9,25.2,17.1,16.3,31.7,PM10,BAIK
2024-03-23,DKI2 (Kelapa Gading),102.1,21.1,10.2,14.1,44.2,9.5,81.7,PM10,SEDANG
2024-03-23,DKI3 (Jagakarsa),30.6,63.3,11.0,5.7,42.4,18.6,76.0,PM25,SEDANG
2024-03-23,DKI4 (Lubang Buaya),112.5,18.7,7.7,15.6,51.2,25.7,90.0,PM10,SEDANG
2024-03-23,DKI5 (Kebon Jeruk),91.1,28.2,7.7,15.3,8.1,26.2,72.9,PM10,SEDANG
2024-03-24,DKI1 (Bunderan HI),84.3,73.0,6.2,8.2,52.6,13.1,87.7,PM25,SEDANG
2024-03-24,DKI2 (Kelapa Gading),85.0,5.0,8.8,12.7,40.1,17.2,68.0,PM10,SEDANG
2024-03-24,DKI3 (Jagakarsa),73.8,47.1,12.7,9.6,28.0,23.1,59.1,PM10,SEDANG
2024-03-24,DKI4 (Lubang Buaya),64.9,27.6,16.4,10.9,42.9,9.9,51.9,PM10,SEDANG
2024-03-24,DKI5 (Kebon Jeruk),26.3,34.4,7.0,11.8,29.4,17.1,41.2,PM25,BAIK
2024-03-25,DKI1 (Bunderan HI),61.6,41.4,2.8,23.9,52.8,20.1,49.7,PM25,BAIK
2024-03-25,DKI2 (Kelapa Gading),78.5,43.5,2.4,25.8,21.2,11.0,62.8,PM10,SEDANG
2024-03-25,DKI3 (Jagakarsa),84.7,77.7,14.8,14.5,29.1,20.5,93.2,PM25,SEDANG
2024-03-25,DKI4 (Lubang Buaya),60.8,25.3,3.2,17.1,45.1,10.2,48.6,PM10,BAIK
2024-03-25,DKI5 (Kebon Jeruk),89.6,60.4,1.0,3.2,33.4,12.5,72.5,PM25,SEDANG
2024-03-26,DKI1 (Bunderan HI),68.0,33.9,11.3,12.3,35.2,14.1,54.4,PM10,SEDANG
2024-03-26,DKI2 (Kelapa Gading),60.2,74.8,3.8,27.1,22.9,12.2,89.8,PM25,SEDANG
2024-03-26,DKI3 (Jagakarsa),57.1,67.3,13.6,17.6,51.4,8.4,80.8,PM25,SEDANG
2024-03-26,DKI4 (Lubang Buaya),72.3,76.5,6.2,20.0,27.9,14.2,91.8,PM25,SEDANG
2024-03-26,DKI5 (Kebon Jeruk),82.4,26.6,14.1,16.4,40.6,14.4,65.9,PM10,SEDANG
2024-03-27,DKI2 (Kelapa Gading),43.4,44.5,12.5,21.9,50.3,10.6,53.4,PM25,SEDANG
2024-03-27,DKI3 (Jagakarsa),97.1,45.9,17.3,18.2,47.9,11.9,77.7,PM10,SEDANG
2024-03-27,DKI4 (Lubang Buaya),64.8,43.7,10.8,20.5,36.4,22.8,52.5,PM25,SEDANG
2024-03-27,DKI5 (Kebon Jeruk),83.9,33.8,16.7,6.1,37.0,17.5,67.1,PM10,SEDANG
2024-03-28,DKI1 (Bunderan HI),81.2,48.5,14.3,18.7,29.3,19.2,65.0,PM10,SEDANG
2024-03-28,DKI2 (Kelapa Gading),68.3,18.2,10.2,24.2,14.9,17.5,54.7,PM10,SEDANG
2024-03-28,DKI3 (Jagakarsa),86.6,30.9,9.6,3.2,49.8,17.2,69.3,PM10,SEDANG
2024-03-28,DKI4 (Lubang Buaya),103.7,42.4,4.0,17.0,46.9,13.4,82.9,PM10,SEDANG
2024-03-28,DKI5 (Kebon Jeruk),110.4,39.5,12.7,21.2,26.7,15.4,88.4,PM10,SEDANG
2024-03-29,DKI1 (Bunderan HI),24.6,44.8,10.3,12.9,41.8,8.0,53.8,PM25,SEDANG
2024-03-29,DKI2 (Kelapa Gading),62.7,58.4,18.4,10.9,55.0,26.7,70.1,PM25,SEDANG
2024-03-29,DKI3 (Jagakarsa),52.0,43.6,14.3,7.4,19.9,17.0,52.4,PM25,SEDANG
2024-03-29,DKI4 (Lubang Buaya),79.3,37.8,6.1,17.6,31.3,15.7,63.5,PM10,SEDANG
2024-03-29,DKI5 (Kebon Jeruk),40.0,49.1,11.6,10.9,12.2,27.0,59.0,PM25,SEDANG
2024-03-30,DKI1 (Bunderan HI),46.1,78.5,10.1,19.0,42.4,6.6,94.1,PM25,SEDANG
2024-03-30,DKI2 (Kelapa Gading),109.5,37.5,15.7,1.0,27.6,14.0,87.6,PM10,SEDANG
2024-03-30,DKI3 (Jagakarsa),87.7,40.2,20.0,2.9,22.1,9.5,70.2,PM10,SEDANG
2024-03-30,DKI4 (Lubang Buaya),37.3,36.5,2.4,5.2,9.8,20.1,43.8,PM25,BAIK
2024-03-30,DKI5 (Kebon Jeruk),46.0,37.1,12.9,11.0,9.6,19.8,44.5,PM25,BAIK
2024-03-31,DKI1 (Bunderan HI),57.8,74.3,11.1,14.4,27.4,15.8,89.2,PM25,SEDANG
2024-03-31,DKI2 (Kelapa Gading),91.4,68.0,16.3,1.0,26.4,7.6,81.6,PM25,SEDANG
2024-03-31,DKI3 (Jagakarsa),80.9,23.3,11.5,7.2,42.3,19.1,64.8,PM10,SEDANG
2024-03-31,DKI4 (Lubang Buaya),66.2,55.9,16.6,13.6,45.1,25.1,67.0,PM25,SEDANG
2024-03-31,DKI5 (Kebon Jeruk),77.8,37.5,15.8,17.3,20.5,10.7,62.2,PM10,SEDANG
2024-04-01,DKI1 (Bunderan HI),117.0,54.5,16.2,15.6,59.8,12.7,93.6,PM10,SEDANG
2024-04-01,DKI2 (Kelapa Gading),106.4,68.7,20.7,17.5,53.1,24.2,85.1,PM10,SEDANG
2024-04-01,DKI3 (Jagakarsa),77.7,62.7,15.4,25.8,40.6,24.3,75.3,PM25,SEDANG
2024-04-01,DKI4 (Lubang Buaya),101.7,36.0,11.2,11.0,46.8,25.0,81.3,PM10,SEDANG
2024-04-02,DKI1 (Bunderan HI),97.1,67.5,16.5,8.6,44.0,22.2,81.0,PM25,SEDANG
2024-04-02,DKI2 (Kelapa Gading),110.2,59.7,18.5,20.4,44.6,5.6,88.2,PM10,SEDANG
2024-04-02,DKI3 (Jagakarsa),92.2,67.2,7.9,11.1,51.0,26.0,80.6,PM25,SEDANG
2024-04-02,DKI4 (Lubang Buaya),48.2,50.3,17.3,14.6,44.3,3.7,60.4,PM25,SEDANG
2024-04-02,DKI5 (Kebon Jeruk),110.3,39.2,16.4,14.1,16.3,6.7,88.2,PM10,SEDANG
2024-04-03,DKI1 (Bunderan HI),80.9,54.4,16.5,14.9,20.8,9.1,65.3,PM25,SEDANG
2024-04-03,DKI2 (Kelapa Gading),68.4,48.4,17.2,15.4,30.9,11.1,58.1,PM25,SEDANG
2024-04-03,DKI3 (Jagakarsa),90.7,55.7,11.9,13.4,39.0,31.1,72.5,PM10,SEDANG
2024-04-03,DKI4 (Lubang Buaya),61.3,22.1,11.9,18.6,33.3,24.7,49.1,PM10,BAIK
2024-04-03,DKI5 (Kebon Jeruk),46.4,46.4,13.5,18.1,41.1,16.4,55.7,PM25,SEDANG
2024-04-04,DKI1 (Bunderan HI),61.5,52.5,7.1,8.1,29.5,13.8,63.0,PM25,SEDANG
2024-04-04,DKI3 (Jagakarsa),85.9,81.5,13.9,17.6,37.3,21.4,97.9,PM25,SEDANG
2024-04-04,DKI4 (Lubang Buaya),73.3,33.0,10.7,13.8,55.9,19.9,58.7,PM10,SEDANG
2024-04-04,DKI5 (Kebon Jeruk),114.9,45.2,16.2,18.1,27.1,21.7,91.9,PM10,SEDANG
2024-04-05,DKI1 (Bunderan HI),71.0,60.5,22.6,13.5,37.7,22.9,72.6,PM25,SEDANG
2024-04-05,DKI2 (Kelapa Gading),92.4,32.1,22.0,9.4,41.6,27.1,73.9,PM10,SEDANG
2024-04-05,DKI3 (Jagakarsa),72.0,67.5,10.2,15.9,33.6,25.8,81.0,PM25,SEDANG
2024-04-05,DKI4 (Lubang Buaya),94.4,43.1,12.0,22.9,51.5,9.9,75.5,PM10,SEDANG
2024-04-05,DKI5 (Kebon Jeruk),85.7,17.4,20.3,26.0,30.4,28.5,68.6,PM10,SEDANG
2024-04-06,DKI2 (Kelapa Gading),53.3,53.7,15.4,9.4,36.6,21.3,64.4,PM25,SEDANG
2024-04-06,DKI3 (Jagakarsa),34.7,85.1,14.3,8.6,28.7,25.6,102.1,PM25,TIDAK SEHAT
2024-04-06,DKI4 (Lubang Buaya),100.6,59.1,10.2,17.1,42.2,20.2,80.5,PM10,SEDANG
2024-04-06,DKI5 (Kebon Jeruk),114.9,74.5,9.3,14.6,52.3,21.1,91.9,PM10,SEDANG
2024-04-07,DKI1 (Bunderan HI),166.0,61.2,17.4,21.6,35.1,19.1,132.8,PM10,TIDAK SEHAT
2024-04-07,DKI2 (Kelapa Gading),65.0,103.6,4.8,16.1,66.9,12.5,124.3,PM25,TIDAK SEHAT
2024-04-07,DKI3 (Jagakarsa),128.2,35.1,7.7,26.4,37.2,13.6,102.6,PM10,TIDAK SEHAT
2024-04-07,DKI4 (Lubang Buaya),51.2,84.5,20.5,13.6,50.8,15.9,101.4,PM25,TIDAK SEHAT
2024-04-07,DKI5 (Kebon Jeruk),60.7,63.3,12.4,16.3,55.0,19.0,76.0,PM25,SEDANG
2024-04-08,DKI1 (Bunderan HI),59.1,54.6,3.0,17.0,44.2,11.9,65.5,PM25,SEDANG
2024-04-08,DKI2 (Kelapa Gading),102.4,39.7,13.6,14.9,56.4,8.5,81.9,PM10,SEDANG
2024-04-08,DKI3 (Jagakarsa),80.5,38.8,22.8,16.4,27.9,15.2,64.4,PM10,SEDANG
2024-04-08,DKI4 (Lubang Buaya),113.1,59.1,10.1,13.3,54.8,7.8,90.5,PM10,SEDANG
2024-04-08,DKI5 (Kebon Jeruk),100.5,53.7,9.0,19.1,31.2,7.3,80.4,PM10,SEDANG
2024-04-09,DKI1 (Bunderan HI),77.2,45.5,21.7,10.0,19.1,8.3,61.8,PM10,SEDANG
2024-04-09,DKI2 (Kelapa Gading),83.0,33.3,7.5,15.0,35.5,24.3,66.4,PM10,SEDANG
2024-04-09,DKI3 (Jagakarsa),104.1,42.6,13.1,29.4,73.4,37.0,83.3,PM10,SEDANG
2024-04-09,DKI4 (Lubang Buaya),87.8,45.4,7.4,22.8,46.7,14.1,70.3,PM10,SEDANG
2024-04-09,DKI5 (Kebon Jeruk),92.7,41.1,10.0,19.5,60.7,28.7,74.2,PM10,SEDANG
2024-04-10,DKI1 (Bunderan HI),30.5,59.0,14.1,16.8,42.3,16.6,70.8,PM25,SEDANG
2024-04-10,DKI2 (Kelapa Gading),23.1,61.6,18.1,19.8,39.7,8.6,74.0,PM25,SEDANG
2024-04-10,DKI3 (Jagakarsa),87.7,46.8,25.6,13.7,60.3,17.3,70.2,PM10,SEDANG
2024-04-10,DKI5 (Kebon Jeruk),49.6,46.3,14.0,14.1,38.4,20.7,55.6,PM25,SEDANG
2024-04-11,DKI1 (Bunderan HI),82.1,64.4,17.7,14.9,26.8,19.1,77.3,PM25,SEDANG
2024-04-11,DKI2 (Kelapa Gading),99.3,39.8,11.5,19.6,56.3,36.6,79.4,PM10,SEDANG
2024-04-11,DKI3 (Jagakarsa),95.1,54.2,10.7,29.7,67.7,20.8,76.1,PM10,SEDANG
2024-04-11,DKI4 (Lubang Buaya),60.5,15.8,13.3,11.2,61.6,15.9,55.4,O3,SEDANG
2024-04-11,DKI5 (Kebon Jeruk),102.6,61.9,5.1,17.0,46.7,25.1,82.1,PM10,SEDANG
2024-04-12,DKI1 (Bunderan HI),27.3,96.6,11.2,6.0,42.6,18.0,115.9,PM25,TIDAK SEHAT
2024-04-12,DKI2 (Kelapa Gading),73.3,50.8,21.4,10.0,64.8,26.0,60.9,PM25,SEDANG
2024-04-12,DKI3 (Jagakarsa),102.7,35.9,16.0,28.4,50.5,10.0,82.1,PM10,SEDANG
2024-04-12,DKI4 (Lubang Buaya),44.4,22.4,20.7,10.3,43.6,25.8,39.3,O3,BAIK
2024-04-12,DKI5 (Kebon Jeruk),92.5,19.0,10.7,18.5,38.3,28.8,74.0,PM10,SEDANG
2024-04-13,DKI1 (Bunderan HI),75.3,60.9,16.6,15.4,41.5,16.7,73.1,PM25,SEDANG
2024-04-13,DKI2 (Kelapa Gading),131.4,70.7,25.3,16.0,20.0,3.1,105.1,PM10,TIDAK SEHAT
2024-04-13,DKI4 (Lubang Buaya),50.5,61.1,18.0,21.5,74.7,9.9,73.3,PM25,SEDANG
2024-04-13,DKI5 (Kebon Jeruk),80.3,68.9,14.0,8.7,51.7,16.9,82.7,PM25,SEDANG
2024-04-14,DKI1 (Bunderan HI),77.5,41.0,10.4,21.2,56.6,34.4,62.0,PM10,SEDANG
2024-04-14,DKI2 (Kelapa Gading),69.5,57.5,18.6,25.9,30.9,17.3,69.0,PM25,SEDANG
2024-04-14,DKI3 (Jagakarsa),83.4,38.8,11.3,9.9,56.1,16.9,66.7,PM10,SEDANG
2024-04-14,DKI4 (Lubang Buaya),69.5,32.9,15.6,27.1,40.0,19.6,55.6,PM10,SEDANG
2024-04-14,DKI5 (Kebon Jeruk),93.3,51.1,5.8,15.5,35.9,23.0,74.6,PM10,SEDANG
2024-04-15,DKI1 (Bunderan HI),94.5,48.6,16.2,16.4,29.1,14.4,75.6,PM10,SEDANG
2024-04-15,DKI2 (Kelapa Gading),91.1,39.5,20.9,14.3,29.5,31.1,72.9,PM10,SEDANG
2024-04-15,DKI3 (Jagakarsa),93.5,83.7,16.0,12.7,41.4,15.4,100.4,PM25,TIDAK SEHAT
2024-04-15,DKI4 (Lubang Buaya),113.5,54.4,29.1,18.3,74.1,15.7,90.8,PM10,SEDANG
2024-04-15,DKI5 (Kebon Jeruk),61.3,59.1,11.7,24.5,48.7,13.0,71.0,PM25,SEDANG
2024-04-16,DKI1 (Bunderan HI),86.4,82.6,19.0,8.4,63.0,26.6,99.1,PM25,SEDANG
2024-04-16,DKI2 (Kelapa Gading),98.8,77.2,15.4,13.2,60.4,10.6,92.7,PM25,SEDANG
2024-04-16,DKI3 (Jagakarsa),65.4,86.6,10.0,19.6,45.8,9.5,104.0,PM25,TIDAK SEHAT
2024-04-16,DKI4 (Lubang Buaya),72.6,28.2,14.8,13.0,53.2,33.6,58.1,PM10,SEDANG
2024-04-16,DKI5 (Kebon Jeruk),75.0,67.4,1.0,20.5,57.0,16.0,80.9,PM25,SEDANG
2024-04-17,DKI2 (Kelapa Gading),34.4,61.9,15.8,20.9,44.1,20.6,74.2,PM25,SEDANG
2024-04-17,DKI3 (Jagakarsa),53.6,64.6,22.5,9.8,40.9,13.5,77.5,PM25,SEDANG
2024-04-17,DKI4 (Lubang Buaya),71.1,55.4,15.4,14.3,59.5,24.5,66.4,PM25,SEDANG
2024-04-17,DKI5 (Kebon Jeruk),98.9,84.7,13.6,13.6,50.0,16.6,101.6,PM25,TIDAK SEHAT
2024-04-18,DKI1 (Bunderan HI),123.3,48.7,18.7,11.3,31.4,15.0,98.6,PM10,SEDANG
2024-04-18,DKI2 (Kelapa Gading),90.3,69.4,22.7,15.0,42.3,16.8,83.2,PM25,SEDANG
2024-04-18,DKI3 (Jagakarsa),82.7,41.3,7.6,16.9,36.8,24.0,66.1,PM10,SEDANG
2024-04-18,DKI4 (Lubang Buaya),68.5,39.2,15.0,11.4,48.0,25.2,54.8,PM10,SEDANG
2024-04-18,DKI5 (Kebon Jeruk),69.5,19.2,17.3,15.1,27.2,8.0,55.6,PM10,SEDANG
2024-04-19,DKI1 (Bunderan HI),94.6,32.8,25.1,10.7,46.1,19.8,75.7,PM10,SEDANG
2024-04-19,DKI2 (Kelapa Gading),48.8,78.7,9.1,31.8,29.4,30.1,94.4,PM25,SEDANG
2024-04-19,DKI3 (Jagakarsa),67.3,72.2,16.2,6.1,64.5,9.8,86.7,PM25,SEDANG
2024-04-19,DKI4 (Lubang Buaya),83.8,35.6,14.4,21.2,38.3,9.3,67.0,PM10,SEDANG
2024-04-19,DKI5 (Kebon Jeruk),68.3,53.5,9.1,21.5,29.2,22.6,64.1,PM25,SEDANG
2024-04-20,DKI1 (Bunderan HI),68.0,94.8,16.8,22.4,36.8,24.8,113.8,PM25,TIDAK SEHAT
2024-04-20,DKI2 (Kelapa Gading),83.6,48.1,16.4,8.9,35.8,13.8,66.9,PM10,SEDANG
2024-04-20,DKI3 (Jagakarsa),133.5,76.8,10.4,21.2,37.4,23.8,106.8,PM10,TIDAK SEHAT
2024-04-20,DKI4 (Lubang Buaya),108.8,47.0,10.1,17.7,41.0,20.2,87.1,PM10,SEDANG
2024-04-20,DKI5 (Kebon Jeruk),99.8,56.3,17.5,15.2,43.4,13.3,79.8,PM10,SEDANG
2024-04-21,DKI1 (Bunderan HI),72.4,66.3,3.6,24.1,44.3,11.0,79.6,PM25,SEDANG
2024-04-21,DKI2 (Kelapa Gading),102.4,56.4,16.5,17.8,33.9,17.0,81.9,PM10,SEDANG
2024-04-21,DKI3 (Jagakarsa),86.4,62.1,11.1,13.5,57.5,20.3,74.5,PM25,SEDANG
2024-04-21,DKI4 (Lubang Buaya),88.5,89.3,17.8,27.2,49.0,21.8,107.2,PM25,TIDAK SEHAT
2024-04-21,DKI5 (Kebon Jeruk),137.2,38.7,8.6,22.7,38.1,21.1,109.8,PM10,TIDAK SEHAT
2024-04-22,DKI1 (Bunderan HI),89.6,44.3,11.6,17.7,36.1,22.3,71.7,PM10,SEDANG
2024-04-22,DKI2 (Kelapa Gading),89.3,75.6,13.7,21.2,49.7,24.9,90.7,PM25,SEDANG
2024-04-22,DKI3 (Jagakarsa),103.5,47.3,9.6,17.7,50.3,11.7,82.8,PM10,SEDANG
2024-04-22,DKI4 (Lubang Buaya),101.3,46.6,18.8,18.5,58.1,30.7,81.0,PM10,SEDANG
2024-04-22,DKI5 (Kebon Jeruk),60.0,37.6,16.9,21.2,40.1,19.2,48.0,PM10,BAIK
2024-04-23,DKI1 (Bunderan HI),59.8,37.6,13.4,26.2,33.4,24.6,47.9,PM10,BAIK
2024-04-23,DKI2 (Kelapa Gading),85.7,86.0,12.7,19.1,38.8,19.7,103.2,PM25,TIDAK SEHAT
2024-04-23,DKI3 (Jagakarsa),112.9,13.7,21.7,14.7,31.6,35.4,90.4,PM10,SEDANG
2024-04-23,DKI4 (Lubang Buaya),83.9,65.5,14.6,18.5,35.8,27.2,78.6,PM25,SEDANG
2024-04-23,DKI5 (Kebon Jeruk),142.4,39.8,23.6,20.3,29.8,8.8,113.9,PM10,TIDAK SEHAT
2024-04-24,DKI1 (Bunderan HI),109.7,41.2,16.2,21.1,59.9,16.2,87.8,PM10,SEDANG
2024-04-24,DKI2 (Kelapa Gading),77.1,68.5,15.8,18.8,44.0,16.3,82.2,PM25,SEDANG
2024-04-24,DKI3 (Jagakarsa),106.7,64.4,23.3,11.3,53.3,19.7,85.3,PM10,SEDANG
2024-04-24,DKI4 (Lubang Buaya),137.2,52.9,15.7,12.2,40.6,29.4,109.7,PM10,TIDAK SEHAT
2024-04-24,DKI5 (Kebon Jeruk),78.1,54.5,15.4,16.6,48.6,25.6,65.3,PM25,SEDANG
2024-04-25,DKI1 (Bunderan HI),112.5,56.9,12.2,16.7,63.3,10.8,90.0,PM10,SEDANG
2024-04-25,DKI2 (Kelapa Gading),103.1,45.5,7.9,11.5,42.6,25.0,82.5,PM10,SEDANG
2024-04-25,DKI3 (Jagakarsa),108.3,88.3,6.4,20.9,16.6,21.4,105.9,PM25,TIDAK SEHAT
2024-04-25,DKI4 (Lubang Buaya),116.5,74.2,8.4,4.4,25.5,9.2,93.2,PM10,SEDANG
2024-04-25,DKI5 (Kebon Jeruk),67.9,68.9,12.2,16.2,50.6,18.3,82.7,PM25,SEDANG
2024-04-26,DKI1 (Bunderan HI),106.7,48.4,9.9,17.2,42.8,23.1,85.4,PM10,SEDANG
2024-04-26,DKI2 (Kelapa Gading),87.3,39.2,7.9,19.1,32.7,20.3,69.8,PM10,SEDANG
2024-04-26,DKI3 (Jagakarsa),91.1,76.7,15.4,16.8,36.5,22.2,92.1,PM25,SEDANG
2024-04-26,DKI4 (Lubang Buaya),79.1,34.6,8.0,11.9,31.4,22.8,63.3,PM10,SEDANG
2024-04-26,DKI5 (Kebon Jeruk),86.0,37.7,3.1,11.7,42.2,21.6,68.8,PM10,SEDANG
2024-04-27,DKI1 (Bunderan HI),56.5,59.0,14.9,16.0,46.5,25.2,70.8,PM25,SEDANG
2024-04-27,DKI2 (Kelapa Gading),92.2,41.1,8.5,23.6,44.5,22.6,73.8,PM10,SEDANG
2024-04-27,DKI3 (Jagakarsa),86.2,61.9,15.2,22.5,22.3,22.4,74.2,PM25,SEDANG
2024-04-27,DKI4 (Lubang Buaya),46.1,62.5,12.6,13.9,41.2,24.9,75.0,PM25,SEDANG
2024-04-27,DKI5 (Kebon Jeruk),78.3,42.6,23.7,7.5,40.6,19.2,62.6,PM10,SEDANG
2024-04-28,DKI1 (Bunderan HI),80.9,45.6,6.7,21.0,42.3,6.7,64.8,PM10,SEDANG
2024-04-28,DKI2 (Kelapa Gading),33.4,45.8,9.3,8.2,44.0,20.8,55.0,PM25,SEDANG
2024-04-28,DKI3 (Jagakarsa),71.1,49.0,12.6,16.0,53.3,15.7,58.8,PM25,SEDANG
2024-04-28,DKI4 (Lubang Buaya),80.3,45.8,13.1,13.7,46.2,1.7,64.2,PM10,SEDANG
2024-04-28,DKI5 (Kebon Jeruk),129.7,63.9,5.6,20.6,53.7,21.1,103.7,PM10,TIDAK SEHAT
2024-04-29,DKI1 (Bunderan HI),103.0,43.2,22.3,21.2,50.3,22.6,82.4,PM10,SEDANG
2024-04-29,DKI2 (Kelapa Gading),64.8,34.3,9.9,19.6,40.3,23.4,51.8,PM10,SEDANG
2024-04-29,DKI3 (Jagakarsa),43.5,52.6,12.9,14.3,45.3,24.3,63.2,PM25,SEDANG
2024-04-29,DKI4 (Lubang Buaya),69.3,50.9,10.7,13.3,53.8,21.7,61.1,PM25,SEDANG
2024-04-29,DKI5 (Kebon Jeruk),31.5,64.8,14.0,14.1,44.2,17.7,77.8,PM25,SEDANG
2024-04-30,DKI1 (Bunderan HI),75.0,60.4,21.4,13.9,66.7,14.3,72.5,PM25,SEDANG
2024-04-30,DKI2 (Kelapa Gading),79.2,65.8,16.7,24.4,15.9,16.1,78.9,PM25,SEDANG
2024-04-30,DKI3 (Jagakarsa),78.2,83.3,16.6,7.3,48.3,26.9,99.9,PM25,SEDANG
2024-04-30,DKI4 (Lubang Buaya),77.5,37.1,14.9,13.5,45.6,20.4,62.0,PM10,SEDANG
2024-04-30,DKI5 (Kebon Jeruk),104.5,48.3,4.1,18.4,40.8,19.7,83.6,PM10,SEDANG
2024-05-01,DKI1 (Bunderan HI),76.3,50.0,9.7,14.5,45.5,13.1,61.1,PM10,SEDANG
2024-05-01,DKI2 (Kelapa Gading),135.9,22.7,10.2,13.8,10.7,23.7,108.7,PM10,TIDAK SEHAT
2024-05-01,DKI3 (Jagakarsa),90.0,75.5,2.9,12.0,26.0,26.2,90.6,PM25,SEDANG
2024-05-01,DKI4 (Lubang Buaya),90.5,39.7,12.9,22.1,33.1,5.5,72.4,PM10,SEDANG
2024-05-01,DKI5 (Kebon Jeruk),60.2,40.5,7.1,19.2,74.2,21.2,66.8,O3,SEDANG
2024-05-02,DKI1 (Bunderan HI),103.0,49.0,11.6,22.4,45.6,10.5,82.4,PM10,SEDANG
2024-05-02,DKI2 (Kelapa Gading),101.5,55.7,20.6,17.8,35.6,17.0,81.2,PM10,SEDANG
2024-05-02,DKI3 (Jagakarsa),85.3,39.3,8.0,9.0,27.3,19.8,68.2,PM10,SEDANG
2024-05-02,DKI4 (Lubang Buaya),90.0,58.8,13.7,18.7,44.1,25.0,72.0,PM10,SEDANG
2024-05-02,DKI5 (Kebon Jeruk),83.2,59.1,23.3,16.5,61.6,24.5,70.9,PM25,SEDANG
2024-05-03,DKI1 (Bunderan HI),115.9,66.1,6.7,14.2,31.1,18.1,92.7,PM10,SEDANG
2024-05-03,DKI2 (Kelapa Gading),47.8,87.1,20.0,3.3,42.3,27.6,104.5,PM25,TIDAK SEHAT
2024-05-03,DKI3 (Jagakarsa),134.0,35.0,12.4,21.8,42.6,16.3,107.2,PM10,TIDAK SEHAT
2024-05-03,DKI4 (Lubang Buaya),87.7,41.2,5.5,21.3,40.0,14.8,70.2,PM10,SEDANG
2024-05-03,DKI5 (Kebon Jeruk),80.4,37.9,9.6,3.5,39.8,13.3,64.3,PM10,SEDANG
2024-05-04,DKI1 (Bunderan HI),62.9,71.5,5.9,17.0,41.8,19.7,85.8,PM25,SEDANG
2024-05-04,DKI2 (Kelapa Gading),151.2,15.2,15.7,17.6,49.4,13.7,121.0,PM10,TIDAK SEHAT
2024-05-04,DKI3 (Jagakarsa),109.1,47.4,16.3,23.7,33.5,22.2,87.3,PM10,SEDANG
2024-05-04,DKI4 (Lubang Buaya),81.2,61.8,12.0,16.9,51.8,5.1,74.2,PM25,SEDANG
2024-05-04,DKI5 (Kebon Jeruk),133.5,45.1,19.7,22.5,42.3,13.1,106.8,PM10,TIDAK SEHAT
2024-05-05,DKI1 (Bunderan HI),88.9,89.4,2.5,23.3,35.7,1.0,107.3,PM25,TIDAK SEHAT
2024-05-05,DKI2 (Kelapa Gading),37.7,33.1,8.1,15.6,43.7,23.8,39.8,PM25,BAIK
2024-05-05,DKI3 (Jagakarsa),106.4,41.3,21.8,21.4,63.0,23.0,85.1,PM10,SEDANG
2024-05-05,DKI4 (Lubang Buaya),67.0,38.6,7.5,11.6,41.3,13.7,53.6,PM10,SEDANG
2024-05-05,DKI5 (Kebon Jeruk),76.3,60.5,12.1,35.9,38.0,35.4,72.6,PM25,SEDANG
2024-05-06,DKI1 (Bunderan HI),65.3,37.7,23.5,22.8,40.2,12.3,52.3,PM10,SEDANG
2024-05-06,DKI2 (Kelapa Gading),109.5,53.7,21.3,10.6,39.0,23.2,87.6,PM10,SEDANG
2024-05-06,DKI3 (Jagakarsa),95.5,36.9,15.6,17.1,28.2,28.3,76.4,PM10,SEDANG
2024-05-06,DKI4 (Lubang Buaya),30.6,41.0,18.4,21.1,39.3,8.2,49.2,PM25,BAIK
2024-05-06,DKI5 (Kebon Jeruk),59.3,31.6,4.7,26.3,66.3,13.5,59.7,O3,SEDANG
2024-05-07,DKI1 (Bunderan HI),35.5,54.1,14.2,22.4,44.7,19.5,64.9,PM25,SEDANG
2024-05-07,DKI2 (Kelapa Gading),57.0,48.0,19.2,27.0,43.8,21.6,57.6,PM25,SEDANG
2024-05-07,DKI3 (Jagakarsa),78.0,60.2,6.0,22.0,64.2,17.6,72.2,PM25,SEDANG
2024-05-07,DKI4 (Lubang Buaya),92.8,32.0,20.6,14.7,31.7,20.1,74.2,PM10,SEDANG
2024-05-07,DKI5 (Kebon Jeruk),71.1,38.5,9.7,5.4,28.0,28.3,56.9,PM10,SEDANG
2024-05-08,DKI1 (Bunderan HI),106.9,49.4,13.6,8.4,54.2,14.5,85.5,PM10,SEDANG
2024-05-08,DKI2 (Kelapa Gading),101.4,44.1,10.3,26.8,41.0,24.5,81.1,PM10,SEDANG
2024-05-08,DKI3 (Jagakarsa),94.2,37.6,19.6,10.5,34.7,11.2,75.4,PM10,SEDANG
2024-05-08,DKI4 (Lubang Buaya),79.6,52.2,8.1,11.9,39.9,26.1,63.7,PM10,SEDANG
2024-05-09,DKI1 (Bunderan HI),60.2,65.5,10.0,19.6,56.4,26.6,78.6,PM25,SEDANG
2024-05-09,DKI2 (Kelapa Gading),84.2,52.0,5.5,23.9,31.9,15.1,67.4,PM10,SEDANG
2024-05-09,DKI3 (Jagakarsa),97.2,26.1,14.5,27.0,55.4,15.7,77.8,PM10,SEDANG
2024-05-09,DKI4 (Lubang Buaya),116.4,57.1,21.4,8.7,56.2,24.9,93.1,PM10,SEDANG
2024-05-09,DKI5 (Kebon Jeruk),87.0,45.6,5.5,20.1,55.7,8.5,69.6,PM10,SEDANG
2024-05-10,DKI1 (Bunderan HI),105.2,51.5,14.3,19.0,64.8,18.6,84.1,PM10,SEDANG
2024-05-10,DKI2 (Kelapa Gading),88.8,48.7,8.8,12.6,39.9,20.8,71.0,PM10,SEDANG
2024-05-10,DKI3 (Jagakarsa),142.1,37.5,17.9,23.6,48.8,27.7,113.6,PM10,TIDAK SEHAT
2024-05-10,DKI4 (Lubang Buaya),88.1,51.2,21.1,11.9,55.4,23.0,70.5,PM10,SEDANG
2024-05-10,DKI5 (Kebon Jeruk),125.8,39.5,11.4,18.3,32.9,13.1,100.6,PM10,TIDAK SEHAT
2024-05-11,DKI1 (Bunderan HI),124.6,59.9,16.7,9.0,40.5,26.8,99.7,PM10,SEDANG
2024-05-11,DKI2 (Kelapa Gading),108.3,67.1,24.5,7.2,51.8,20.6,86.7,PM10,SEDANG
2024-05-11,DKI3 (Jagakarsa),60.7,44.8,15.8,12.1,57.4,21.0,53.7,PM25,SEDANG
2024-05-11,DKI4 (Lubang Buaya),93.5,22.8,15.5,13.2,32.2,19.1,74.8,PM10,SEDANG
2024-05-11,DKI5 (Kebon Jeruk),93.3,78.1,15.5,25.3,27.7,21.1,93.7,PM25,SEDANG
2024-05-12,DKI1 (Bunderan HI),97.8,43.6,7.2,21.0,53.8,21.5,78.3,PM10,SEDANG
2024-05-12,DKI2 (Kelapa Gading),81.2,40.3,15.0,24.2,42.1,18.5,65.0,PM10,SEDANG
2024-05-12,DKI3 (Jagakarsa),92.8,19.4,13.7,19.5,38.0,25.5,74.2,PM10,SEDANG
2024-05-12,DKI4 (Lubang Buaya),71.5,36.8,15.6,31.0,37.9,15.1,57.2,PM10,SEDANG
2024-05-12,DKI5 (Kebon Jeruk),66.9,27.9,8.2,16.1,22.1,24.3,53.5,PM10,SEDANG
2024-05-13,DKI1 (Bunderan HI),128.4,78.3,12.7,19.4,36.3,1.0,102.7,PM10,TIDAK SEHAT
2024-05-13,DKI2 (Kelapa Gading),96.5,39.1,25.9,12.6,48.6,24.8,77.2,PM10,SEDANG
2024-05-13,DKI3 (Jagakarsa),99.4,46.6,18.0,20.2,42.0,8.8,79.5,PM10,SEDANG
2024-05-13,DKI4 (Lubang Buaya),96.7,74.8,19.1,23.2,31.4,26.1,89.8,PM25,SEDANG
2024-05-13,DKI5 (Kebon Jeruk),21.8,53.7,17.7,16.8,17.6,16.9,64.4,PM25,SEDANG
2024-05-14,DKI1 (Bunderan HI),103.5,68.8,20.6,14.2,55.8,28.1,82.8,PM10,SEDANG
2024-05-14,DKI2 (Kelapa Gading),63.7,65.2,14.9,15.7,43.7,24.0,78.2,PM25,SEDANG
2024-05-14,DKI3 (Jagakarsa),117.9,49.2,8.5,25.1,40.5,14.9,94.4,PM10,SEDANG
2024-05-14,DKI4 (Lubang Buaya),105.9,61.0,14.6,13.2,38.8,21.9,84.7,PM10,SEDANG
2024-05-14,DKI5 (Kebon Jeruk),75.2,46.7,9.9,21.6,35.5,22.0,60.2,PM10,SEDANG
2024-05-15,DKI1 (Bunderan HI),84.4,41.1,23.4,17.5,27.7,32.4,67.5,PM10,SEDANG
2024-05-15,DKI2 (Kelapa Gading),112.5,42.4,14.4,21.8,48.1,25.3,90.0,PM10,SEDANG
2024-05-15,DKI3 (Jagakarsa),86.7,43.8,14.6,10.4,38.8,18.9,69.3,PM10,SEDANG
2024-05-15,DKI4 (Lubang Buaya),93.8,82.2,9.0,26.2,47.1,2.0,98.6,PM25,SEDANG
2024-05-15,DKI5 (Kebon Jeruk),115.0,49.4,21.6,13.1,37.2,24.1,92.0,PM10,SEDANG
2024-05-16,DKI1 (Bunderan HI),41.7,38.4,6.4,10.9,61.4,11.8,55.3,O3,SEDANG
2024-05-16,DKI2 (Kelapa Gading),65.1,5.0,10.7,1.0,45.4,24.0,52.1,PM10,SEDANG
2024-05-16,DKI3 (Jagakarsa),94.8,23.8,13.6,19.4,37.2,9.5,75.8,PM10,SEDANG
2024-05-16,DKI4 (Lubang Buaya),107.4,29.4,16.3,16.9,59.6,34.7,85.9,PM10,SEDANG
2024-05-16,DKI5 (Kebon Jeruk),69.5,29.9,14.7,17.0,49.2,13.3,55.6,PM10,SEDANG
2024-05-17,DKI1 (Bunderan HI),64.8,49.5,15.5,9.9,40.3,18.0,59.4,PM25,SEDANG
2024-05-17,DKI2 (Kelapa Gading),100.1,49.7,19.7,20.7,20.5,17.0,80.1,PM10,SEDANG
2024-05-17,DKI3 (Jagakarsa),112.7,34.4,15.3,19.0,43.6,15.9,90.2,PM10,SEDANG
2024-05-17,DKI4 (Lubang Buaya),84.9,41.0,10.3,22.3,38.2,35.1,67.9,PM10,SEDANG
2024-05-17,DKI5 (Kebon Jeruk),47.2,53.4,9.9,21.4,28.2,26.5,64.1,PM25,SEDANG
2024-05-18,DKI1 (Bunderan HI),102.3,32.2,12.2,19.4,53.3,22.8,81.8,PM10,SEDANG
2024-05-18,DKI2 (Kelapa Gading),78.2,89.0,19.9,11.0,42.3,33.0,106.9,PM25,TIDAK SEHAT
2024-05-18,DKI3 (Jagakarsa),93.8,51.7,11.9,10.2,40.9,17.6,75.1,PM10,SEDANG
2024-05-18,DKI4 (Lubang Buaya),46.4,35.6,18.7,9.6,39.5,21.8,42.7,PM25,BAIK
2024-05-18,DKI5 (Kebon Jeruk),96.7,79.4,12.4,16.8,62.7,14.1,95.3,PM25,SEDANG
2024-05-19,DKI1 (Bunderan HI),83.1,53.3,13.3,22.7,13.2,15.3,66.5,PM10,SEDANG
2024-05-19,DKI2 (Kelapa Gading),101.6,34.9,9.9,14.4,59.5,20.1,81.3,PM10,SEDANG
2024-05-19,DKI3 (Jagakarsa),80.1,30.2,15.0,8.4,16.1,15.7,64.1,PM10,SEDANG
2024-05-19,DKI4 (Lubang Buaya),24.8,45.9,19.5,26.1,52.3,25.6,55.1,PM25,SEDANG
2024-05-19,DKI5 (Kebon Jeruk),75.6,37.6,16.4,21.5,46.7,18.6,60.5,PM10,SEDANG
2024-05-20,DKI1 (Bunderan HI),51.4,15.0,14.1,24.1,28.4,21.1,41.2,PM10,BAIK
2024-05-20,DKI2 (Kelapa Gading),96.5,58.5,9.1,6.4,30.5,19.4,77.2,PM10,SEDANG
2024-05-20,DKI3 (Jagakarsa),65.3,47.5,12.7,14.7,43.7,11.6,57.0,PM25,SEDANG
2024-05-20,DKI4 (Lubang Buaya),98.0,33.3,15.0,13.2,33.9,18.1,78.4,PM10,SEDANG
2024-05-20,DKI5 (Kebon Jeruk),78.1,54.6,15.5,4.9,46.3,21.2,65.5,PM25,SEDANG
2024-05-21,DKI1 (Bunderan HI),84.0,64.9,15.6,9.2,60.5,21.7,77.9,PM25,SEDANG
2024-05-21,DKI2 (Kelapa Gading),51.7,40.9,11.5,19.3,51.3,19.6,49.0,PM25,BAIK
2024-05-21,DKI3 (Jagakarsa),96.1,58.3,2.7,11.0,12.8,13.1,76.9,PM10,SEDANG
2024-05-21,DKI4 (Lubang Buaya),77.8,27.7,12.0,19.1,44.2,15.1,62.3,PM10,SEDANG
2024-05-21,DKI5 (Kebon Jeruk),56.7,62.9,17.4,24.3,32.7,5.7,75.4,PM25,SEDANG
2024-05-22,DKI1 (Bunderan HI),94.0,16.8,13.7,9.9,40.0,8.6,75.2,PM10,SEDANG
2024-05-22,DKI2 (Kelapa Gading),67.6,37.3,14.7,24.6,45.8,15.6,54.1,PM10,SEDANG
2024-05-22,DKI3 (Jagakarsa),111.0,57.5,1.9,13.1,35.2,15.8,88.8,PM10,SEDANG
2024-05-22,DKI4 (Lubang Buaya),75.9,45.7,18.7,26.7,41.3,18.7,60.7,PM10,SEDANG
2024-05-22,DKI5 (Kebon Jeruk),115.0,20.4,9.3,15.8,39.6,22.9,92.0,PM10,SEDANG
2024-05-23,DKI1 (Bunderan HI),72.2,54.7,22.4,21.2,71.6,16.4,65.6,PM25,SEDANG
2024-05-23,DKI2 (Kelapa Gading),80.7,61.8,14.0,15.5,34.3,20.1,74.1,PM25,SEDANG
2024-05-23,DKI3 (Jagakarsa),71.3,54.3,10.8,20.4,33.7,14.6,65.2,PM25,SEDANG
2024-05-23,DKI4 (Lubang Buaya),48.2,74.8,12.2,18.6,21.5,23.3,89.7,PM25,SEDANG
2024-05-23,DKI5 (Kebon Jeruk),25.9,79.6,11.7,17.3,38.9,18.6,95.5,PM25,SEDANG
2024-05-24,DKI1 (Bunderan HI),75.0,58.5,26.1,15.8,65.6,26.0,70.2,PM25,SEDANG
2024-05-24,DKI2 (Kelapa Gading),94.2,70.1,23.4,5.3,39.8,30.2,84.1,PM25,SEDANG
2024-05-24,DKI3 (Jagakarsa),79.3,44.8,11.6,15.4,35.7,19.3,63.4,PM10,SEDANG
2024-05-24,DKI5 (Kebon Jeruk),47.8,46.4,13.2,6.0,39.5,23.9,55.7,PM25,SEDANG
2024-05-25,DKI1 (Bunderan HI),73.9,38.2,13.8,22.7,45.9,25.0,59.1,PM10,SEDANG
2024-05-25,DKI2 (Kelapa Gading),75.2,51.6,16.9,17.6,26.9,14.9,61.9,PM25,SEDANG
2024-05-25,DKI3 (Jagakarsa),42.6,56.8,17.8,21.1,35.3,12.6,68.2,PM25,SEDANG
2024-05-25,DKI4 (Lubang Buaya),88.9,48.2,21.7,10.2,40.2,11.8,71.1,PM10,SEDANG
2024-05-25,DKI5 (Kebon Jeruk),66.5,63.6,14.8,13.9,65.1,17.3,76.3,PM25,SEDANG
2024-05-26,DKI1 (Bunderan HI),95.1,23.0,10.2,12.2,66.0,11.4,76.1,PM10,SEDANG
2024-05-26,DKI2 (Kelapa Gading),98.4,61.0,20.1,14.0,53.2,10.4,78.7,PM10,SEDANG
2024-05-26,DKI3 (Jagakarsa),87.8,74.7,9.1,16.4,55.5,14.6,89.7,PM25,SEDANG
2024-05-26,DKI4 (Lubang Buaya),107.0,59.1,10.4,13.0,16.3,19.1,85.6,PM10,SEDANG
2024-05-26,DKI5 (Kebon Jeruk),80.2,74.9,12.9,14.1,36.7,12.2,89.8,PM25,SEDANG
2024-05-27,DKI1 (Bunderan HI),117.7,81.3,10.2,13.1,36.2,14.2,97.6,PM25,SEDANG
2024-05-27,DKI2 (Kelapa Gading),93.4,63.5,5.6,28.0,46.0,11.8,76.2,PM25,SEDANG
2024-05-27,DKI3 (Jagakarsa),59.7,38.8,14.8,31.7,61.0,19.5,54.9,O3,SEDANG
2024-05-27,DKI4 (Lubang Buaya),85.6,32.0,13.7,19.1,33.7,9.9,68.5,PM10,SEDANG
2024-05-27,DKI5 (Kebon Jeruk),93.4,45.5,14.7,23.3,36.3,5.0,74.7,PM10,SEDANG
2024-05-28,DKI1 (Bunderan HI),93.3,72.4,11.5,18.5,25.7,3.7,86.9,PM25,SEDANG
2024-05-28,DKI2 (Kelapa Gading),104.8,30.2,10.6,17.9,46.5,18.0,83.8,PM10,SEDANG
2024-05-28,DKI3 (Jagakarsa),104.6,21.7,14.0,16.8,49.9,13.2,83.7,PM10,SEDANG
2024-05-28,DKI4 (Lubang Buaya),89.8,59.8,18.2,28.5,30.3,16.0,71.8,PM10,SEDANG
2024-05-28,DKI5 (Kebon Jeruk),34.2,16.8,16.3,18.8,59.3,29.7,53.4,O3,SEDANG
2024-05-29,DKI1 (Bunderan HI),46.9,39.0,16.5,21.9,29.4,9.2,46.8,PM25,BAIK
2024-05-29,DKI2 (Kelapa Gading),82.4,27.7,15.4,18.2,36.1,7.7,65.9,PM10,SEDANG
2024-05-29,DKI3 (Jagakarsa),81.1,67.2,12.3,13.1,27.0,18.5,80.7,PM25,SEDANG
2024-05-29,DKI4 (Lubang Buaya),51.2,71.1,13.7,16.3,38.7,13.4,85.3,PM25,SEDANG
2024-05-29,DKI5 (Kebon Jeruk),95.0,56.1,24.1,18.5,63.0,11.6,76.0,PM10,SEDANG
2024-05-30,DKI1 (Bunderan HI),73.4,63.6,21.8,13.8,30.7,29.2,76.3,PM25,SEDANG
2024-05-30,DKI2 (Kelapa Gading),123.0,19.0,18.6,17.7,33.4,16.4,98.4,PM10,SEDANG
2024-05-30,DKI3 (Jagakarsa),65.6,48.9,18.7,24.4,63.3,16.8,58.7,PM25,SEDANG
2024-05-30,DKI4 (Lubang Buaya),99.0,55.2,14.7,22.9,53.3,19.4,79.2,PM10,SEDANG
2024-05-30,DKI5 (Kebon Jeruk),72.0,52.8,11.4,17.5,37.2,29.0,63.4,PM25,SEDANG
2024-05-31,DKI1 (Bunderan HI),96.5,65.2,11.3,18.7,43.8,18.5,78.2,PM25,SEDANG
2024-05-31,DKI2 (Kelapa Gading),55.5,83.3,18.6,19.9,37.2,25.4,100.0,PM25,TIDAK SEHAT
2024-05-31,DKI3 (Jagakarsa),108.2,39.5,12.5,12.6,40.7,11.1,86.5,PM10,SEDANG
2024-05-31,DKI4 (Lubang Buaya),70.3,25.0,13.6,19.0,31.6,19.9,56.3,PM10,SEDANG
2024-05-31,DKI5 (Kebon Jeruk),50.3,32.6,16.7,15.7,56.4,18.3,50.8,O3,SEDANG
2024-06-01,DKI1 (Bunderan HI),112.0,74.0,18.8,21.9,50.4,8.9,89.6,PM10,SEDANG
2024-06-01,DKI2 (Kelapa Gading),107.5,48.6,19.5,27.5,35.6,30.5,86.0,PM10,SEDANG
2024-06-01,DKI3 (Jagakarsa),110.9,58.3,21.2,20.7,49.6,13.6,88.7,PM10,SEDANG
2024-06-01,DKI4 (Lubang Buaya),104.5,79.1,14.6,24.0,38.5,17.6,95.0,PM25,SEDANG
2024-06-01,DKI5 (Kebon Jeruk),90.0,37.2,17.2,25.9,61.0,23.6,72.0,PM10,SEDANG
2024-06-02,DKI1 (Bunderan HI),103.0,52.3,28.0,18.6,55.6,24.0,82.4,PM10,SEDANG
2024-06-02,DKI2 (Kelapa Gading),88.2,49.9,25.1,29.9,57.4,19.6,70.5,PM10,SEDANG
2024-06-02,DKI3 (Jagakarsa),122.9,66.0,13.3,24.4,80.3,18.0,98.3,PM10,SEDANG
2024-06-02,DKI4 (Lubang Buaya),125.4,77.3,26.5,12.2,44.4,23.1,100.3,PM10,TIDAK SEHAT
2024-06-02,DKI5 (Kebon Jeruk),140.7,50.1,14.6,20.8,41.6,22.6,112.5,PM10,TIDAK SEHAT
2024-06-03,DKI1 (Bunderan HI),97.0,45.5,20.8,28.8,54.6,8.7,77.6,PM10,SEDANG
2024-06-03,DKI2 (Kelapa Gading),118.2,46.1,14.7,23.3,56.9,21.8,94.5,PM10,SEDANG
2024-06-03,DKI3 (Jagakarsa),75.9,32.1,20.5,23.2,70.2,20.1,63.1,O3,SEDANG
2024-06-03,DKI4 (Lubang Buaya),97.1,40.5,17.3,25.0,51.4,25.0,77.7,PM10,SEDANG
2024-06-03,DKI5 (Kebon Jeruk),143.3,65.0,21.6,19.5,53.2,20.9,114.7,PM10,TIDAK SEHAT
2024-06-04,DKI1 (Bunderan HI),149.5,88.8,18.6,24.8,66.7,36.0,119.6,PM10,TIDAK SEHAT
2024-06-04,DKI2 (Kelapa Gading),86.9,59.6,26.1,22.2,55.9,23.7,71.6,PM25,SEDANG
2024-06-04,DKI3 (Jagakarsa),122.1,69.9,14.6,18.1,60.6,23.3,97.7,PM10,SEDANG
2024-06-04,DKI4 (Lubang Buaya),125.8,76.8,18.7,25.7,57.9,25.7,100.7,PM10,TIDAK SEHAT
2024-06-04,DKI5 (Kebon Jeruk),74.4,60.4,15.0,22.8,67.8,28.7,72.5,PM25,SEDANG
2024-06-05,DKI1 (Bunderan HI),101.7,88.5,17.2,20.6,64.0,21.4,106.1,PM25,TIDAK SEHAT
2024-06-05,DKI2 (Kelapa Gading),102.4,76.6,16.3,29.6,66.9,18.7,91.9,PM25,SEDANG
2024-06-05,DKI3 (Jagakarsa),82.3,57.1,28.9,25.4,43.0,34.9,68.5,PM25,SEDANG
2024-06-05,DKI4 (Lubang Buaya),158.1,74.0,8.5,22.4,59.3,37.6,126.5,PM10,TIDAK SEHAT
2024-06-05,DKI5 (Kebon Jeruk),120.9,72.6,21.1,31.6,50.1,28.4,96.7,PM10,SEDANG
2024-06-06,DKI1 (Bunderan HI),116.1,50.6,13.0,23.2,52.6,17.5,92.9,PM10,SEDANG
2024-06-06,DKI3 (Jagakarsa),114.0,82.7,14.6,17.9,37.5,24.4,99.2,PM25,SEDANG
2024-06-06,DKI4 (Lubang Buaya),130.2,51.3,18.0,14.7,64.6,17.4,104.2,PM10,TIDAK SEHAT
2024-06-06,DKI5 (Kebon Jeruk),85.4,83.9,22.4,32.2,85.9,17.0,100.6,PM25,TIDAK SEHAT
2024-06-07,DKI1 (Bunderan HI),143.9,16.7,15.2,16.5,50.4,26.2,115.1,PM10,TIDAK SEHAT
2024-06-07,DKI2 (Kelapa Gading),82.8,72.4,20.6,31.3,50.2,26.8,86.8,PM25,SEDANG
2024-06-07,DKI3 (Jagakarsa),112.1,77.4,8.1,30.0,38.0,21.6,92.9,PM25,SEDANG
2024-06-07,DKI5 (Kebon Jeruk),112.3,88.8,17.3,18.3,64.3,37.5,106.6,PM25,TIDAK SEHAT
2024-06-08,DKI1 (Bunderan HI),102.2,48.9,10.6,13.0,57.6,22.2,81.8,PM10,SEDANG
2024-06-08,DKI2 (Kelapa Gading),128.2,60.0,8.1,20.0,50.2,25.3,102.5,PM10,TIDAK SEHAT
2024-06-08,DKI4 (Lubang Buaya),97.8,62.6,14.3,11.2,67.1,15.7,78.3,PM10,SEDANG
2024-06-08,DKI5 (Kebon Jeruk),84.4,104.9,15.6,16.7,67.5,10.3,125.8,PM25,TIDAK SEHAT
2024-06-09,DKI1 (Bunderan HI),41.0,58.1,20.0,31.8,63.3,32.1,69.8,PM25,SEDANG
2024-06-09,DKI2 (Kelapa Gading),125.9,66.3,19.4,21.9,74.8,23.2,100.7,PM10,TIDAK SEHAT
2024-06-09,DKI3 (Jagakarsa),38.5,39.2,21.0,13.9,54.4,26.9,49.0,O3,BAIK
2024-06-09,DKI4 (Lubang Buaya),128.0,71.7,14.7,4.8,42.0,16.5,102.4,PM10,TIDAK SEHAT
2024-06-09,DKI5 (Kebon Jeruk),112.6,34.8,18.1,28.1,53.2,29.8,90.1,PM10,SEDANG
2024-06-10,DKI1 (Bunderan HI),83.4,75.9,16.7,22.3,39.2,32.9,91.1,PM25,SEDANG
2024-06-10,DKI2 (Kelapa Gading),88.0,69.8,28.5,18.4,50.2,18.6,83.7,PM25,SEDANG
2024-06-10,DKI3 (Jagakarsa),134.7,83.0,24.6,31.9,37.4,23.9,107.8,PM10,TIDAK SEHAT
2024-06-10,DKI4 (Lubang Buaya),100.1,49.1,21.6,18.1,73.4,29.3,80.1,PM10,SEDANG
2024-06-10,DKI5 (Kebon Jeruk),83.4,66.3,21.0,30.1,36.4,29.5,79.6,PM25,SEDANG
2024-06-11,DKI1 (Bunderan HI),130.7,69.4,24.6,10.8,50.8,17.7,104.6,PM10,TIDAK SEHAT
2024-06-11,DKI2 (Kelapa Gading),108.4,68.7,18.9,12.4,69.5,25.9,86.7,PM10,SEDANG
2024-06-11,DKI3 (Jagakarsa),103.1,47.1,24.4,34.6,80.2,25.8,82.5,PM10,SEDANG
2024-06-11,DKI4 (Lubang Buaya),135.3,75.8,13.9,25.7,68.7,11.8,108.2,PM10,TIDAK SEHAT
2024-06-11,DKI5 (Kebon Jeruk),84.8,50.6,21.3,13.3,50.8,24.5,67.9,PM10,SEDANG
2024-06-12,DKI1 (Bunderan HI),89.9,75.4,22.5,10.1,46.5,26.8,90.4,PM25,SEDANG
2024-06-12,DKI2 (Kelapa Gading),146.8,73.4,18.1,14.4,59.7,25.9,117.4,PM10,TIDAK SEHAT
2024-06-12,DKI3 (Jagakarsa),138.1,78.7,15.4,32.7,54.1,23.3,110.5,PM10,TIDAK SEHAT
2024-06-12,DKI4 (Lubang Buaya),135.7,69.5,17.8,19.9,43.4,26.9,108.6,PM10,TIDAK SEHAT
2024-06-12,DKI5 (Kebon Jeruk),94.4,52.2,19.0,20.4,67.5,36.5,75.5,PM10,SEDANG
2024-06-13,DKI1 (Bunderan HI),86.6,62.2,16.7,19.7,52.0,24.9,74.6,PM25,SEDANG
2024-06-13,DKI2 (Kelapa Gading),105.4,40.3,13.0,24.1,47.5,20.0,84.3,PM10,SEDANG
2024-06-13,DKI3 (Jagakarsa),115.7,76.8,31.3,19.3,71.8,31.9,92.5,PM10,SEDANG
2024-06-13,DKI4 (Lubang Buaya),62.5,92.1,17.4,12.9,64.1,39.9,110.5,PM25,TIDAK SEHAT
2024-06-13,DKI5 (Kebon Jeruk),87.4,69.1,21.4,14.9,42.4,30.0,82.9,PM25,SEDANG
2024-06-14,DKI1 (Bunderan HI),119.9,91.6,24.0,22.6,55.8,27.6,110.0,PM25,TIDAK SEHAT
2024-06-14,DKI2 (Kelapa Gading),83.2,53.6,13.2,12.9,50.8,30.1,66.6,PM10,SEDANG
2024-06-14,DKI3 (Jagakarsa),65.5,67.0,20.8,21.6,60.3,12.9,80.4,PM25,SEDANG
2024-06-14,DKI4 (Lubang Buaya),105.5,60.8,19.3,24.0,52.5,29.0,84.4,PM10,SEDANG
2024-06-14,DKI5 (Kebon Jeruk),117.7,80.5,21.4,24.1,36.4,37.0,96.7,PM25,SEDANG
2024-06-15,DKI2 (Kelapa Gading),91.5,42.5,21.5,20.0,63.7,18.0,73.2,PM10,SEDANG
2024-06-15,DKI3 (Jagakarsa),112.4,64.5,23.2,19.5,64.0,15.7,89.9,PM10,SEDANG
2024-06-15,DKI4 (Lubang Buaya),139.6,92.1,21.8,21.7,79.1,20.9,111.7,PM10,TIDAK SEHAT
2024-06-15,DKI5 (Kebon Jeruk),138.4,91.2,11.9,26.1,63.0,6.7,110.8,PM10,TIDAK SEHAT
2024-06-16,DKI1 (Bunderan HI),44.4,45.2,16.7,25.2,56.8,28.9,54.3,PM25,SEDANG
2024-06-16,DKI2 (Kelapa Gading),111.8,50.2,20.8,21.5,60.9,24.4,89.5,PM10,SEDANG
2024-06-16,DKI3 (Jagakarsa),133.6,85.4,15.2,19.8,38.8,40.6,106.9,PM10,TIDAK SEHAT
2024-06-16,DKI4 (Lubang Buaya),97.5,58.6,15.6,16.3,67.7,25.0,78.0,PM10,SEDANG
2024-06-16,DKI5 (Kebon Jeruk),104.2,38.1,20.1,16.6,53.7,22.7,83.4,PM10,SEDANG
2024-06-17,DKI1 (Bunderan HI),141.1,79.4,23.2,13.4,64.5,29.4,112.9,PM10,TIDAK SEHAT
2024-06-17,DKI2 (Kelapa Gading),114.3,60.6,19.8,16.6,59.9,26.3,91.4,PM10,SEDANG
2024-06-17,DKI3 (Jagakarsa),138.1,65.9,10.9,20.2,77.5,23.3,110.5,PM10,TIDAK SEHAT
2024-06-17,DKI4 (Lubang Buaya),111.6,79.5,10.5,24.2,45.1,29.6,95.4,PM25,SEDANG
2024-06-17,DKI5 (Kebon Jeruk),73.5,68.4,29.6,24.1,61.9,28.7,82.1,PM25,SEDANG
2024-06-18,DKI1 (Bunderan HI),155.2,78.2,19.0,24.6,62.3,21.8,124.2,PM10,TIDAK SEHAT
2024-06-18,DKI2 (Kelapa Gading),98.9,68.1,22.1,17.5,46.3,34.8,81.7,PM25,SEDANG
2024-06-18,DKI3 (Jagakarsa),134.5,85.3,16.5,18.9,62.0,20.3,107.6,PM10,TIDAK SEHAT
2024-06-18,DKI4 (Lubang Buaya),93.1,73.4,19.0,12.4,55.9,24.2,88.1,PM25,SEDANG
2024-06-18,DKI5 (Kebon Jeruk),84.4,73.0,17.0,23.3,43.3,12.7,87.5,PM25,SEDANG
2024-06-19,DKI1 (Bunderan HI),76.9,62.0,13.9,32.0,66.8,20.2,74.4,PM25,SEDANG
2024-06-19,DKI2 (Kelapa Gading),114.8,54.7,23.2,15.9,44.2,16.5,91.9,PM10,SEDANG
2024-06-19,DKI3 (Jagakarsa),92.2,59.2,19.2,26.5,60.2,24.4,73.7,PM10,SEDANG
2024-06-19,DKI4 (Lubang Buaya),149.6,71.7,18.7,25.3,76.8,20.5,119.7,PM10,TIDAK SEHAT
2024-06-19,DKI5 (Kebon Jeruk),102.3,71.4,24.2,14.5,51.0,33.4,85.7,PM25,SEDANG
2024-06-20,DKI1 (Bunderan HI),98.9,95.6,26.9,20.1,52.8,28.0,114.7,PM25,TIDAK SEHAT
2024-06-20,DKI2 (Kelapa Gading),98.8,63.0,13.3,17.3,76.8,27.2,79.0,PM10,SEDANG
2024-06-20,DKI3 (Jagakarsa),92.9,69.7,23.2,26.0,76.3,23.4,83.6,PM25,SEDANG
2024-06-20,DKI4 (Lubang Buaya),87.5,86.0,18.0,21.4,41.1,17.5,103.1,PM25,TIDAK SEHAT
2024-06-20,DKI5 (Kebon Jeruk),153.5,95.4,22.9,18.0,49.0,20.9,122.8,PM10,TIDAK SEHAT
2024-06-21,DKI1 (Bunderan HI),167.5,74.3,17.6,15.2,68.6,20.9,134.0,PM10,TIDAK SEHAT
2024-06-21,DKI2 (Kelapa Gading),90.2,54.4,18.5,23.7,36.6,24.1,72.1,PM10,SEDANG
2024-06-21,DKI3 (Jagakarsa),100.2,54.1,21.4,21.6,33.0,18.6,80.2,PM10,SEDANG
2024-06-21,DKI4 (Lubang Buaya),116.5,48.2,11.6,29.6,71.6,22.2,93.2,PM10,SEDANG
2024-06-21,DKI5 (Kebon Jeruk),101.7,73.6,12.2,20.4,63.8,17.7,88.3,PM25,SEDANG
2024-06-22,DKI1 (Bunderan HI),128.8,82.6,20.8,34.3,74.7,17.6,103.0,PM10,TIDAK SEHAT
2024-06-22,DKI2 (Kelapa Gading),102.8,73.0,14.3,26.2,71.0,17.5,87.6,PM25,SEDANG
2024-06-22,DKI3 (Jagakarsa),95.3,47.9,14.9,19.0,56.3,22.2,76.3,PM10,SEDANG
2024-06-22,DKI4 (Lubang Buaya),110.0,35.1,16.3,27.7,56.8,14.1,88.0,PM10,SEDANG
2024-06-22,DKI5 (Kebon Jeruk),100.1,72.1,14.9,25.0,72.9,19.9,86.5,PM25,SEDANG
2024-06-23,DKI1 (Bunderan HI),125.6,50.5,18.9,24.7,39.4,29.2,100.5,PM10,TIDAK SEHAT
2024-06-23,DKI2 (Kelapa Gading),80.0,77.8,20.7,16.7,41.9,28.7,93.4,PM25,SEDANG
2024-06-23,DKI3 (Jagakarsa),56.6,75.1,22.9,23.8,60.1,10.9,90.1,PM25,SEDANG
2024-06-23,DKI5 (Kebon Jeruk),93.1,59.1,11.3,18.5,57.0,14.8,74.5,PM10,SEDANG
2024-06-24,DKI1 (Bunderan HI),97.4,52.0,21.2,12.5,58.7,23.0,78.0,PM10,SEDANG
2024-06-24,DKI2 (Kelapa Gading),146.4,88.5,13.2,20.4,53.3,11.8,117.1,PM10,TIDAK SEHAT
2024-06-24,DKI3 (Jagakarsa),87.1,68.5,13.9,20.7,53.2,21.9,82.3,PM25,SEDANG
2024-06-24,DKI4 (Lubang Buaya),119.0,72.6,13.2,24.9,70.5,33.2,95.2,PM10,SEDANG
2024-06-24,DKI5 (Kebon Jeruk),145.4,98.4,26.5,14.1,48.6,25.4,118.0,PM25,TIDAK SEHAT
2024-06-25,DKI1 (Bunderan HI),113.6,49.1,16.1,26.1,66.1,20.5,90.9,PM10,SEDANG
2024-06-25,DKI2 (Kelapa Gading),102.6,78.8,17.3,10.7,52.4,19.9,94.5,PM25,SEDANG
2024-06-25,DKI3 (Jagakarsa),104.6,94.5,21.0,18.3,53.7,17.1,113.4,PM25,TIDAK SEHAT
2024-06-25,DKI4 (Lubang Buaya),134.7,58.8,24.1,29.6,69.6,28.2,107.8,PM10,TIDAK SEHAT
2024-06-25,DKI5 (Kebon Jeruk),125.8,79.2,19.9,15.8,31.8,32.3,100.6,PM10,TIDAK SEHAT
2024-06-26,DKI1 (Bunderan HI),111.4,47.3,18.4,22.9,42.2,17.2,89.2,PM10,SEDANG
2024-06-26,DKI2 (Kelapa Gading),115.0,61.6,17.8,19.6,37.1,21.0,92.0,PM10,SEDANG
2024-06-26,DKI3 (Jagakarsa),71.4,81.6,11.4,16.5,38.4,26.8,98.0,PM25,SEDANG
2024-06-26,DKI4 (Lubang Buaya),134.8,86.9,16.4,22.8,59.0,20.2,107.8,PM10,TIDAK SEHAT
2024-06-26,DKI5 (Kebon Jeruk),94.7,51.6,17.4,26.5,43.1,25.4,75.8,PM10,SEDANG
2024-06-27,DKI1 (Bunderan HI),84.2,43.9,17.1,15.6,63.8,23.1,67.4,PM10,SEDANG
2024-06-27,DKI2 (Kelapa Gading),93.2,54.8,17.4,24.1,17.4,16.4,74.6,PM10,SEDANG
2024-06-27,DKI3 (Jagakarsa),105.5,50.7,20.7,8.6,52.1,17.1,84.4,PM10,SEDANG
2024-06-27,DKI5 (Kebon Jeruk),98.7,52.8,26.7,23.0,52.9,29.7,79.0,PM10,SEDANG
2024-06-28,DKI1 (Bunderan HI),151.1,72.6,17.6,30.7,53.5,24.1,120.9,PM10,TIDAK SEHAT
2024-06-28,DKI2 (Kelapa Gading),99.7,93.2,15.9,23.7,76.7,33.5,111.8,PM25,TIDAK SEHAT
2024-06-28,DKI3 (Jagakarsa),119.0,77.4,20.1,12.6,52.0,32.9,95.2,PM10,SEDANG
2024-06-28,DKI4 (Lubang Buaya),114.8,103.0,18.3,27.0,46.8,20.6,123.6,PM25,TIDAK SEHAT
2024-06-28,DKI5 (Kebon Jeruk),96.5,84.4,14.6,17.4,53.8,21.5,101.3,PM25,TIDAK SEHAT
2024-06-29,DKI1 (Bunderan HI),108.6,52.4,16.9,12.8,54.0,21.9,86.9,PM10,SEDANG
2024-06-29,DKI2 (Kelapa Gading),144.7,73.2,19.9,21.4,45.6,28.4,115.7,PM10,TIDAK SEHAT
2024-06-29,DKI3 (Jagakarsa),91.2,69.4,5.8,23.1,52.0,14.0,83.3,PM25,SEDANG
2024-06-29,DKI4 (Lubang Buaya),101.0,72.1,10.5,27.8,56.7,25.3,86.5,PM25,SEDANG
2024-06-29,DKI5 (Kebon Jeruk),130.8,70.5,13.3,13.7,52.3,19.9,104.6,PM10,TIDAK SEHAT
2024-06-30,DKI1 (Bunderan HI),95.8,78.8,21.7,29.8,53.4,16.4,94.6,PM25,SEDANG
2024-06-30,DKI2 (Kelapa Gading),100.3,59.4,21.9,18.4,59.5,26.6,80.2,PM10,SEDANG
2024-06-30,DKI3 (Jagakarsa),128.5,48.0,12.7,26.2,51.7,20.9,102.8,PM10,TIDAK SEHAT
2024-06-30,DKI4 (Lubang Buaya),135.3,61.8,17.1,25.1,65.3,31.9,108.2,PM10,TIDAK SEHAT
2024-06-30,DKI5 (Kebon Jeruk),134.4,64.1,19.1,22.5,42.8,24.5,107.5,PM10,TIDAK SEHAT
2024-07-01,DKI1 (Bunderan HI),96.1,49.8,19.7,20.3,43.9,24.3,76.9,PM10,SEDANG
2024-07-01,DKI2 (Kelapa Gading),56.4,83.8,14.3,24.1,68.3,24.1,100.6,PM25,TIDAK SEHAT
2024-07-01,DKI3 (Jagakarsa),89.2,86.5,18.6,26.5,57.9,33.0,103.8,PM25,TIDAK SEHAT
2024-07-01,DKI4 (Lubang Buaya),118.0,75.2,20.2,25.0,61.2,22.7,94.4,PM10,SEDANG
2024-07-01,DKI5 (Kebon Jeruk),98.4,69.5,18.2,5.7,72.7,20.8,83.4,PM25,SEDANG
2024-07-02,DKI1 (Bunderan HI),100.1,48.5,12.1,22.8,29.8,35.1,80.1,PM10,SEDANG
2024-07-02,DKI2 (Kelapa Gading),111.0,84.6,20.8,31.9,58.6,24.9,101.5,PM25,TIDAK SEHAT
2024-07-02,DKI3 (Jagakarsa),154.4,68.0,10.3,25.7,41.3,15.6,123.5,PM10,TIDAK SEHAT
2024-07-02,DKI4 (Lubang Buaya),112.8,76.6,13.5,17.6,64.3,26.8,91.9,PM25,SEDANG
2024-07-02,DKI5 (Kebon Jeruk),81.8,61.7,21.0,13.0,44.0,25.7,74.1,PM25,SEDANG
2024-07-03,DKI1 (Bunderan HI),90.7,93.7,10.8,18.7,54.5,28.8,112.5,PM25,TIDAK SEHAT
2024-07-03,DKI2 (Kelapa Gading),112.3,47.2,12.4,8.9,64.5,27.6,89.8,PM10,SEDANG
2024-07-03,DKI3 (Jagakarsa),113.8,71.1,23.8,25.9,61.6,31.4,91.0,PM10,SEDANG
2024-07-03,DKI4 (Lubang Buaya),118.1,69.0,14.5,10.3,43.7,28.8,94.5,PM10,SEDANG
2024-07-03,DKI5 (Kebon Jeruk),96.5,60.9,21.7,11.0,63.5,29.8,77.2,PM10,SEDANG
2024-07-04,DKI1 (Bunderan HI),107.0,65.7,17.2,25.7,45.1,21.9,85.6,PM10,SEDANG
2024-07-04,DKI2 (Kelapa Gading),138.4,58.4,20.1,22.2,51.1,28.7,110.7,PM10,TIDAK SEHAT
2024-07-04,DKI3 (Jagakarsa),118.2,74.4,25.6,4.4,56.1,26.8,94.5,PM10,SEDANG
2024-07-04,DKI4 (Lubang Buaya),75.9,36.6,9.4,43.5,28.9,11.7,60.7,PM10,SEDANG
2024-07-04,DKI5 (Kebon Jeruk),104.6,90.7,21.8,20.8,63.9,29.8,108.8,PM25,TIDAK SEHAT
2024-07-05,DKI1 (Bunderan HI),106.4,43.1,26.8,25.2,55.9,24.5,85.1,PM10,SEDANG
2024-07-05,DKI2 (Kelapa Gading),140.9,86.4,6.5,9.1,63.8,28.4,112.7,PM10,TIDAK SEHAT
2024-07-05,DKI3 (Jagakarsa),75.6,58.4,21.8,19.8,67.9,4.9,70.0,PM25,SEDANG
2024-07-05,DKI4 (Lubang Buaya),117.5,72.8,20.2,24.9,64.2,28.0,94.0,PM10,SEDANG
2024-07-05,DKI5 (Kebon Jeruk),112.0,49.5,10.3,28.2,52.9,18.2,89.6,PM10,SEDANG
2024-07-06,DKI1 (Bunderan HI),81.8,64.3,18.4,22.6,42.6,23.3,77.1,PM25,SEDANG
2024-07-06,DKI2 (Kelapa Gading),87.1,70.5,21.2,33.5,38.0,24.7,84.6,PM25,SEDANG
2024-07-06,DKI3 (Jagakarsa),65.0,34.8,16.5,16.4,49.2,16.0,52.0,PM10,SEDANG
2024-07-06,DKI4 (Lubang Buaya),89.1,96.8,17.0,23.7,56.0,16.9,116.2,PM25,TIDAK SEHAT
2024-07-06,DKI5 (Kebon Jeruk),131.3,91.7,22.6,17.3,58.2,20.3,110.0,PM25,TIDAK SEHAT
2024-07-07,DKI1 (Bunderan HI),93.6,62.8,23.9,29.5,55.5,21.7,75.3,PM25,SEDANG
2024-07-07,DKI2 (Kelapa Gading),163.7,48.9,24.7,28.3,49.1,27.4,131.0,PM10,TIDAK SEHAT
2024-07-07,DKI3 (Jagakarsa),116.8,49.0,18.4,24.5,55.9,15.4,93.4,PM10,SEDANG
2024-07-07,DKI4 (Lubang Buaya),62.4,49.5,18.9,20.4,45.5,30.5,59.4,PM25,SEDANG
2024-07-07,DKI5 (Kebon Jeruk),51.6,84.1,18.9,31.9,52.1,21.3,100.9,PM25,TIDAK SEHAT
2024-07-08,DKI1 (Bunderan HI),88.5,88.7,18.6,21.6,50.8,34.6,106.5,PM25,TIDAK SEHAT
2024-07-08,DKI2 (Kelapa Gading),114.8,56.3,27.2,14.8,64.9,22.2,91.8,PM10,SEDANG
2024-07-08,DKI3 (Jagakarsa),130.7,64.0,25.9,16.7,56.7,17.5,104.5,PM10,TIDAK SEHAT
2024-07-08,DKI4 (Lubang Buaya),137.3,46.5,18.9,22.4,45.8,29.0,109.9,PM10,TIDAK SEHAT
2024-07-08,DKI5 (Kebon Jeruk),69.4,66.3,19.6,25.0,42.7,37.0,79.6,PM25,SEDANG
2024-07-09,DKI1 (Bunderan HI),139.0,85.5,6.1,21.2,67.6,28.1,111.2,PM10,TIDAK SEHAT
2024-07-09,DKI2 (Kelapa Gading),143.0,73.4,18.0,18.0,54.0,20.8,114.4,PM10,TIDAK SEHAT
2024-07-09,DKI3 (Jagakarsa),115.1,58.2,10.8,16.3,49.1,19.1,92.1,PM10,SEDANG
2024-07-09,DKI4 (Lubang Buaya),146.0,59.4,8.1,25.6,29.4,27.2,116.8,PM10,TIDAK SEHAT
2024-07-09,DKI5 (Kebon Jeruk),131.1,43.8,16.7,26.9,70.6,28.0,104.9,PM10,TIDAK SEHAT
2024-07-10,DKI1 (Bunderan HI),127.2,46.8,8.6,21.3,27.2,25.3,101.7,PM10,TIDAK SEHAT
2024-07-10,DKI2 (Kelapa Gading),102.3,57.6,21.6,17.8,38.0,26.2,81.9,PM10,SEDANG
2024-07-10,DKI3 (Jagakarsa),152.7,79.2,23.6,24.3,64.0,29.8,122.2,PM10,TIDAK SEHAT
2024-07-10,DKI5 (Kebon Jeruk),113.7,53.0,23.9,25.1,54.2,24.4,91.0,PM10,SEDANG
2024-07-11,DKI1 (Bunderan HI),127.7,61.8,26.2,26.6,63.8,21.0,102.2,PM10,TIDAK SEHAT
2024-07-11,DKI2 (Kelapa Gading),119.2,52.9,29.4,30.7,53.9,21.9,95.3,PM10,SEDANG
2024-07-11,DKI3 (Jagakarsa),138.2,93.5,15.9,22.5,62.1,26.3,112.2,PM25,TIDAK SEHAT
2024-07-11,DKI4 (Lubang Buaya),135.7,114.7,20.6,30.4,44.9,32.9,137.7,PM25,TIDAK SEHAT
2024-07-11,DKI5 (Kebon Jeruk),129.2,88.3,18.9,24.2,46.6,14.4,105.9,PM25,TIDAK SEHAT
2024-07-12,DKI1 (Bunderan HI),78.9,79.0,16.9,6.5,60.6,10.1,94.7,PM25,SEDANG
2024-07-12,DKI2 (Kelapa Gading),96.5,35.0,18.1,16.9,54.7,20.2,77.2,PM10,SEDANG
2024-07-12,DKI3 (Jagakarsa),156.6,83.9,17.1,25.2,62.1,28.5,125.3,PM10,TIDAK SEHAT
2024-07-12,DKI4 (Lubang Buaya),93.0,59.0,20.2,15.8,35.5,30.6,74.4,PM10,SEDANG
2024-07-12,DKI5 (Kebon Jeruk),68.1,55.2,15.9,19.3,71.7,22.6,66.2,PM25,SEDANG
2024-07-13,DKI1 (Bunderan HI),109.7,75.4,17.7,27.3,60.1,33.1,90.5,PM25,SEDANG
2024-07-13,DKI2 (Kelapa Gading),118.6,69.6,8.1,15.6,65.5,19.5,94.9,PM10,SEDANG
2024-07-13,DKI4 (Lubang Buaya),108.0,68.9,16.7,31.9,27.8,32.0,86.4,PM10,SEDANG
2024-07-13,DKI5 (Kebon Jeruk),114.6,56.6,23.0,14.9,65.7,18.3,91.7,PM10,SEDANG
2024-07-14,DKI1 (Bunderan HI),96.5,78.8,17.7,26.3,56.8,22.2,94.5,PM25,SEDANG
2024-07-14,DKI2 (Kelapa Gading),112.7,76.2,16.5,25.0,52.4,23.4,91.4,PM25,SEDANG
2024-07-14,DKI3 (Jagakarsa),119.9,53.2,10.5,23.9,31.7,28.7,95.9,PM10,SEDANG
2024-07-14,DKI4 (Lubang Buaya),154.3,78.3,27.1,17.2,33.9,25.3,123.5,PM10,TIDAK SEHAT
2024-07-14,DKI5 (Kebon Jeruk),136.0,63.3,25.8,39.0,24.2,28.8,108.8,PM10,TIDAK SEHAT
2024-07-15,DKI1 (Bunderan HI),143.5,97.1,12.6,15.4,45.3,27.9,116.5,PM25,TIDAK SEHAT
2024-07-15,DKI2 (Kelapa Gading),105.5,92.9,21.6,24.9,55.0,27.7,111.4,PM25,TIDAK SEHAT
2024-07-15,DKI3 (Jagakarsa),110.9,64.2,15.4,23.8,70.5,19.5,88.7,PM10,SEDANG
2024-07-15,DKI4 (Lubang Buaya),93.5,70.0,24.2,11.4,63.8,21.1,84.0,PM25,SEDANG
2024-07-15,DKI5 (Kebon Jeruk),145.0,43.3,24.2,27.9,84.8,18.0,116.0,PM10,TIDAK SEHAT
2024-07-16,DKI1 (Bunderan HI),122.5,68.0,16.7,22.7,81.4,21.9,98.0,PM10,SEDANG
2024-07-16,DKI2 (Kelapa Gading),64.9,62.9,14.9,14.9,34.1,33.1,75.4,PM25,SEDANG
2024-07-16,DKI3 (Jagakarsa),109.5,50.8,14.4,38.6,65.0,19.8,87.6,PM10,SEDANG
2024-07-16,DKI4 (Lubang Buaya),94.4,101.9,22.1,14.2,42.8,30.9,122.3,PM25,TIDAK SEHAT
2024-07-16,DKI5 (Kebon Jeruk),131.0,78.7,18.8,17.5,71.8,24.7,104.8,PM10,TIDAK SEHAT
2024-07-17,DKI1 (Bunderan HI),141.1,86.8,21.7,21.5,51.6,23.7,112.9,PM10,TIDAK SEHAT
2024-07-17,DKI2 (Kelapa Gading),144.3,59.1,17.6,25.1,77.0,27.8,115.4,PM10,TIDAK SEHAT
2024-07-17,DKI3 (Jagakarsa),112.9,60.1,30.9,20.9,43.3,31.1,90.3,PM10,SEDANG
2024-07-17,DKI4 (Lubang Buaya),121.0,53.6,19.0,25.7,64.1,22.8,96.8,PM10,SEDANG
2024-07-17,DKI5 (Kebon Jeruk),123.7,97.8,19.9,27.0,51.9,21.7,117.4,PM25,TIDAK SEHAT
2024-07-18,DKI1 (Bunderan HI),101.5,48.0,10.7,26.7,62.1,26.4,81.2,PM10,SEDANG
2024-07-18,DKI2 (Kelapa Gading),79.2,107.0,12.0,18.1,48.5,21.1,128.4,PM25,TIDAK SEHAT
2024-07-18,DKI3 (Jagakarsa),132.1,64.8,13.0,25.6,46.3,20.5,105.7,PM10,TIDAK SEHAT
2024-07-18,DKI4 (Lubang Buaya),74.8,79.7,12.8,13.8,72.3,33.4,95.6,PM25,SEDANG
2024-07-18,DKI5 (Kebon Jeruk),117.2,45.9,21.7,17.8,49.2,26.8,93.7,PM10,SEDANG
2024-07-19,DKI1 (Bunderan HI),163.7,87.7,25.6,19.7,57.3,32.4,131.0,PM10,TIDAK SEHAT
2024-07-19,DKI2 (Kelapa Gading),110.7,37.5,9.5,16.8,62.7,17.8,88.5,PM10,SEDANG
2024-07-19,DKI3 (Jagakarsa),129.6,95.0,10.8,35.6,58.5,17.9,114.0,PM25,TIDAK SEHAT
2024-07-19,DKI4 (Lubang Buaya),135.6,56.0,30.6,18.0,47.5,31.1,108.5,PM10,TIDAK SEHAT
2024-07-19,DKI5 (Kebon Jeruk),123.0,47.0,17.8,24.7,53.5,39.9,98.4,PM10,SEDANG
2024-07-20,DKI1 (Bunderan HI),90.1,76.9,31.4,21.4,44.0,27.4,92.3,PM25,SEDANG
2024-07-20,DKI2 (Kelapa Gading),81.4,47.2,9.0,6.7,68.4,25.5,65.2,PM10,SEDANG
2024-07-20,DKI3 (Jagakarsa),103.8,69.0,9.3,27.3,61.9,31.8,83.0,PM10,SEDANG
2024-07-20,DKI4 (Lubang Buaya),93.5,54.7,21.2,28.4,61.6,22.7,74.8,PM10,SEDANG
2024-07-20,DKI5 (Kebon Jeruk),87.5,62.1,14.8,16.9,53.8,28.6,74.6,PM25,SEDANG
2024-07-21,DKI1 (Bunderan HI),86.1,73.4,23.9,22.2,32.5,11.6,88.0,PM25,SEDANG
2024-07-21,DKI2 (Kelapa Gading),102.6,83.3,16.1,24.8,51.2,28.1,100.0,PM25,SEDANG
2024-07-21,DKI3 (Jagakarsa),105.5,65.1,31.0,25.8,62.4,21.3,84.4,PM10,SEDANG
2024-07-21,DKI4 (Lubang Buaya),113.7,64.7,20.6,18.9,43.6,40.8,91.0,PM10,SEDANG
2024-07-21,DKI5 (Kebon Jeruk),116.1,54.4,14.7,18.1,45.0,18.2,92.9,PM10,SEDANG
2024-07-22,DKI1 (Bunderan HI),108.3,92.3,8.7,17.4,44.9,21.8,110.8,PM25,TIDAK SEHAT
2024-07-22,DKI2 (Kelapa Gading),94.6,68.9,15.6,23.9,58.8,26.3,82.7,PM25,SEDANG
2024-07-22,DKI3 (Jagakarsa),116.4,26.8,18.1,12.8,45.3,24.6,93.1,PM10,SEDANG
2024-07-22,DKI4 (Lubang Buaya),115.3,64.4,13.7,22.3,78.3,28.9,92.3,PM10,SEDANG
2024-07-22,DKI5 (Kebon Jeruk),142.4,59.6,14.1,26.6,84.3,19.0,113.9,PM10,TIDAK SEHAT
2024-07-23,DKI1 (Bunderan HI),95.6,90.9,12.0,20.8,73.7,25.2,109.0,PM25,TIDAK SEHAT
2024-07-23,DKI2 (Kelapa Gading),62.9,42.7,10.0,26.1,45.6,32.4,51.2,PM25,SEDANG
2024-07-23,DKI4 (Lubang Buaya),97.3,69.8,12.4,22.2,57.9,22.1,83.8,PM25,SEDANG
2024-07-23,DKI5 (Kebon Jeruk),137.2,56.4,15.0,21.1,70.0,20.4,109.7,PM10,TIDAK SEHAT
2024-07-24,DKI1 (Bunderan HI),116.7,79.6,25.9,15.3,49.5,32.1,95.5,PM25,SEDANG
2024-07-24,DKI2 (Kelapa Gading),88.5,89.3,26.0,28.7,47.8,25.5,107.1,PM25,TIDAK SEHAT
2024-07-24,DKI3 (Jagakarsa),121.8,76.2,15.6,25.5,66.7,31.8,97.4,PM10,SEDANG
2024-07-24,DKI4 (Lubang Buaya),109.9,31.9,17.3,13.4,60.3,20.2,88.0,PM10,SEDANG
2024-07-24,DKI5 (Kebon Jeruk),102.3,56.3,26.2,27.0,52.6,32.4,81.9,PM10,SEDANG
2024-07-25,DKI2 (Kelapa Gading),128.2,83.9,6.0,37.1,69.1,23.2,102.5,PM10,TIDAK SEHAT
2024-07-25,DKI3 (Jagakarsa),131.8,64.1,23.9,24.3,36.6,20.7,105.5,PM10,TIDAK SEHAT
2024-07-25,DKI4 (Lubang Buaya),147.8,49.6,19.1,30.8,68.6,21.5,118.2,PM10,TIDAK SEHAT
2024-07-25,DKI5 (Kebon Jeruk),98.3,42.8,22.2,20.3,57.6,43.0,78.6,PM10,SEDANG
2024-07-26,DKI1 (Bunderan HI),112.5,79.1,22.6,19.0,51.7,17.6,94.9,PM25,SEDANG
2024-07-26,DKI2 (Kelapa Gading),89.7,66.7,17.2,16.9,50.1,16.8,80.1,PM25,SEDANG
2024-07-26,DKI3 (Jagakarsa),96.9,83.5,21.2,20.5,34.5,32.8,100.2,PM25,TIDAK SEHAT
2024-07-26,DKI4 (Lubang Buaya),108.3,82.4,9.3,27.5,35.0,23.8,98.9,PM25,SEDANG
2024-07-26,DKI5 (Kebon Jeruk),91.4,58.7,16.1,16.3,48.8,24.5,73.1,PM10,SEDANG
2024-07-27,DKI1 (Bunderan HI),112.8,68.1,22.6,24.6,60.8,32.3,90.2,PM10,SEDANG
2024-07-27,DKI2 (Kelapa Gading),112.1,117.1,22.0,19.7,57.8,32.5,140.5,PM25,TIDAK SEHAT
2024-07-27,DKI3 (Jagakarsa),78.8,31.8,18.0,4.7,47.5,24.4,63.0,PM10,SEDANG
2024-07-27,DKI4 (Lubang Buaya),118.7,43.1,29.3,23.1,42.5,30.6,94.9,PM10,SEDANG
2024-07-27,DKI5 (Kebon Jeruk),93.7,84.8,25.5,19.2,55.3,31.3,101.7,PM25,TIDAK SEHAT
2024-07-28,DKI1 (Bunderan HI),114.1,82.1,15.7,37.6,46.3,25.7,98.5,PM25,SEDANG
2024-07-28,DKI2 (Kelapa Gading),88.1,57.7,18.2,16.3,19.1,32.1,70.5,PM10,SEDANG
2024-07-28,DKI3 (Jagakarsa),65.3,94.8,18.1,14.0,49.4,31.4,113.7,PM25,TIDAK SEHAT
2024-07-28,DKI4 (Lubang Buaya),107.9,56.8,16.3,18.1,52.3,16.0,86.3,PM10,SEDANG
2024-07-28,DKI5 (Kebon Jeruk),109.1,64.3,20.8,20.2,49.6,18.9,87.3,PM10,SEDANG
2024-07-29,DKI1 (Bunderan HI),131.7,72.2,28.5,22.4,55.2,28.7,105.4,PM10,TIDAK SEHAT
2024-07-29,DKI2 (Kelapa Gading),112.6,75.0,16.8,13.8,30.1,27.7,90.1,PM10,SEDANG
2024-07-29,DKI3 (Jagakarsa),104.8,54.6,16.6,12.7,73.3,27.4,83.9,PM10,SEDANG
2024-07-29,DKI4 (Lubang Buaya),114.0,60.2,20.9,17.6,40.5,32.4,91.2,PM10,SEDANG
2024-07-29,DKI5 (Kebon Jeruk),98.5,61.2,14.0,13.3,60.6,24.7,78.8,PM10,SEDANG
2024-07-30,DKI1 (Bunderan HI),108.9,58.7,12.7,27.9,35.4,14.2,87.1,PM10,SEDANG
2024-07-30,DKI2 (Kelapa Gading),73.1,123.0,17.2,19.3,38.5,21.0,147.6,PM25,TIDAK SEHAT
2024-07-30,DKI3 (Jagakarsa),147.7,87.2,9.0,18.5,76.8,23.9,118.2,PM10,TIDAK SEHAT
2024-07-30,DKI4 (Lubang Buaya),75.8,59.0,19.1,34.7,45.3,26.6,70.7,PM25,SEDANG
2024-07-30,DKI5 (Kebon Jeruk),80.7,62.5,21.3,14.3,61.6,37.8,74.9,PM25,SEDANG
2024-07-31,DKI1 (Bunderan HI),116.8,86.4,11.0,19.4,29.4,25.9,103.7,PM25,TIDAK SEHAT
2024-07-31,DKI2 (Kelapa Gading),117.2,62.9,18.0,27.3,50.5,29.5,93.8,PM10,SEDANG
2024-07-31,DKI3 (Jagakarsa),109.8,77.7,17.6,32.9,41.1,31.9,93.2,PM25,SEDANG
2024-07-31,DKI4 (Lubang Buaya),101.8,69.5,19.5,21.5,71.0,18.2,83.4,PM25,SEDANG
2024-07-31,DKI5 (Kebon Jeruk),129.1,87.2,21.3,29.7,38.7,25.7,104.6,PM25,TIDAK SEHAT
2024-08-01,DKI1 (Bunderan HI),118.7,62.6,16.4,24.8,42.0,31.1,95.0,PM10,SEDANG
2024-08-01,DKI2 (Kelapa Gading),124.1,56.9,15.9,14.9,51.0,22.7,99.3,PM10,SEDANG
2024-08-01,DKI3 (Jagakarsa),123.5,64.0,26.3,3.6,55.4,27.3,98.8,PM10,SEDANG
2024-08-01,DKI4 (Lubang Buaya),77.8,71.3,16.2,30.9,46.8,23.8,85.5,PM25,SEDANG
2024-08-01,DKI5 (Kebon Jeruk),111.0,33.5,23.2,17.6,49.1,20.2,88.8,PM10,SEDANG
2024-08-02,DKI1 (Bunderan HI),67.7,58.7,21.7,24.2,80.2,23.8,72.1,O3,SEDANG
2024-08-02,DKI2 (Kelapa Gading),104.0,79.2,18.7,22.4,42.0,29.0,95.1,PM25,SEDANG
2024-08-02,DKI3 (Jagakarsa),160.8,88.3,28.4,19.1,40.5,20.9,128.7,PM10,TIDAK SEHAT
2024-08-02,DKI4 (Lubang Buaya),81.6,100.2,18.8,10.1,52.3,28.0,120.2,PM25,TIDAK SEHAT
2024-08-02,DKI5 (Kebon Jeruk),103.4,60.3,20.4,14.0,52.9,9.8,82.7,PM10,SEDANG
2024-08-03,DKI1 (Bunderan HI),123.7,77.7,18.8,23.9,48.9,26.4,99.0,PM10,SEDANG
2024-08-03,DKI2 (Kelapa Gading),124.1,72.6,20.2,29.6,52.7,20.5,99.3,PM10,SEDANG
2024-08-03,DKI3 (Jagakarsa),99.9,49.1,14.3,24.5,46.5,32.8,79.9,PM10,SEDANG
2024-08-03,DKI4 (Lubang Buaya),56.4,63.2,17.9,22.7,49.3,15.0,75.9,PM25,SEDANG
2024-08-03,DKI5 (Kebon Jeruk),113.0,98.5,8.8,19.4,72.6,32.0,118.2,PM25,TIDAK SEHAT
2024-08-04,DKI1 (Bunderan HI),102.3,56.4,16.9,26.2,41.6,29.9,81.8,PM10,SEDANG
2024-08-04,DKI2 (Kelapa Gading),117.7,69.8,11.5,20.5,49.8,22.4,94.2,PM10,SEDANG
2024-08-04,DKI3 (Jagakarsa),102.7,34.5,15.9,18.5,67.3,28.7,82.1,PM10,SEDANG
2024-08-04,DKI4 (Lubang Buaya),115.8,80.8,17.3,26.4,50.8,26.5,97.0,PM25,SEDANG
2024-08-05,DKI1 (Bunderan HI),140.2,44.2,14.0,25.4,66.3,27.2,112.1,PM10,TIDAK SEHAT
2024-08-05,DKI2 (Kelapa Gading),130.5,58.8,20.5,19.5,54.8,27.6,104.4,PM10,TIDAK SEHAT
2024-08-05,DKI3 (Jagakarsa),115.1,84.8,18.1,26.9,37.3,27.3,101.7,PM25,TIDAK SEHAT
2024-08-05,DKI4 (Lubang Buaya),123.3,94.6,14.9,20.0,46.4,32.2,113.5,PM25,TIDAK SEHAT
2024-08-05,DKI5 (Kebon Jeruk),99.9,53.4,27.5,26.7,66.0,20.5,79.9,PM10,SEDANG
2024-08-06,DKI1 (Bunderan HI),84.6,90.4,19.8,26.4,68.7,30.0,108.4,PM25,TIDAK SEHAT
2024-08-06,DKI2 (Kelapa Gading),130.7,47.1,12.8,16.7,43.2,19.6,104.6,PM10,TIDAK SEHAT
2024-08-06,DKI3 (Jagakarsa),110.5,52.0,12.9,27.7,42.2,20.2,88.4,PM10,SEDANG
2024-08-06,DKI4 (Lubang Buaya),102.1,28.4,14.2,18.4,46.3,15.5,81.7,PM10,SEDANG
2024-08-06,DKI5 (Kebon Jeruk),90.6,89.4,15.0,21.9,67.8,19.0,107.3,PM25,TIDAK SEHAT
2024-08-07,DKI1 (Bunderan HI),95.6,93.5,15.9,30.5,41.8,20.9,112.2,PM25,TIDAK SEHAT
2024-08-07,DKI2 (Kelapa Gading),109.9,34.7,16.0,23.0,52.5,22.5,88.0,PM10,SEDANG
2024-08-07,DKI3 (Jagakarsa),163.5,46.6,28.1,28.8,59.4,20.0,130.8,PM10,TIDAK SEHAT
2024-08-07,DKI4 (Lubang Buaya),56.1,52.2,23.4,13.5,46.8,28.2,62.7,PM25,SEDANG
2024-08-07,DKI5 (Kebon Jeruk),82.8,40.2,14.7,22.4,72.0,31.2,66.2,PM10,SEDANG
2024-08-08,DKI1 (Bunderan HI),120.1,95.5,12.9,24.6,66.9,14.6,114.6,PM25,TIDAK SEHAT
2024-08-08,DKI2 (Kelapa Gading),98.7,74.0,16.1,19.9,64.6,34.6,88.8,PM25,SEDANG
2024-08-08,DKI3 (Jagakarsa),76.1,90.9,13.7,20.5,64.5,30.1,109.1,PM25,TIDAK SEHAT
2024-08-08,DKI4 (Lubang Buaya),73.8,94.0,15.8,27.6,67.4,28.6,112.8,PM25,TIDAK SEHAT
2024-08-08,DKI5 (Kebon Jeruk),96.5,59.9,16.8,12.0,53.6,21.9,77.2,PM10,SEDANG
2024-08-09,DKI1 (Bunderan HI),102.5,53.2,17.1,28.4,63.3,38.4,82.0,PM10,SEDANG
2024-08-09,DKI2 (Kelapa Gading),100.4,54.1,12.8,24.2,55.4,31.2,80.3,PM10,SEDANG
2024-08-09,DKI3 (Jagakarsa),69.1,53.7,15.2,21.1,49.8,27.5,64.4,PM25,SEDANG
2024-08-09,DKI4 (Lubang Buaya),158.3,40.7,14.5,15.9,44.7,37.5,126.6,PM10,TIDAK SEHAT
2024-08-09,DKI5 (Kebon Jeruk),147.6,52.2,15.2,5.5,54.3,18.4,118.1,PM10,TIDAK SEHAT
2024-08-10,DKI1 (Bunderan HI),95.6,71.3,16.6,18.2,65.8,27.1,85.5,PM25,SEDANG
2024-08-10,DKI3 (Jagakarsa),144.3,51.7,25.5,31.7,49.8,18.7,115.4,PM10,TIDAK SEHAT
2024-08-10,DKI4 (Lubang Buaya),110.5,58.5,28.6,22.6,59.3,30.1,88.4,PM10,SEDANG
2024-08-10,DKI5 (Kebon Jeruk),123.2,43.5,17.7,26.0,64.0,12.6,98.5,PM10,SEDANG
2024-08-11,DKI1 (Bunderan HI),118.4,64.1,19.0,25.0,60.1,25.8,94.7,PM10,SEDANG
2024-08-11,DKI2 (Kelapa Gading),102.8,32.8,13.3,17.4,52.3,15.0,82.2,PM10,SEDANG
2024-08-11,DKI3 (Jagakarsa),95.8,84.2,26.4,19.1,37.2,21.0,101.0,PM25,TIDAK SEHAT
2024-08-11,DKI4 (Lubang Buaya),123.4,41.6,17.3,20.8,44.0,16.1,98.7,PM10,SEDANG
2024-08-11,DKI5 (Kebon Jeruk),144.3,83.4,19.7,19.7,75.1,26.4,115.4,PM10,TIDAK SEHAT
2024-08-12,DKI1 (Bunderan HI),91.8,62.6,15.0,22.1,50.3,22.6,75.2,PM25,SEDANG
2024-08-12,DKI2 (Kelapa Gading),129.8,84.5,22.0,20.8,54.5,18.4,103.8,PM10,TIDAK SEHAT
2024-08-12,DKI3 (Jagakarsa),73.3,37.5,14.3,19.7,48.0,14.2,58.7,PM10,SEDANG
2024-08-12,DKI4 (Lubang Buaya),148.5,69.6,6.7,23.3,64.0,22.9,118.8,PM10,TIDAK SEHAT
2024-08-12,DKI5 (Kebon Jeruk),107.3,61.2,19.1,17.0,66.6,21.4,85.8,PM10,SEDANG
2024-08-13,DKI1 (Bunderan HI),84.0,86.3,21.0,24.9,58.1,25.8,103.6,PM25,TIDAK SEHAT
2024-08-13,DKI2 (Kelapa Gading),142.2,62.0,13.5,13.7,51.4,23.8,113.8,PM10,TIDAK SEHAT
2024-08-13,DKI3 (Jagakarsa),128.0,43.7,14.3,19.5,75.1,17.3,102.4,PM10,TIDAK SEHAT
2024-08-13,DKI4 (Lubang Buaya),102.6,77.8,20.6,20.3,51.4,30.3,93.4,PM25,SEDANG
2024-08-13,DKI5 (Kebon Jeruk),126.0,70.6,20.1,24.1,55.6,18.4,100.8,PM10,TIDAK SEHAT
2024-08-14,DKI1 (Bunderan HI),115.7,33.8,15.2,22.6,56.0,21.9,92.6,PM10,SEDANG
2024-08-14,DKI2 (Kelapa Gading),133.2,57.6,16.8,12.4,66.5,12.8,106.6,PM10,TIDAK SEHAT
2024-08-14,DKI3 (Jagakarsa),134.1,62.3,27.8,12.3,59.6,32.2,107.3,PM10,TIDAK SEHAT
2024-08-14,DKI4 (Lubang Buaya),145.3,82.8,17.0,21.4,40.9,27.8,116.2,PM10,TIDAK SEHAT
2024-08-14,DKI5 (Kebon Jeruk),122.5,65.0,16.5,15.5,65.3,21.6,98.0,PM10,SEDANG
2024-08-15,DKI1 (Bunderan HI),130.3,51.4,18.0,12.1,55.5,17.7,104.3,PM10,TIDAK SEHAT
2024-08-15,DKI3 (Jagakarsa),81.2,93.8,29.8,25.5,43.9,38.1,112.6,PM25,TIDAK SEHAT
2024-08-15,DKI4 (Lubang Buaya),120.5,87.3,14.6,11.7,57.9,30.0,104.8,PM25,TIDAK SEHAT
2024-08-15,DKI5 (Kebon Jeruk),111.5,44.2,21.1,17.0,51.0,30.8,89.2,PM10,SEDANG
2024-08-16,DKI1 (Bunderan HI),102.0,54.0,16.7,32.2,41.1,32.5,81.6,PM10,SEDANG
2024-08-16,DKI2 (Kelapa Gading),119.7,77.1,19.7,29.7,38.5,26.3,95.7,PM10,SEDANG
2024-08-16,DKI3 (Jagakarsa),113.6,59.2,20.3,20.7,55.8,24.5,90.9,PM10,SEDANG
2024-08-16,DKI4 (Lubang Buaya),111.6,54.6,17.9,36.7,48.1,31.6,89.3,PM10,SEDANG
2024-08-16,DKI5 (Kebon Jeruk),125.5,62.0,20.7,22.3,57.9,29.3,100.4,PM10,TIDAK SEHAT
2024-08-17,DKI1 (Bunderan HI),120.0,57.0,21.2,22.8,52.3,24.5,96.0,PM10,SEDANG
2024-08-17,DKI2 (Kelapa Gading),133.8,48.6,10.8,20.2,45.2,25.5,107.0,PM10,TIDAK SEHAT
2024-08-17,DKI3 (Jagakarsa),76.4,48.5,24.6,24.2,57.5,26.5,61.1,PM10,SEDANG
2024-08-17,DKI4 (Lubang Buaya),109.8,69.7,8.9,30.6,53.5,23.1,87.9,PM10,SEDANG
2024-08-17,DKI5 (Kebon Jeruk),127.7,99.3,14.7,21.6,51.1,27.1,119.2,PM25,TIDAK SEHAT
2024-08-18,DKI1 (Bunderan HI),123.4,84.3,8.4,29.6,61.8,27.8,101.2,PM25,TIDAK SEHAT
2024-08-18,DKI2 (Kelapa Gading),89.4,46.6,16.7,23.0,40.6,29.0,71.5,PM10,SEDANG
2024-08-18,DKI3 (Jagakarsa),156.2,47.3,17.3,13.0,52.6,11.2,125.0,PM10,TIDAK SEHAT
2024-08-18,DKI4 (Lubang Buaya),100.2,31.0,27.7,10.9,49.4,31.3,80.2,PM10,SEDANG
2024-08-18,DKI5 (Kebon Jeruk),127.8,88.1,20.6,27.6,57.7,19.3,105.7,PM25,TIDAK SEHAT
2024-08-19,DKI1 (Bunderan HI),83.3,85.9,16.0,24.7,46.9,19.1,103.1,PM25,TIDAK SEHAT
2024-08-19,DKI2 (Kelapa Gading),104.7,77.5,17.4,17.4,71.0,22.3,93.0,PM25,SEDANG
2024-08-19,DKI3 (Jagakarsa),127.0,66.3,20.8,22.7,60.8,25.8,101.6,PM10,TIDAK SEHAT
2024-08-19,DKI4 (Lubang Buaya),120.9,29.4,23.4,21.7,57.7,15.0,96.7,PM10,SEDANG
2024-08-19,DKI5 (Kebon Jeruk),133.0,87.9,14.9,22.9,28.8,20.8,106.4,PM10,TIDAK SEHAT
2024-08-20,DKI1 (Bunderan HI),84.0,93.8,18.7,34.2,52.8,19.3,112.6,PM25,TIDAK SEHAT
2024-08-20,DKI2 (Kelapa Gading),96.7,35.0,25.9,17.2,43.7,7.1,77.3,PM10,SEDANG
2024-08-20,DKI3 (Jagakarsa),117.9,84.0,19.6,19.2,56.7,27.9,100.8,PM25,TIDAK SEHAT
2024-08-20,DKI4 (Lubang Buaya),109.8,52.5,20.5,22.4,43.7,34.7,87.9,PM10,SEDANG
2024-08-20,DKI5 (Kebon Jeruk),96.7,49.8,9.7,30.1,75.1,24.0,77.4,PM10,SEDANG
2024-08-21,DKI1 (Bunderan HI),123.0,74.0,11.3,26.7,58.8,21.6,98.4,PM10,SEDANG
2024-08-21,DKI2 (Kelapa Gading),77.4,95.4,14.7,18.0,29.9,27.7,114.5,PM25,TIDAK SEHAT
2024-08-21,DKI3 (Jagakarsa),117.8,65.2,14.9,23.0,61.5,18.9,94.2,PM10,SEDANG
2024-08-21,DKI4 (Lubang Buaya),80.9,56.8,18.8,20.1,29.7,13.9,68.2,PM25,SEDANG
2024-08-21,DKI5 (Kebon Jeruk),106.8,70.8,13.6,12.4,48.2,18.1,85.5,PM10,SEDANG
2024-08-22,DKI1 (Bunderan HI),129.3,78.0,29.0,13.7,41.8,25.6,103.5,PM10,TIDAK SEHAT
2024-08-22,DKI2 (Kelapa Gading),100.2,64.2,16.3,19.2,50.9,21.5,80.1,PM10,SEDANG
2024-08-22,DKI3 (Jagakarsa),76.6,45.7,14.5,14.8,62.0,6.3,61.3,PM10,SEDANG
2024-08-22,DKI4 (Lubang Buaya),172.6,53.6,21.1,25.9,32.7,28.8,138.1,PM10,TIDAK SEHAT
2024-08-22,DKI5 (Kebon Jeruk),154.1,109.8,12.1,23.8,63.9,21.7,131.8,PM25,TIDAK SEHAT
2024-08-23,DKI1 (Bunderan HI),95.6,76.1,20.1,29.4,18.3,21.7,91.3,PM25,SEDANG
2024-08-23,DKI2 (Kelapa Gading),80.6,75.2,18.8,26.0,47.0,22.4,90.2,PM25,SEDANG
2024-08-23,DKI3 (Jagakarsa),114.0,71.1,12.5,20.5,41.1,26.1,91.2,PM10,SEDANG
2024-08-23,DKI4 (Lubang Buaya),128.0,60.0,23.1,26.8,63.5,16.9,102.4,PM10,TIDAK SEHAT
2024-08-23,DKI5 (Kebon Jeruk),112.1,85.1,18.6,30.6,59.0,20.1,102.1,PM25,TIDAK SEHAT
2024-08-24,DKI1 (Bunderan HI),82.4,103.4,8.6,13.0,66.7,27.7,124.1,PM25,TIDAK SEHAT
2024-08-24,DKI3 (Jagakarsa),92.2,100.5,17.1,20.1,58.4,28.4,120.6,PM25,TIDAK SEHAT
2024-08-24,DKI4 (Lubang Buaya),123.2,65.7,21.1,11.0,23.2,24.7,98.5,PM10,SEDANG
2024-08-24,DKI5 (Kebon Jeruk),86.5,58.7,16.6,21.6,72.3,17.1,70.4,PM25,SEDANG
2024-08-25,DKI1 (Bunderan HI),94.9,58.2,10.6,20.5,58.1,30.9,75.9,PM10,SEDANG
2024-08-25,DKI2 (Kelapa Gading),55.5,22.4,17.4,17.2,64.6,23.5,58.2,O3,SEDANG
2024-08-25,DKI3 (Jagakarsa),115.4,40.7,16.2,26.8,58.4,10.3,92.3,PM10,SEDANG
2024-08-25,DKI4 (Lubang Buaya),100.8,114.3,23.7,13.1,44.7,22.2,137.1,PM25,TIDAK SEHAT
2024-08-25,DKI5 (Kebon Jeruk),100.4,74.4,18.9,22.0,53.3,12.5,89.3,PM25,SEDANG
2024-08-26,DKI1 (Bunderan HI),123.6,70.7,15.7,22.3,30.3,23.2,98.9,PM10,SEDANG
2024-08-26,DKI2 (Kelapa Gading),84.5,83.5,19.0,14.1,62.2,17.0,100.2,PM25,TIDAK SEHAT
2024-08-26,DKI3 (Jagakarsa),138.9,86.4,14.1,25.4,46.6,23.9,111.1,PM10,TIDAK SEHAT
2024-08-26,DKI4 (Lubang Buaya),139.3,95.7,17.8,6.5,62.4,38.2,114.9,PM25,TIDAK SEHAT
2024-08-26,DKI5 (Kebon Jeruk),58.7,55.7,12.6,20.1,74.7,25.3,67.3,O3,SEDANG
2024-08-27,DKI1 (Bunderan HI),79.4,70.8,11.4,16.4,47.5,25.4,84.9,PM25,SEDANG
2024-08-27,DKI2 (Kelapa Gading),157.6,44.2,20.1,26.0,61.7,26.9,126.0,PM10,TIDAK SEHAT
2024-08-27,DKI3 (Jagakarsa),121.5,71.6,20.0,18.2,65.4,29.2,97.2,PM10,SEDANG
2024-08-27,DKI4 (Lubang Buaya),112.3,65.4,11.8,24.7,69.2,30.1,89.8,PM10,SEDANG
2024-08-27,DKI5 (Kebon Jeruk),96.2,71.8,18.3,30.9,67.5,23.4,86.2,PM25,SEDANG
2024-08-28,DKI1 (Bunderan HI),103.1,53.0,23.7,20.4,61.9,26.9,82.5,PM10,SEDANG
2024-08-28,DKI2 (Kelapa Gading),114.6,56.5,16.9,25.6,45.0,20.6,91.7,PM10,SEDANG
2024-08-28,DKI3 (Jagakarsa),90.5,66.0,16.5,16.5,62.2,19.9,79.2,PM25,SEDANG
2024-08-28,DKI4 (Lubang Buaya),110.3,45.5,9.9,17.6,31.1,34.0,88.3,PM10,SEDANG
2024-08-28,DKI5 (Kebon Jeruk),143.8,65.2,22.8,10.1,54.5,35.2,115.1,PM10,TIDAK SEHAT
2024-08-29,DKI1 (Bunderan HI),126.8,66.6,14.5,25.8,83.2,22.7,101.5,PM10,TIDAK SEHAT
2024-08-29,DKI2 (Kelapa Gading),136.1,31.6,19.7,17.7,83.6,17.2,108.9,PM10,TIDAK SEHAT
2024-08-29,DKI3 (Jagakarsa),124.7,96.4,14.1,26.7,82.1,30.1,115.6,PM25,TIDAK SEHAT
2024-08-29,DKI4 (Lubang Buaya),136.2,81.8,17.0,27.2,80.2,18.7,108.9,PM10,TIDAK SEHAT
2024-08-29,DKI5 (Kebon Jeruk),96.0,52.3,13.5,22.3,68.8,10.8,76.8,PM10,SEDANG
2024-08-30,DKI1 (Bunderan HI),99.4,73.5,30.8,29.7,56.7,30.7,88.2,PM25,SEDANG
2024-08-30,DKI2 (Kelapa Gading),118.6,43.3,14.6,9.5,62.1,17.5,94.9,PM10,SEDANG
2024-08-30,DKI3 (Jagakarsa),94.4,48.6,18.0,22.6,53.7,33.6,75.5,PM10,SEDANG
2024-08-30,DKI4 (Lubang Buaya),96.0,81.7,32.2,26.1,58.2,18.6,98.1,PM25,SEDANG
2024-08-30,DKI5 (Kebon Jeruk),107.6,93.6,19.5,24.0,49.7,31.0,112.4,PM25,TIDAK SEHAT
2024-08-31,DKI2 (Kelapa Gading),72.2,68.9,12.8,24.6,34.3,32.8,82.6,PM25,SEDANG
2024-08-31,DKI3 (Jagakarsa),100.4,58.1,12.6,21.1,47.5,27.5,80.3,PM10,SEDANG
2024-08-31,DKI4 (Lubang Buaya),137.6,81.1,5.9,24.8,59.0,12.0,110.1,PM10,TIDAK SEHAT
2024-08-31,DKI5 (Kebon Jeruk),128.6,86.3,10.7,13.0,63.4,29.7,103.6,PM25,TIDAK SEHAT
2024-09-01,DKI1 (Bunderan HI),118.3,86.3,13.6,12.3,59.6,35.9,103.5,PM25,TIDAK SEHAT
2024-09-01,DKI2 (Kelapa Gading),85.8,35.2,18.4,27.6,57.1,30.8,68.7,PM10,SEDANG
2024-09-01,DKI3 (Jagakarsa),121.0,67.3,17.6,16.9,58.1,21.0,96.8,PM10,SEDANG
2024-09-01,DKI4 (Lubang Buaya),64.7,89.1,13.0,19.9,64.9,18.8,106.9,PM25,TIDAK SEHAT
2024-09-01,DKI5 (Kebon Jeruk),117.9,72.7,10.7,9.1,42.9,29.0,94.3,PM10,SEDANG
2024-09-02,DKI1 (Bunderan HI),123.1,32.4,26.2,36.5,63.2,28.6,98.5,PM10,SEDANG
2024-09-02,DKI2 (Kelapa Gading),56.1,83.0,21.5,24.3,50.3,25.1,99.6,PM25,SEDANG
2024-09-02,DKI3 (Jagakarsa),105.7,82.2,23.1,21.0,58.7,26.5,98.7,PM25,SEDANG
2024-09-02,DKI4 (Lubang Buaya),108.6,55.0,20.2,25.1,54.0,26.2,86.9,PM10,SEDANG
2024-09-02,DKI5 (Kebon Jeruk),99.4,64.3,18.0,15.2,47.9,35.6,79.5,PM10,SEDANG
2024-09-03,DKI1 (Bunderan HI),134.3,67.5,18.1,15.6,42.0,2.9,107.4,PM10,TIDAK SEHAT
2024-09-03,DKI2 (Kelapa Gading),78.8,85.1,8.3,18.4,52.9,26.2,102.1,PM25,TIDAK SEHAT
2024-09-03,DKI3 (Jagakarsa),90.4,56.2,10.3,18.0,38.6,22.9,72.3,PM10,SEDANG
2024-09-03,DKI4 (Lubang Buaya),110.4,70.7,24.6,29.2,64.9,19.4,88.3,PM10,SEDANG
2024-09-03,DKI5 (Kebon Jeruk),87.7,53.4,31.3,22.7,65.5,27.5,70.2,PM10,SEDANG
2024-09-04,DKI1 (Bunderan HI),100.3,85.9,12.9,16.9,44.2,31.0,103.1,PM25,TIDAK SEHAT
2024-09-04,DKI2 (Kelapa Gading),138.7,63.0,12.8,10.6,43.1,17.4,110.9,PM10,TIDAK SEHAT
2024-09-04,DKI3 (Jagakarsa),103.7,83.4,17.1,14.2,39.3,26.8,100.0,PM25,TIDAK SEHAT
2024-09-04,DKI4 (Lubang Buaya),116.8,82.1,16.3,19.5,66.6,37.5,98.5,PM25,SEDANG
2024-09-04,DKI5 (Kebon Jeruk),133.3,67.8,10.2,24.3,57.0,16.4,106.6,PM10,TIDAK SEHAT
2024-09-05,DKI1 (Bunderan HI),98.2,83.3,13.0,23.4,35.4,20.7,99.9,PM25,SEDANG
2024-09-05,DKI3 (Jagakarsa),117.8,89.0,8.8,15.4,40.7,17.5,106.8,PM25,TIDAK SEHAT
2024-09-05,DKI4 (Lubang Buaya),85.9,63.4,15.3,21.1,45.3,36.7,76.1,PM25,SEDANG
2024-09-05,DKI5 (Kebon Jeruk),136.6,66.5,14.3,18.1,51.3,27.2,109.2,PM10,TIDAK SEHAT
2024-09-06,DKI2 (Kelapa Gading),93.3,66.6,20.8,29.1,55.0,32.2,79.9,PM25,SEDANG
2024-09-06,DKI3 (Jagakarsa),102.4,40.0,15.4,19.9,65.2,21.4,81.9,PM10,SEDANG
2024-09-06,DKI4 (Lubang Buaya),97.3,58.6,26.1,24.1,56.0,18.5,77.9,PM10,SEDANG
2024-09-06,DKI5 (Kebon Jeruk),104.5,28.2,21.8,16.6,29.5,20.6,83.6,PM10,SEDANG
2024-09-07,DKI1 (Bunderan HI),152.9,76.6,19.1,20.4,34.8,26.1,122.3,PM10,TIDAK SEHAT
2024-09-07,DKI2 (Kelapa Gading),91.4,69.7,29.0,19.2,30.7,22.8,83.6,PM25,SEDANG
2024-09-07,DKI3 (Jagakarsa),89.8,50.5,22.3,23.7,63.6,11.6,71.9,PM10,SEDANG
2024-09-07,DKI4 (Lubang Buaya),108.0,85.9,14.4,12.9,29.9,12.2,103.0,PM25,TIDAK SEHAT
2024-09-07,DKI5 (Kebon Jeruk),114.7,50.2,20.1,22.0,51.7,25.8,91.8,PM10,SEDANG
2024-09-08,DKI2 (Kelapa Gading),108.9,98.1,24.7,15.5,63.6,23.1,117.7,PM25,TIDAK SEHAT
2024-09-08,DKI3 (Jagakarsa),133.6,61.6,17.1,15.4,55.0,26.3,106.9,PM10,TIDAK SEHAT
2024-09-08,DKI4 (Lubang Buaya),89.6,45.4,18.5,24.6,67.7,19.2,71.7,PM10,SEDANG
2024-09-09,DKI1 (Bunderan HI),116.0,92.9,21.9,25.7,74.0,21.9,111.4,PM25,TIDAK SEHAT
2024-09-09,DKI2 (Kelapa Gading),107.7,37.5,18.3,13.0,54.0,17.9,86.2,PM10,SEDANG
2024-09-09,DKI3 (Jagakarsa),102.0,53.3,19.8,27.0,41.2,20.4,81.6,PM10,SEDANG
2024-09-09,DKI4 (Lubang Buaya),149.4,59.0,22.5,19.3,38.8,13.3,119.5,PM10,TIDAK SEHAT
2024-09-09,DKI5 (Kebon Jeruk),105.5,87.3,16.0,17.3,39.2,32.9,104.8,PM25,TIDAK SEHAT
2024-09-10,DKI1 (Bunderan HI),63.0,76.6,19.4,23.8,61.1,16.2,91.9,PM25,SEDANG
2024-09-10,DKI2 (Kelapa Gading),102.9,53.7,21.1,22.2,46.2,33.0,82.3,PM10,SEDANG
2024-09-10,DKI3 (Jagakarsa),109.9,89.4,17.8,25.9,45.3,10.8,107.3,PM25,TIDAK SEHAT
2024-09-10,DKI4 (Lubang Buaya),114.6,62.2,14.9,23.2,70.9,21.7,91.7,PM10,SEDANG
2024-09-10,DKI5 (Kebon Jeruk),74.8,72.0,11.6,21.8,47.3,25.8,86.4,PM25,SEDANG
2024-09-11,DKI1 (Bunderan HI),121.4,72.6,17.4,13.6,55.6,25.1,97.1,PM10,SEDANG
2024-09-11,DKI2 (Kelapa Gading),95.2,67.1,17.0,15.1,60.0,14.7,80.5,PM25,SEDANG
2024-09-11,DKI3 (Jagakarsa),110.7,69.3,16.2,22.2,58.2,32.3,88.6,PM10,SEDANG
2024-09-11,DKI4 (Lubang Buaya),127.4,49.5,22.5,30.0,53.2,40.1,101.9,PM10,TIDAK SEHAT
2024-09-11,DKI5 (Kebon Jeruk),97.2,65.8,18.9,25.3,65.6,37.8,79.0,PM25,SEDANG
2024-09-12,DKI1 (Bunderan HI),135.1,60.3,19.5,23.9,70.0,34.2,108.1,PM10,TIDAK SEHAT
2024-09-12,DKI2 (Kelapa Gading),98.4,65.3,11.5,25.6,46.4,17.9,78.7,PM10,SEDANG
2024-09-12,DKI3 (Jagakarsa),82.0,56.8,18.2,22.2,48.0,23.4,68.2,PM25,SEDANG
2024-09-12,DKI4 (Lubang Buaya),98.6,84.9,24.7,25.5,71.4,30.4,101.9,PM25,TIDAK SEHAT
2024-09-12,DKI5 (Kebon Jeruk),92.7,65.3,20.5,33.9,57.3,26.2,78.4,PM25,SEDANG
2024-09-13,DKI1 (Bunderan HI),88.9,35.9,13.7,16.8,61.2,25.8,71.1,PM10,SEDANG
2024-09-13,DKI2 (Kelapa Gading),98.8,75.8,17.7,26.1,41.5,19.9,91.0,PM25,SEDANG
2024-09-13,DKI3 (Jagakarsa),92.8,101.8,9.7,22.1,45.2,26.6,122.2,PM25,TIDAK SEHAT
2024-09-13,DKI4 (Lubang Buaya),114.5,82.4,11.8,20.8,33.5,27.4,98.8,PM25,SEDANG
2024-09-13,DKI5 (Kebon Jeruk),110.3,89.2,16.4,26.2,62.1,22.5,107.0,PM25,TIDAK SEHAT
2024-09-14,DKI1 (Bunderan HI),85.1,55.0,15.3,6.3,53.0,29.2,68.1,PM10,SEDANG
2024-09-14,DKI2 (Kelapa Gading),104.6,62.6,10.9,18.9,69.3,17.2,83.7,PM10,SEDANG
2024-09-14,DKI3 (Jagakarsa),69.3,87.5,16.7,21.9,78.5,27.1,105.0,PM25,TIDAK SEHAT
2024-09-14,DKI4 (Lubang Buaya),124.2,42.8,24.4,14.7,27.5,27.4,99.4,PM10,SEDANG
2024-09-14,DKI5 (Kebon Jeruk),112.2,75.7,13.8,17.6,44.0,35.4,90.9,PM25,SEDANG
2024-09-15,DKI1 (Bunderan HI),84.5,52.9,17.8,14.7,49.2,9.5,67.6,PM10,SEDANG
2024-09-15,DKI2 (Kelapa Gading),96.8,16.4,17.0,14.1,39.5,20.2,77.4,PM10,SEDANG
2024-09-15,DKI3 (Jagakarsa),88.5,87.7,13.2,23.5,33.4,21.6,105.3,PM25,TIDAK SEHAT
2024-09-15,DKI4 (Lubang Buaya),97.6,72.8,18.5,19.3,53.0,31.9,87.3,PM25,SEDANG
2024-09-15,DKI5 (Kebon Jeruk),88.0,63.6,17.7,30.1,63.1,19.7,76.3,PM25,SEDANG
2024-09-16,DKI1 (Bunderan HI),80.4,63.5,11.7,26.0,72.9,24.4,76.2,PM25,SEDANG
2024-09-16,DKI2 (Kelapa Gading),114.2,82.8,17.5,27.0,42.7,35.5,99.4,PM25,SEDANG
2024-09-16,DKI3 (Jagakarsa),131.9,84.9,23.8,22.8,57.3,12.3,105.5,PM10,TIDAK SEHAT
2024-09-16,DKI4 (Lubang Buaya),118.2,69.8,18.1,28.4,39.0,24.4,94.6,PM10,SEDANG
2024-09-16,DKI5 (Kebon Jeruk),98.7,79.4,22.4,30.6,59.4,22.7,95.2,PM25,SEDANG
2024-09-17,DKI1 (Bunderan HI),132.9,65.8,14.6,18.4,49.1,41.8,106.3,PM10,TIDAK SEHAT
2024-09-17,DKI2 (Kelapa Gading),149.1,48.9,24.4,25.0,42.2,16.7,119.3,PM10,TIDAK SEHAT
2024-09-17,DKI3 (Jagakarsa),121.4,32.0,28.8,21.9,74.5,16.0,97.2,PM10,SEDANG
2024-09-17,DKI4 (Lubang Buaya),130.9,87.2,20.0,32.0,53.7,28.8,104.7,PM10,TIDAK SEHAT
2024-09-17,DKI5 (Kebon Jeruk),97.8,77.0,20.7,29.0,57.8,30.1,92.4,PM25,SEDANG
2024-09-18,DKI1 (Bunderan HI),82.2,81.2,21.1,22.1,27.8,34.3,97.5,PM25,SEDANG
2024-09-18,DKI2 (Kelapa Gading),101.1,44.0,16.4,17.7,52.8,18.8,80.9,PM10,SEDANG
2024-09-18,DKI3 (Jagakarsa),130.5,59.5,19.1,14.7,82.2,21.7,104.4,PM10,TIDAK SEHAT
2024-09-18,DKI4 (Lubang Buaya),113.1,55.9,22.1,30.0,62.5,33.8,90.5,PM10,SEDANG
2024-09-18,DKI5 (Kebon Jeruk),122.9,79.9,19.5,23.8,66.3,30.7,98.3,PM10,SEDANG
2024-09-19,DKI1 (Bunderan HI),80.4,87.1,21.9,17.9,49.3,33.3,104.5,PM25,TIDAK SEHAT
2024-09-19,DKI2 (Kelapa Gading),142.9,58.9,23.4,21.8,62.1,31.8,114.3,PM10,TIDAK SEHAT
2024-09-19,DKI3 (Jagakarsa),120.2,89.7,24.8,25.3,50.1,35.3,107.7,PM25,TIDAK SEHAT
2024-09-19,DKI4 (Lubang Buaya),62.1,62.6,18.4,16.4,57.4,28.7,75.1,PM25,SEDANG
2024-09-19,DKI5 (Kebon Jeruk),118.6,57.6,18.5,13.1,54.3,33.5,94.9,PM10,SEDANG
2024-09-20,DKI1 (Bunderan HI),125.0,72.3,21.2,22.7,62.0,26.4,100.0,PM10,SEDANG
2024-09-20,DKI2 (Kelapa Gading),123.8,44.9,15.6,20.0,43.5,29.9,99.0,PM10,SEDANG
2024-09-20,DKI3 (Jagakarsa),113.0,46.9,18.9,15.8,50.0,25.4,90.4,PM10,SEDANG
2024-09-20,DKI4 (Lubang Buaya),135.4,93.1,20.9,16.3,49.0,37.2,111.8,PM25,TIDAK SEHAT
2024-09-20,DKI5 (Kebon Jeruk),59.6,38.0,22.5,19.2,69.5,18.4,62.6,O3,SEDANG
2024-09-21,DKI1 (Bunderan HI),105.7,81.0,15.1,15.9,35.7,19.2,97.2,PM25,SEDANG
2024-09-21,DKI2 (Kelapa Gading),136.4,71.0,24.7,24.2,57.8,17.3,109.1,PM10,TIDAK SEHAT
2024-09-21,DKI3 (Jagakarsa),81.4,76.5,11.4,27.7,57.6,32.2,91.8,PM25,SEDANG
2024-09-21,DKI4 (Lubang Buaya),102.2,48.2,23.6,22.0,52.8,34.7,81.7,PM10,SEDANG
2024-09-21,DKI5 (Kebon Jeruk),189.5,30.5,15.9,19.3,38.4,27.8,151.6,PM10,TIDAK SEHAT
2024-09-22,DKI1 (Bunderan HI),89.2,59.1,14.0,20.1,31.1,12.6,71.4,PM10,SEDANG
2024-09-22,DKI2 (Kelapa Gading),54.3,68.7,25.9,25.1,58.1,22.8,82.4,PM25,SEDANG
2024-09-22,DKI3 (Jagakarsa),115.1,71.6,15.7,14.2,71.7,14.4,92.1,PM10,SEDANG
2024-09-22,DKI4 (Lubang Buaya),77.7,66.7,20.6,24.3,65.7,25.2,80.0,PM25,SEDANG
2024-09-22,DKI5 (Kebon Jeruk),136.1,46.9,25.9,13.7,38.5,23.1,108.9,PM10,TIDAK SEHAT
2024-09-23,DKI1 (Bunderan HI),122.0,82.3,9.8,22.7,46.3,20.5,98.8,PM25,SEDANG
2024-09-23,DKI3 (Jagakarsa),161.8,77.6,15.3,22.9,30.5,16.9,129.4,PM10,TIDAK SEHAT
2024-09-23,DKI4 (Lubang Buaya),98.9,65.1,17.4,24.4,52.6,25.8,79.1,PM10,SEDANG
2024-09-23,DKI5 (Kebon Jeruk),100.3,60.7,20.5,18.4,64.7,24.9,80.2,PM10,SEDANG
2024-09-24,DKI2 (Kelapa Gading),110.1,106.9,12.6,30.6,51.3,23.7,128.3,PM25,TIDAK SEHAT
2024-09-24,DKI3 (Jagakarsa),115.1,67.0,16.0,18.9,70.1,21.4,92.1,PM10,SEDANG
2024-09-24,DKI4 (Lubang Buaya),110.8,25.7,20.3,24.6,41.4,36.0,88.6,PM10,SEDANG
2024-09-24,DKI5 (Kebon Jeruk),110.0,80.8,12.8,25.7,47.1,20.8,96.9,PM25,SEDANG
2024-09-25,DKI1 (Bunderan HI),91.5,71.9,23.3,26.9,49.9,16.3,86.2,PM25,SEDANG
2024-09-25,DKI2 (Kelapa Gading),80.6,71.6,13.2,20.5,65.5,17.4,85.9,PM25,SEDANG
2024-09-25,DKI3 (Jagakarsa),148.7,78.4,16.3,23.8,62.7,31.5,119.0,PM10,TIDAK SEHAT
2024-09-25,DKI4 (Lubang Buaya),66.9,71.0,14.8,30.0,51.3,29.8,85.2,PM25,SEDANG
2024-09-25,DKI5 (Kebon Jeruk),155.4,39.4,19.3,30.2,62.3,34.7,124.3,PM10,TIDAK SEHAT
2024-09-26,DKI1 (Bunderan HI),106.0,82.2,27.6,23.8,80.6,23.1,98.6,PM25,SEDANG
2024-09-26,DKI2 (Kelapa Gading),110.1,62.2,22.3,18.6,63.5,17.7,88.0,PM10,SEDANG
2024-09-26,DKI3 (Jagakarsa),128.8,74.9,22.8,9.4,46.7,33.9,103.1,PM10,TIDAK SEHAT
2024-09-26,DKI4 (Lubang Buaya),74.7,70.6,20.0,20.6,56.2,16.5,84.7,PM25,SEDANG
2024-09-26,DKI5 (Kebon Jeruk),112.1,61.0,21.9,28.2,49.4,27.8,89.7,PM10,SEDANG
2024-09-27,DKI1 (Bunderan HI),110.8,46.3,16.4,16.9,59.3,17.4,88.7,PM10,SEDANG
2024-09-27,DKI2 (Kelapa Gading),110.7,79.0,13.4,29.6,74.1,16.4,94.8,PM25,SEDANG
2024-09-27,DKI3 (Jagakarsa),98.5,54.8,18.8,17.6,65.9,20.2,78.8,PM10,SEDANG
2024-09-27,DKI4 (Lubang Buaya),130.9,57.0,24.3,26.5,47.8,28.5,104.8,PM10,TIDAK SEHAT
2024-09-27,DKI5 (Kebon Jeruk),84.4,81.3,16.6,21.2,46.7,31.2,97.6,PM25,SEDANG
2024-09-28,DKI1 (Bunderan HI),135.8,51.3,10.7,17.7,56.3,16.0,108.6,PM10,TIDAK SEHAT
2024-09-28,DKI3 (Jagakarsa),79.3,47.2,11.8,24.8,53.3,32.5,63.4,PM10,SEDANG
2024-09-28,DKI4 (Lubang Buaya),79.7,55.0,23.6,21.8,61.8,20.6,66.1,PM25,SEDANG
2024-09-28,DKI5 (Kebon Jeruk),108.5,26.5,24.9,26.3,30.6,22.9,86.8,PM10,SEDANG
2024-09-29,DKI1 (Bunderan HI),124.4,74.5,19.4,25.7,52.2,21.0,99.5,PM10,SEDANG
2024-09-29,DKI2 (Kelapa Gading),119.1,56.3,20.9,22.4,60.0,30.1,95.3,PM10,SEDANG
2024-09-29,DKI3 (Jagakarsa),145.7,67.7,15.9,19.8,63.9,23.2,116.5,PM10,TIDAK SEHAT
2024-09-29,DKI4 (Lubang Buaya),127.6,67.8,24.8,23.5,46.1,33.2,102.1,PM10,TIDAK SEHAT
2024-09-29,DKI5 (Kebon Jeruk),92.6,52.3,20.7,16.6,57.3,24.8,74.1,PM10,SEDANG
2024-09-30,DKI1 (Bunderan HI),116.7,105.4,21.0,20.6,89.0,30.6,126.5,PM25,TIDAK SEHAT
2024-09-30,DKI2 (Kelapa Gading),101.4,95.3,8.8,21.3,49.9,24.9,114.3,PM25,TIDAK SEHAT
2024-09-30,DKI3 (Jagakarsa),114.8,60.9,22.7,28.8,39.3,14.8,91.8,PM10,SEDANG
2024-09-30,DKI4 (Lubang Buaya),150.2,59.4,9.9,20.8,59.1,28.5,120.2,PM10,TIDAK SEHAT
2024-09-30,DKI5 (Kebon Jeruk),122.3,65.6,11.3,21.7,62.2,32.0,97.8,PM10,SEDANG
2024-10-01,DKI1 (Bunderan HI),93.3,74.4,8.6,17.1,38.7,31.5,89.3,PM25,SEDANG
2024-10-01,DKI2 (Kelapa Gading),105.9,108.9,15.3,21.6,45.6,10.6,130.6,PM25,TIDAK SEHAT
2024-10-01,DKI3 (Jagakarsa),76.2,53.7,7.4,16.7,26.3,40.6,64.4,PM25,SEDANG
2024-10-01,DKI4 (Lubang Buaya),112.7,60.8,18.7,25.2,59.4,20.5,90.2,PM10,SEDANG
2024-10-01,DKI5 (Kebon Jeruk),79.5,58.1,14.5,9.0,20.1,25.7,69.7,PM25,SEDANG
2024-10-02,DKI1 (Bunderan HI),107.5,49.9,8.9,13.3,49.3,16.5,86.0,PM10,SEDANG
2024-10-02,DKI2 (Kelapa Gading),53.5,56.8,10.9,21.7,45.4,25.9,68.1,PM25,SEDANG
2024-10-02,DKI3 (Jagakarsa),68.9,75.3,8.4,15.1,29.7,9.6,90.4,PM25,SEDANG
2024-10-02,DKI4 (Lubang Buaya),61.2,33.1,24.6,14.9,44.9,15.7,48.9,PM10,BAIK
2024-10-02,DKI5 (Kebon Jeruk),87.8,55.1,9.1,16.8,23.7,15.4,70.2,PM10,SEDANG
2024-10-03,DKI1 (Bunderan HI),92.5,67.7,10.1,24.8,55.1,14.1,81.2,PM25,SEDANG
2024-10-03,DKI2 (Kelapa Gading),59.0,40.0,5.8,9.4,26.7,20.9,48.0,PM25,BAIK
2024-10-03,DKI3 (Jagakarsa),98.4,88.5,18.7,16.7,36.9,27.9,106.3,PM25,TIDAK SEHAT
2024-10-03,DKI4 (Lubang Buaya),53.3,51.8,7.8,20.2,57.9,7.7,62.2,PM25,SEDANG
2024-10-03,DKI5 (Kebon Jeruk),131.3,33.9,10.3,17.7,28.5,32.9,105.0,PM10,TIDAK SEHAT
2024-10-04,DKI1 (Bunderan HI),43.9,36.9,9.7,22.3,32.9,24.4,44.3,PM25,BAIK
2024-10-04,DKI2 (Kelapa Gading),87.9,50.1,6.9,13.0,33.3,9.7,70.3,PM10,SEDANG
2024-10-04,DKI3 (Jagakarsa),68.8,67.1,13.3,20.3,36.5,15.8,80.5,PM25,SEDANG
2024-10-04,DKI4 (Lubang Buaya),105.7,49.7,5.5,16.1,35.4,19.7,84.6,PM10,SEDANG
2024-10-04,DKI5 (Kebon Jeruk),110.9,63.7,10.3,12.6,40.6,25.0,88.7,PM10,SEDANG
2024-10-05,DKI1 (Bunderan HI),40.1,44.5,14.4,23.9,52.0,24.8,53.4,PM25,SEDANG
2024-10-05,DKI2 (Kelapa Gading),27.7,72.5,17.8,20.6,46.4,21.6,87.0,PM25,SEDANG
2024-10-05,DKI3 (Jagakarsa),93.6,58.2,12.5,23.1,42.5,15.3,74.9,PM10,SEDANG
2024-10-05,DKI4 (Lubang Buaya),85.7,42.2,15.6,19.3,33.2,22.2,68.6,PM10,SEDANG
2024-10-05,DKI5 (Kebon Jeruk),30.0,66.9,16.9,14.4,29.0,17.3,80.2,PM25,SEDANG
2024-10-06,DKI1 (Bunderan HI),69.6,59.3,24.8,19.4,42.6,26.4,71.2,PM25,SEDANG
2024-10-06,DKI2 (Kelapa Gading),86.8,45.0,7.9,9.8,38.2,10.8,69.5,PM10,SEDANG
2024-10-06,DKI3 (Jagakarsa),98.9,52.7,10.6,24.5,46.1,23.7,79.1,PM10,SEDANG
2024-10-06,DKI4 (Lubang Buaya),97.2,41.6,13.2,27.6,22.9,24.1,77.8,PM10,SEDANG
2024-10-06,DKI5 (Kebon Jeruk),62.8,54.7,17.2,16.2,47.4,2.1,65.7,PM25,SEDANG
2024-10-07,DKI1 (Bunderan HI),84.9,62.9,8.0,14.3,49.3,19.3,75.5,PM25,SEDANG
2024-10-07,DKI2 (Kelapa Gading),112.7,37.3,15.2,14.9,53.6,15.5,90.2,PM10,SEDANG
2024-10-07,DKI3 (Jagakarsa),79.1,60.8,7.5,23.8,20.1,11.2,73.0,PM25,SEDANG
2024-10-07,DKI4 (Lubang Buaya),77.3,14.8,8.4,21.7,32.7,11.7,61.8,PM10,SEDANG
2024-10-07,DKI5 (Kebon Jeruk),84.2,59.5,10.9,19.3,53.3,13.3,71.4,PM25,SEDANG
2024-10-08,DKI2 (Kelapa Gading),111.2,67.9,20.7,15.1,50.8,29.0,88.9,PM10,SEDANG
2024-10-08,DKI3 (Jagakarsa),76.1,80.8,14.6,16.1,26.3,23.4,96.9,PM25,SEDANG
2024-10-08,DKI4 (Lubang Buaya),130.1,26.2,16.4,22.0,34.2,17.8,104.1,PM10,TIDAK SEHAT
2024-10-08,DKI5 (Kebon Jeruk),95.7,22.9,14.0,9.2,54.2,23.5,76.6,PM10,SEDANG
2024-10-09,DKI1 (Bunderan HI),70.0,54.2,1.0,20.3,48.8,15.5,65.0,PM25,SEDANG
2024-10-09,DKI2 (Kelapa Gading),127.6,58.4,15.4,24.9,54.4,16.3,102.1,PM10,TIDAK SEHAT
2024-10-09,DKI3 (Jagakarsa),96.1,74.4,18.8,19.0,38.7,20.6,89.3,PM25,SEDANG
2024-10-09,DKI4 (Lubang Buaya),70.5,50.1,12.0,14.4,39.8,28.0,60.1,PM25,SEDANG
2024-10-09,DKI5 (Kebon Jeruk),67.6,66.2,13.4,27.5,61.9,16.8,79.5,PM25,SEDANG
2024-10-10,DKI1 (Bunderan HI),51.3,36.3,24.3,18.3,67.4,31.3,60.6,O3,SEDANG
2024-10-10,DKI2 (Kelapa Gading),124.5,42.7,20.1,20.9,59.1,12.8,99.6,PM10,SEDANG
2024-10-10,DKI3 (Jagakarsa),85.7,68.3,22.5,6.9,68.5,17.3,81.9,PM25,SEDANG
2024-10-10,DKI4 (Lubang Buaya),48.4,26.8,1.0,10.2,37.0,27.7,38.7,PM10,BAIK
2024-10-10,DKI5 (Kebon Jeruk),113.1,62.5,18.4,23.3,56.6,25.1,90.5,PM10,SEDANG
2024-10-11,DKI1 (Bunderan HI),58.8,54.7,19.7,3.8,46.0,16.8,65.7,PM25,SEDANG
2024-10-11,DKI2 (Kelapa Gading),58.1,54.7,13.6,11.6,44.3,14.5,65.6,PM25,SEDANG
2024-10-11,DKI3 (Jagakarsa),95.9,71.8,14.6,24.9,52.6,18.1,86.2,PM25,SEDANG
2024-10-11,DKI4 (Lubang Buaya),100.3,30.2,16.9,20.5,59.8,24.5,80.2,PM10,SEDANG
2024-10-11,DKI5 (Kebon Jeruk),76.1,44.3,14.9,8.9,51.4,19.0,60.8,PM10,SEDANG
2024-10-12,DKI1 (Bunderan HI),66.8,60.9,11.4,12.5,23.9,11.7,73.1,PM25,SEDANG
2024-10-12,DKI2 (Kelapa Gading),104.6,62.3,11.6,20.6,43.0,25.0,83.7,PM10,SEDANG
2024-10-12,DKI3 (Jagakarsa),88.1,38.5,14.5,11.0,67.7,22.2,70.5,PM10,SEDANG
2024-10-12,DKI4 (Lubang Buaya),84.1,49.3,1.4,14.4,34.7,15.8,67.3,PM10,SEDANG
2024-10-12,DKI5 (Kebon Jeruk),77.5,55.0,13.5,18.9,68.7,16.6,66.0,PM25,SEDANG
2024-10-13,DKI1 (Bunderan HI),74.4,16.2,7.9,17.7,36.0,16.7,59.5,PM10,SEDANG
2024-10-13,DKI2 (Kelapa Gading),67.7,7.2,19.3,18.0,43.3,16.9,54.1,PM10,SEDANG
2024-10-13,DKI3 (Jagakarsa),71.5,65.0,6.0,9.6,47.9,28.2,77.9,PM25,SEDANG
2024-10-13,DKI4 (Lubang Buaya),90.3,49.8,18.3,5.1,31.6,20.7,72.3,PM10,SEDANG
2024-10-13,DKI5 (Kebon Jeruk),58.7,61.1,11.5,21.0,33.2,21.0,73.3,PM25,SEDANG
2024-10-14,DKI1 (Bunderan HI),53.3,53.6,23.7,11.8,39.1,11.8,64.3,PM25,SEDANG
2024-10-14,DKI2 (Kelapa Gading),78.0,23.4,6.8,16.9,29.8,19.3,62.4,PM10,SEDANG
2024-10-14,DKI3 (Jagakarsa),102.3,46.1,11.9,12.8,57.8,25.5,81.9,PM10,SEDANG
2024-10-14,DKI4 (Lubang Buaya),69.2,47.3,9.2,19.9,32.6,25.2,56.7,PM25,SEDANG
2024-10-14,DKI5 (Kebon Jeruk),45.9,46.4,15.6,27.1,56.0,26.3,55.6,PM25,SEDANG
2024-10-15,DKI1 (Bunderan HI),84.4,58.9,5.9,18.7,42.8,24.8,70.7,PM25,SEDANG
2024-10-15,DKI2 (Kelapa Gading),10.0,58.1,5.9,27.1,53.4,13.7,69.7,PM25,SEDANG
2024-10-15,DKI3 (Jagakarsa),78.2,34.1,13.5,9.2,36.4,17.0,62.6,PM10,SEDANG
2024-10-15,DKI4 (Lubang Buaya),77.8,54.9,19.0,22.7,53.8,15.5,65.9,PM25,SEDANG
2024-10-15,DKI5 (Kebon Jeruk),101.7,36.4,16.6,16.1,67.7,10.5,81.4,PM10,SEDANG
2024-10-16,DKI1 (Bunderan HI),90.4,57.7,19.4,10.6,52.3,21.4,72.3,PM10,SEDANG
2024-10-16,DKI2 (Kelapa Gading),132.4,57.4,22.2,16.6,34.7,18.5,105.9,PM10,TIDAK SEHAT
2024-10-16,DKI4 (Lubang Buaya),88.9,51.0,11.9,16.9,29.6,16.1,71.1,PM10,SEDANG
2024-10-16,DKI5 (Kebon Jeruk),28.0,62.6,17.5,17.3,51.8,18.5,75.2,PM25,SEDANG
2024-10-17,DKI1 (Bunderan HI),83.9,50.6,14.1,17.6,30.1,13.7,67.1,PM10,SEDANG
2024-10-17,DKI2 (Kelapa Gading),85.8,69.1,17.1,14.9,71.8,23.3,82.9,PM25,SEDANG
2024-10-17,DKI3 (Jagakarsa),91.1,82.0,8.1,14.4,35.3,18.6,98.4,PM25,SEDANG
2024-10-17,DKI4 (Lubang Buaya),83.9,58.2,16.4,19.7,38.7,21.5,69.9,PM25,SEDANG
2024-10-17,DKI5 (Kebon Jeruk),73.4,28.6,18.8,14.6,47.0,5.0,58.7,PM10,SEDANG
2024-10-18,DKI1 (Bunderan HI),75.0,57.3,9.5,16.9,51.6,26.9,68.8,PM25,SEDANG
2024-10-18,DKI2 (Kelapa Gading),95.5,23.4,9.8,9.9,54.1,24.2,76.4,PM10,SEDANG
2024-10-18,DKI4 (Lubang Buaya),94.9,41.2,10.3,11.0,46.9,24.7,75.9,PM10,SEDANG
2024-10-18,DKI5 (Kebon Jeruk),91.6,58.3,7.8,16.6,61.3,8.4,73.3,PM10,SEDANG
2024-10-19,DKI1 (Bunderan HI),84.0,57.6,8.6,28.0,66.5,15.9,69.1,PM25,SEDANG
2024-10-19,DKI2 (Kelapa Gading),49.8,40.3,13.6,16.4,74.3,11.8,66.9,O3,SEDANG
2024-10-19,DKI3 (Jagakarsa),94.2,65.7,23.3,16.2,53.2,28.0,78.8,PM25,SEDANG
2024-10-19,DKI4 (Lubang Buaya),55.7,31.7,12.3,9.5,53.8,18.2,48.4,O3,BAIK
2024-10-19,DKI5 (Kebon Jeruk),92.3,81.7,10.7,16.8,29.7,18.8,98.0,PM25,SEDANG
2024-10-20,DKI1 (Bunderan HI),60.7,59.5,12.8,23.7,42.6,26.0,71.4,PM25,SEDANG
2024-10-20,DKI2 (Kelapa Gading),67.7,42.0,13.0,15.1,37.7,20.0,54.2,PM10,SEDANG
2024-10-20,DKI3 (Jagakarsa),73.0,44.4,16.9,6.1,38.7,12.3,58.4,PM10,SEDANG
2024-10-20,DKI4 (Lubang Buaya),68.5,47.1,14.4,12.7,52.8,27.3,56.5,PM25,SEDANG
2024-10-20,DKI5 (Kebon Jeruk),99.5,5.0,13.0,15.5,38.6,28.9,79.6,PM10,SEDANG
2024-10-21,DKI1 (Bunderan HI),60.5,47.0,14.8,26.6,24.1,25.1,56.4,PM25,SEDANG
2024-10-21,DKI2 (Kelapa Gading),96.3,31.6,11.0,17.1,46.6,17.5,77.1,PM10,SEDANG
2024-10-21,DKI3 (Jagakarsa),51.5,56.4,21.9,14.3,31.8,14.1,67.7,PM25,SEDANG
2024-10-21,DKI4 (Lubang Buaya),64.4,54.4,18.0,26.9,29.9,13.9,65.3,PM25,SEDANG
2024-10-21,DKI5 (Kebon Jeruk),117.6,65.3,15.1,19.5,37.7,23.6,94.1,PM10,SEDANG
2024-10-22,DKI1 (Bunderan HI),81.7,37.5,15.0,24.6,47.8,35.2,65.3,PM10,SEDANG
2024-10-22,DKI2 (Kelapa Gading),82.4,48.3,6.9,24.1,48.8,21.0,65.9,PM10,SEDANG
2024-10-22,DKI3 (Jagakarsa),51.0,67.6,16.3,11.3,55.0,18.4,81.1,PM25,SEDANG
2024-10-22,DKI4 (Lubang Buaya),31.4,36.5,6.6,14.5,40.8,16.8,43.7,PM25,BAIK
2024-10-22,DKI5 (Kebon Jeruk),51.8,33.1,3.4,23.9,39.1,21.7,41.5,PM10,BAIK
2024-10-23,DKI1 (Bunderan HI),98.7,64.0,12.7,22.1,23.2,9.5,79.0,PM10,SEDANG
2024-10-23,DKI2 (Kelapa Gading),63.1,63.0,10.7,14.8,55.9,26.3,75.6,PM25,SEDANG
2024-10-23,DKI3 (Jagakarsa),90.0,80.3,16.3,16.6,56.1,19.7,96.4,PM25,SEDANG
2024-10-23,DKI4 (Lubang Buaya),99.2,15.4,14.1,10.6,32.9,18.2,79.4,PM10,SEDANG
2024-10-23,DKI5 (Kebon Jeruk),112.8,62.5,8.6,17.1,41.7,18.8,90.2,PM10,SEDANG
2024-10-24,DKI1 (Bunderan HI),110.6,66.0,20.1,15.9,23.5,18.9,88.5,PM10,SEDANG
2024-10-24,DKI2 (Kelapa Gading),86.5,85.2,13.7,27.2,55.7,22.7,102.3,PM25,TIDAK SEHAT
2024-10-24,DKI3 (Jagakarsa),87.9,36.0,10.8,8.1,51.8,1.0,70.3,PM10,SEDANG
2024-10-24,DKI4 (Lubang Buaya),75.9,65.1,11.8,14.8,51.6,10.0,78.1,PM25,SEDANG
2024-10-24,DKI5 (Kebon Jeruk),80.1,54.2,10.4,3.8,53.4,8.5,65.0,PM25,SEDANG
2024-10-25,DKI1 (Bunderan HI),82.7,51.9,7.9,17.9,41.5,24.8,66.1,PM10,SEDANG
2024-10-25,DKI2 (Kelapa Gading),79.4,34.0,8.2,10.0,61.7,7.2,63.5,PM10,SEDANG
2024-10-25,DKI3 (Jagakarsa),61.1,61.1,9.2,12.1,31.8,23.5,73.4,PM25,SEDANG
2024-10-25,DKI4 (Lubang Buaya),22.6,41.5,15.7,16.5,31.7,28.5,49.8,PM25,BAIK
2024-10-25,DKI5 (Kebon Jeruk),77.8,42.2,14.5,15.9,56.0,10.7,62.3,PM10,SEDANG
2024-10-26,DKI1 (Bunderan HI),76.2,30.9,17.2,12.2,30.3,5.7,61.0,PM10,SEDANG
2024-10-26,DKI2 (Kelapa Gading),72.6,81.1,9.3,15.5,53.5,14.8,97.4,PM25,SEDANG
2024-10-26,DKI3 (Jagakarsa),44.1,61.6,25.7,9.6,51.4,12.9,73.9,PM25,SEDANG
2024-10-26,DKI4 (Lubang Buaya),95.9,38.3,14.7,15.4,67.7,12.1,76.7,PM10,SEDANG
2024-10-27,DKI1 (Bunderan HI),64.0,67.0,17.2,12.6,53.7,18.2,80.4,PM25,SEDANG
2024-10-27,DKI3 (Jagakarsa),96.7,30.8,19.5,19.3,27.8,26.2,77.4,PM10,SEDANG
2024-10-27,DKI5 (Kebon Jeruk),108.7,55.9,21.8,18.0,67.1,22.1,87.0,PM10,SEDANG
2024-10-28,DKI1 (Bunderan HI),58.2,55.5,11.8,22.6,37.4,14.7,66.6,PM25,SEDANG
2024-10-28,DKI2 (Kelapa Gading),49.0,11.9,17.6,10.3,46.5,14.4,41.9,O3,BAIK
2024-10-28,DKI3 (Jagakarsa),91.1,91.3,25.4,16.0,35.4,18.8,109.6,PM25,TIDAK SEHAT
2024-10-28,DKI4 (Lubang Buaya),55.7,57.3,15.0,14.0,57.6,21.4,68.8,PM25,SEDANG
2024-10-28,DKI5 (Kebon Jeruk),119.2,9.7,14.2,22.4,39.4,29.8,95.3,PM10,SEDANG
2024-10-29,DKI1 (Bunderan HI),38.0,42.3,18.5,18.6,30.7,11.3,50.7,PM25,SEDANG
2024-10-29,DKI2 (Kelapa Gading),95.0,57.9,12.7,19.7,19.8,20.4,76.0,PM10,SEDANG
2024-10-29,DKI3 (Jagakarsa),31.5,73.7,15.2,18.6,42.8,12.3,88.5,PM25,SEDANG
2024-10-29,DKI5 (Kebon Jeruk),58.7,73.9,10.7,14.6,35.8,19.1,88.7,PM25,SEDANG
2024-10-30,DKI1 (Bunderan HI),73.3,47.7,17.3,11.0,43.4,28.4,58.7,PM10,SEDANG
2024-10-30,DKI2 (Kelapa Gading),101.6,28.2,12.7,19.1,30.5,26.7,81.2,PM10,SEDANG
2024-10-30,DKI3 (Jagakarsa),80.6,78.1,16.1,12.8,38.6,19.2,93.7,PM25,SEDANG
2024-10-30,DKI4 (Lubang Buaya),64.0,69.3,8.0,11.5,36.5,23.9,83.2,PM25,SEDANG
2024-10-30,DKI5 (Kebon Jeruk),117.6,78.0,17.9,13.6,21.3,24.5,94.1,PM10,SEDANG
2024-10-31,DKI1 (Bunderan HI),114.7,41.3,21.7,16.1,36.4,18.5,91.7,PM10,SEDANG
2024-10-31,DKI2 (Kelapa Gading),64.1,26.1,8.2,18.3,31.4,28.4,51.3,PM10,SEDANG
2024-10-31,DKI3 (Jagakarsa),88.3,43.8,7.4,10.8,44.3,22.8,70.7,PM10,SEDANG
2024-10-31,DKI4 (Lubang Buaya),29.2,21.9,14.7,15.6,47.9,15.8,43.1,O3,BAIK
2024-10-31,DKI5 (Kebon Jeruk),92.3,58.7,15.7,22.1,46.6,6.8,73.8,PM10,SEDANG
2024-11-01,DKI1 (Bunderan HI),108.2,106.6,11.4,11.9,35.9,14.5,128.0,PM25,TIDAK SEHAT
2024-11-01,DKI2 (Kelapa Gading),75.8,56.7,19.6,8.0,40.6,19.1,68.1,PM25,SEDANG
2024-11-01,DKI3 (Jagakarsa),61.3,61.8,12.4,28.4,51.9,9.6,74.2,PM25,SEDANG
2024-11-01,DKI4 (Lubang Buaya),45.7,84.8,15.8,22.7,61.6,13.5,101.8,PM25,TIDAK SEHAT
2024-11-01,DKI5 (Kebon Jeruk),95.0,57.3,10.1,12.3,48.4,9.4,76.0,PM10,SEDANG
2024-11-02,DKI1 (Bunderan HI),70.3,58.3,14.2,22.7,42.8,21.9,70.0,PM25,SEDANG
2024-11-02,DKI2 (Kelapa Gading),67.4,52.1,16.5,15.6,21.7,26.3,62.5,PM25,SEDANG
2024-11-02,DKI3 (Jagakarsa),121.2,27.0,20.0,23.9,43.9,12.6,96.9,PM10,SEDANG
2024-11-02,DKI4 (Lubang Buaya),47.4,64.7,7.9,14.6,64.8,12.4,77.7,PM25,SEDANG
2024-11-02,DKI5 (Kebon Jeruk),87.6,62.4,18.2,16.9,41.0,1.0,74.8,PM25,SEDANG
2024-11-03,DKI1 (Bunderan HI),28.8,36.6,18.4,19.2,43.0,23.7,44.0,PM25,BAIK
2024-11-03,DKI3 (Jagakarsa),97.1,75.0,19.1,13.5,46.9,26.1,90.0,PM25,SEDANG
2024-11-03,DKI4 (Lubang Buaya),90.3,62.6,10.7,9.0,32.0,27.0,75.2,PM25,SEDANG
2024-11-03,DKI5 (Kebon Jeruk),76.5,42.4,14.0,15.5,20.2,23.0,61.2,PM10,SEDANG
2024-11-04,DKI1 (Bunderan HI),85.7,63.9,14.0,17.1,42.0,28.7,76.7,PM25,SEDANG
2024-11-04,DKI2 (Kelapa Gading),79.7,52.1,22.1,14.5,44.7,12.3,63.8,PM10,SEDANG
2024-11-04,DKI3 (Jagakarsa),52.0,40.8,9.3,23.8,48.7,9.1,48.9,PM25,BAIK
2024-11-04,DKI4 (Lubang Buaya),48.0,53.3,19.7,11.8,49.9,32.9,63.9,PM25,SEDANG
2024-11-04,DKI5 (Kebon Jeruk),114.4,82.7,18.6,9.7,47.1,16.7,99.2,PM25,SEDANG
2024-11-05,DKI1 (Bunderan HI),86.7,49.1,23.3,17.5,37.2,23.8,69.4,PM10,SEDANG
2024-11-05,DKI2 (Kelapa Gading),89.5,54.6,11.4,16.4,53.4,10.9,71.6,PM10,SEDANG
2024-11-05,DKI3 (Jagakarsa),109.6,39.9,14.2,18.7,39.1,17.8,87.7,PM10,SEDANG
2024-11-05,DKI4 (Lubang Buaya),62.6,57.4,19.7,7.8,50.5,16.2,68.9,PM25,SEDANG
2024-11-06,DKI1 (Bunderan HI),88.6,45.3,14.0,10.0,64.6,8.4,70.9,PM10,SEDANG
2024-11-06,DKI2 (Kelapa Gading),83.9,29.7,16.1,6.4,46.2,14.8,67.1,PM10,SEDANG
2024-11-06,DKI3 (Jagakarsa),75.6,56.6,16.9,21.6,29.2,24.2,67.9,PM25,SEDANG
2024-11-06,DKI4 (Lubang Buaya),89.0,73.2,9.4,14.1,32.5,22.6,87.8,PM25,SEDANG
2024-11-06,DKI5 (Kebon Jeruk),103.5,65.8,15.2,16.6,56.3,11.2,82.8,PM10,SEDANG
2024-11-07,DKI1 (Bunderan HI),53.0,66.4,5.7,27.5,42.8,33.2,79.7,PM25,SEDANG
2024-11-07,DKI2 (Kelapa Gading),65.0,42.0,16.5,7.9,35.1,13.5,52.0,PM10,SEDANG
2024-11-07,DKI3 (Jagakarsa),64.8,62.4,8.9,19.2,58.6,20.6,74.9,PM25,SEDANG
2024-11-07,DKI4 (Lubang Buaya),82.4,34.2,5.5,20.0,47.2,26.9,65.9,PM10,SEDANG
2024-11-07,DKI5 (Kebon Jeruk),98.0,55.5,17.0,16.1,22.6,16.5,78.4,PM10,SEDANG
2024-11-08,DKI1 (Bunderan HI),85.5,31.9,18.6,16.3,19.7,10.8,68.4,PM10,SEDANG
2024-11-08,DKI4 (Lubang Buaya),123.7,62.4,9.9,21.2,45.2,28.9,99.0,PM10,SEDANG
2024-11-08,DKI5 (Kebon Jeruk),146.7,35.4,13.9,28.1,51.9,11.6,117.4,PM10,TIDAK SEHAT
2024-11-09,DKI1 (Bunderan HI),125.5,65.2,21.7,9.4,28.3,17.6,100.4,PM10,TIDAK SEHAT
2024-11-09,DKI2 (Kelapa Gading),97.3,30.8,19.1,30.5,34.6,14.0,77.9,PM10,SEDANG
2024-11-09,DKI3 (Jagakarsa),128.4,41.5,7.2,25.7,50.8,29.1,102.7,PM10,TIDAK SEHAT
2024-11-09,DKI4 (Lubang Buaya),84.6,53.1,12.6,14.6,35.7,12.1,67.7,PM10,SEDANG
2024-11-09,DKI5 (Kebon Jeruk),65.6,44.0,15.3,25.0,22.0,21.2,52.8,PM25,SEDANG
2024-11-10,DKI1 (Bunderan HI),40.7,60.6,4.8,6.1,48.1,20.0,72.7,PM25,SEDANG
2024-11-10,DKI2 (Kelapa Gading),47.9,70.9,12.6,19.8,53.9,30.8,85.1,PM25,SEDANG
2024-11-10,DKI3 (Jagakarsa),83.3,32.5,19.6,25.0,52.1,21.4,66.7,PM10,SEDANG
2024-11-10,DKI4 (Lubang Buaya),112.8,45.7,14.1,21.8,47.0,25.9,90.3,PM10,SEDANG
2024-11-10,DKI5 (Kebon Jeruk),43.2,47.7,18.2,16.2,50.8,15.5,57.2,PM25,SEDANG
2024-11-11,DKI1 (Bunderan HI),118.2,44.9,10.0,15.3,52.3,16.9,94.6,PM10,SEDANG
2024-11-11,DKI2 (Kelapa Gading),27.3,38.7,14.0,17.5,52.0,15.4,46.8,O3,BAIK
2024-11-11,DKI3 (Jagakarsa),67.9,50.5,12.1,14.9,33.2,24.2,60.6,PM25,SEDANG
2024-11-11,DKI4 (Lubang Buaya),124.1,15.9,12.0,23.4,44.4,17.0,99.3,PM10,SEDANG
2024-11-11,DKI5 (Kebon Jeruk),126.8,39.5,17.5,20.1,27.3,16.8,101.5,PM10,TIDAK SEHAT
2024-11-12,DKI1 (Bunderan HI),86.0,73.3,22.9,15.0,48.5,24.0,88.0,PM25,SEDANG
2024-11-12,DKI2 (Kelapa Gading),95.2,37.7,14.2,21.5,34.2,10.7,76.2,PM10,SEDANG
2024-11-12,DKI3 (Jagakarsa),48.8,55.3,5.0,12.0,23.1,11.4,66.4,PM25,SEDANG
2024-11-12,DKI4 (Lubang Buaya),72.7,25.0,12.0,10.2,41.4,13.2,58.2,PM10,SEDANG
2024-11-12,DKI5 (Kebon Jeruk),109.7,58.8,8.7,21.2,26.0,23.6,87.8,PM10,SEDANG
2024-11-13,DKI2 (Kelapa Gading),130.2,58.9,8.4,15.5,37.3,13.7,104.2,PM10,TIDAK SEHAT
2024-11-13,DKI3 (Jagakarsa),78.8,49.1,17.3,20.3,51.4,8.9,63.0,PM10,SEDANG
2024-11-13,DKI4 (Lubang Buaya),54.3,71.4,12.7,18.1,44.3,14.5,85.7,PM25,SEDANG
2024-11-13,DKI5 (Kebon Jeruk),81.7,41.2,5.7,13.6,50.6,15.9,65.4,PM10,SEDANG
2024-11-14,DKI1 (Bunderan HI),96.6,51.0,18.9,23.7,44.1,23.5,77.3,PM10,SEDANG
2024-11-14,DKI2 (Kelapa Gading),74.9,23.4,4.6,16.7,26.0,29.7,59.9,PM10,SEDANG
2024-11-14,DKI3 (Jagakarsa),61.6,54.7,12.8,8.1,33.4,18.7,65.7,PM25,SEDANG
2024-11-14,DKI4 (Lubang Buaya),85.1,44.3,15.7,10.0,37.5,30.4,68.1,PM10,SEDANG
2024-11-14,DKI5 (Kebon Jeruk),57.5,73.4,9.8,10.4,43.1,24.3,88.0,PM25,SEDANG
2024-11-15,DKI1 (Bunderan HI),65.1,14.8,20.4,12.3,27.0,20.4,52.1,PM10,SEDANG
2024-11-15,DKI2 (Kelapa Gading),69.3,55.2,9.4,12.7,29.1,11.8,66.3,PM25,SEDANG
2024-11-15,DKI3 (Jagakarsa),78.9,83.4,14.7,14.5,40.0,8.0,100.1,PM25,TIDAK SEHAT
2024-11-15,DKI4 (Lubang Buaya),124.7,72.7,18.9,19.9,57.2,21.7,99.8,PM10,SEDANG
2024-11-15,DKI5 (Kebon Jeruk),96.1,41.8,16.2,26.5,61.7,12.2,76.9,PM10,SEDANG
2024-11-16,DKI1 (Bunderan HI),49.9,53.9,11.2,16.8,38.2,14.7,64.7,PM25,SEDANG
2024-11-16,DKI2 (Kelapa Gading),120.6,45.0,14.3,7.6,71.2,7.5,96.4,PM10,SEDANG
2024-11-16,DKI3 (Jagakarsa),79.6,67.3,9.7,16.0,60.2,17.8,80.8,PM25,SEDANG
2024-11-16,DKI4 (Lubang Buaya),101.9,27.8,16.5,31.2,58.0,28.0,81.5,PM10,SEDANG
2024-11-17,DKI1 (Bunderan HI),112.2,51.7,7.4,10.3,40.7,22.7,89.7,PM10,SEDANG
2024-11-17,DKI2 (Kelapa Gading),70.5,69.9,14.3,17.8,48.6,10.6,83.9,PM25,SEDANG
2024-11-17,DKI3 (Jagakarsa),61.2,43.7,13.5,15.6,43.2,21.1,52.4,PM25,SEDANG
2024-11-17,DKI4 (Lubang Buaya),79.2,89.7,9.2,17.6,63.5,12.9,107.6,PM25,TIDAK SEHAT
2024-11-17,DKI5 (Kebon Jeruk),53.4,71.5,19.9,10.3,45.6,27.0,85.8,PM25,SEDANG
2024-11-18,DKI1 (Bunderan HI),75.9,64.1,19.2,22.8,41.4,2.9,76.9,PM25,SEDANG
2024-11-18,DKI2 (Kelapa Gading),33.0,57.6,16.6,25.0,40.7,13.3,69.2,PM25,SEDANG
2024-11-18,DKI3 (Jagakarsa),115.4,64.7,13.2,6.6,46.5,29.0,92.4,PM10,SEDANG
2024-11-18,DKI4 (Lubang Buaya),128.2,50.3,18.5,15.8,52.4,24.4,102.6,PM10,TIDAK SEHAT
2024-11-19,DKI1 (Bunderan HI),39.3,50.2,6.9,20.1,42.1,21.0,60.2,PM25,SEDANG
2024-11-19,DKI2 (Kelapa Gading),101.3,59.0,16.5,24.8,40.6,22.5,81.0,PM10,SEDANG
2024-11-19,DKI3 (Jagakarsa),55.0,45.1,22.4,10.7,51.2,27.3,54.2,PM25,SEDANG
2024-11-19,DKI4 (Lubang Buaya),88.7,57.3,7.5,22.8,34.8,22.2,71.0,PM10,SEDANG
2024-11-19,DKI5 (Kebon Jeruk),95.1,22.8,13.7,12.2,42.9,27.0,76.1,PM10,SEDANG
2024-11-20,DKI1 (Bunderan HI),97.0,54.6,17.1,11.6,51.2,17.9,77.6,PM10,SEDANG
2024-11-20,DKI2 (Kelapa Gading),24.6,77.7,13.2,12.8,67.6,21.1,93.2,PM25,SEDANG
2024-11-20,DKI3 (Jagakarsa),53.0,37.5,14.5,25.1,39.8,21.5,45.0,PM25,BAIK
2024-11-20,DKI4 (Lubang Buaya),108.5,42.1,13.6,18.5,33.9,13.7,86.8,PM10,SEDANG
2024-11-20,DKI5 (Kebon Jeruk),104.8,72.0,13.6,16.1,39.7,16.5,86.4,PM25,SEDANG
2024-11-21,DKI1 (Bunderan HI),66.4,14.2,5.3,22.5,60.8,11.9,54.7,O3,SEDANG
2024-11-21,DKI2 (Kelapa Gading),84.2,51.3,12.6,15.3,49.0,29.8,67.4,PM10,SEDANG
2024-11-21,DKI3 (Jagakarsa),93.8,61.9,14.0,22.4,51.9,15.5,75.0,PM10,SEDANG
2024-11-21,DKI4 (Lubang Buaya),96.4,40.9,13.3,9.5,71.5,37.6,77.1,PM10,SEDANG
2024-11-21,DKI5 (Kebon Jeruk),101.9,60.9,14.0,10.9,34.0,22.1,81.5,PM10,SEDANG
2024-11-22,DKI1 (Bunderan HI),108.0,43.0,18.6,12.0,45.0,23.6,86.4,PM10,SEDANG
2024-11-22,DKI2 (Kelapa Gading),135.9,65.9,10.6,16.4,28.9,25.5,108.7,PM10,TIDAK SEHAT
2024-11-22,DKI3 (Jagakarsa),82.0,43.8,11.0,11.5,33.8,29.8,65.6,PM10,SEDANG
2024-11-22,DKI4 (Lubang Buaya),83.1,84.7,11.2,24.3,31.6,27.7,101.6,PM25,TIDAK SEHAT
2024-11-22,DKI5 (Kebon Jeruk),108.7,50.6,6.7,20.9,43.7,12.8,87.0,PM10,SEDANG
2024-11-23,DKI1 (Bunderan HI),114.7,57.2,14.9,16.8,31.9,19.6,91.8,PM10,SEDANG
2024-11-23,DKI2 (Kelapa Gading),81.0,71.7,9.9,20.8,31.3,17.8,86.1,PM25,SEDANG
2024-11-23,DKI3 (Jagakarsa),90.1,50.1,18.4,15.5,49.1,18.0,72.1,PM10,SEDANG
2024-11-23,DKI4 (Lubang Buaya),67.0,73.7,21.0,17.9,31.4,17.4,88.5,PM25,SEDANG
2024-11-23,DKI5 (Kebon Jeruk),81.3,62.6,21.8,27.4,37.2,22.8,75.1,PM25,SEDANG
2024-11-24,DKI1 (Bunderan HI),108.0,54.7,15.6,24.7,34.6,21.7,86.4,PM10,SEDANG
2024-11-24,DKI2 (Kelapa Gading),105.4,29.3,5.9,19.2,62.8,21.4,84.3,PM10,SEDANG
2024-11-24,DKI3 (Jagakarsa),77.4,47.9,13.7,25.8,47.3,29.4,61.9,PM10,SEDANG
2024-11-24,DKI4 (Lubang Buaya),120.1,70.4,5.5,21.9,40.9,13.0,96.1,PM10,SEDANG
2024-11-24,DKI5 (Kebon Jeruk),74.5,46.6,18.6,10.5,26.3,13.8,59.6,PM10,SEDANG
2024-11-25,DKI1 (Bunderan HI),101.6,30.7,4.1,14.0,35.4,21.1,81.3,PM10,SEDANG
2024-11-25,DKI2 (Kelapa Gading),100.7,56.1,19.2,19.4,43.4,9.3,80.5,PM10,SEDANG
2024-11-25,DKI3 (Jagakarsa),67.6,25.5,8.2,18.9,32.4,26.6,54.1,PM10,SEDANG
2024-11-25,DKI4 (Lubang Buaya),138.9,28.3,21.4,18.3,43.2,9.5,111.1,PM10,TIDAK SEHAT
2024-11-25,DKI5 (Kebon Jeruk),35.9,47.3,19.8,15.5,28.3,18.3,56.8,PM25,SEDANG
2024-11-26,DKI1 (Bunderan HI),110.3,57.4,13.5,20.4,40.9,29.3,88.3,PM10,SEDANG
2024-11-26,DKI2 (Kelapa Gading),88.7,38.4,18.8,2.1,46.2,15.1,71.0,PM10,SEDANG
2024-11-26,DKI3 (Jagakarsa),64.0,37.5,9.9,13.5,31.8,16.9,51.2,PM10,SEDANG
2024-11-26,DKI4 (Lubang Buaya),84.4,30.4,8.9,14.9,47.9,9.2,67.5,PM10,SEDANG
2024-11-26,DKI5 (Kebon Jeruk),55.5,56.3,12.5,11.7,32.0,13.0,67.6,PM25,SEDANG
2024-11-27,DKI1 (Bunderan HI),57.5,71.1,10.4,13.2,52.2,12.8,85.3,PM25,SEDANG
2024-11-27,DKI2 (Kelapa Gading),122.0,47.6,20.3,16.1,54.3,29.1,97.6,PM10,SEDANG
2024-11-27,DKI3 (Jagakarsa),93.2,42.5,10.4,19.5,43.0,13.4,74.5,PM10,SEDANG
2024-11-27,DKI4 (Lubang Buaya),111.8,48.1,6.4,16.2,38.9,22.3,89.4,PM10,SEDANG
2024-11-27,DKI5 (Kebon Jeruk),14.1,20.8,21.6,16.5,39.5,22.2,35.5,O3,BAIK
2024-11-28,DKI1 (Bunderan HI),57.7,46.0,13.8,9.8,35.1,6.0,55.2,PM25,SEDANG
2024-11-28,DKI2 (Kelapa Gading),114.5,33.6,10.2,23.8,43.6,17.7,91.6,PM10,SEDANG
2024-11-28,DKI3 (Jagakarsa),74.1,53.7,7.4,27.4,27.3,17.0,64.5,PM25,SEDANG
2024-11-28,DKI4 (Lubang Buaya),47.0,81.3,7.7,11.4,51.1,16.2,97.6,PM25,SEDANG
2024-11-28,DKI5 (Kebon Jeruk),38.5,52.5,17.2,16.0,31.7,16.3,63.1,PM25,SEDANG
2024-11-29,DKI1 (Bunderan HI),101.2,84.3,12.2,16.0,53.2,22.9,101.2,PM25,TIDAK SEHAT
2024-11-29,DKI2 (Kelapa Gading),107.3,40.3,11.1,11.7,29.1,16.8,85.8,PM10,SEDANG
2024-11-29,DKI3 (Jagakarsa),84.5,19.5,14.1,11.3,45.2,22.2,67.6,PM10,SEDANG
2024-11-29,DKI4 (Lubang Buaya),74.6,60.9,9.4,17.1,28.6,23.5,73.1,PM25,SEDANG
2024-11-29,DKI5 (Kebon Jeruk),72.1,42.0,9.5,27.7,28.8,16.5,57.7,PM10,SEDANG
2024-11-30,DKI1 (Bunderan HI),77.2,33.4,6.8,13.1,48.4,24.7,61.8,PM10,SEDANG
2024-11-30,DKI2 (Kelapa Gading),90.9,20.6,12.7,28.5,39.9,11.1,72.7,PM10,SEDANG
2024-11-30,DKI3 (Jagakarsa),65.4,41.5,17.5,13.1,56.6,15.7,52.3,PM10,SEDANG
2024-11-30,DKI4 (Lubang Buaya),88.8,32.7,18.7,18.1,69.5,18.2,71.1,PM10,SEDANG
2024-11-30,DKI5 (Kebon Jeruk),64.1,53.5,10.8,24.6,5.0,20.4,64.2,PM25,SEDANG
2024-12-01,DKI1 (Bunderan HI),75.2,25.4,16.5,17.5,36.8,1.5,60.2,PM10,SEDANG
2024-12-01,DKI2 (Kelapa Gading),40.7,76.1,11.2,21.9,16.2,8.0,91.3,PM25,SEDANG
2024-12-01,DKI3 (Jagakarsa),54.9,46.9,16.2,10.3,55.3,18.9,56.2,PM25,SEDANG
2024-12-01,DKI4 (Lubang Buaya),57.5,40.7,10.8,13.4,25.8,12.2,48.8,PM25,BAIK
2024-12-01,DKI5 (Kebon Jeruk),58.5,33.6,12.2,15.5,37.2,17.4,46.8,PM10,BAIK
2024-12-02,DKI1 (Bunderan HI),62.5,37.3,3.9,9.3,35.7,11.8,50.0,PM10,BAIK
2024-12-02,DKI2 (Kelapa Gading),46.5,91.9,14.7,17.2,20.8,12.8,110.3,PM25,TIDAK SEHAT
2024-12-02,DKI3 (Jagakarsa),41.6,34.5,11.8,15.5,38.0,14.1,41.4,PM25,BAIK
2024-12-02,DKI4 (Lubang Buaya),57.8,31.1,11.2,14.5,40.7,12.4,46.2,PM10,BAIK
2024-12-02,DKI5 (Kebon Jeruk),63.8,18.3,8.5,20.4,6.1,14.4,51.0,PM10,SEDANG
2024-12-03,DKI1 (Bunderan HI),64.6,30.6,2.1,12.4,42.5,19.0,51.7,PM10,SEDANG
2024-12-03,DKI2 (Kelapa Gading),63.7,64.5,12.9,1.9,38.5,23.6,77.4,PM25,SEDANG
2024-12-03,DKI3 (Jagakarsa),67.4,31.5,13.4,9.5,19.4,9.5,53.9,PM10,SEDANG
2024-12-03,DKI4 (Lubang Buaya),61.8,47.8,16.7,16.1,5.0,13.2,57.4,PM25,SEDANG
2024-12-03,DKI5 (Kebon Jeruk),10.0,38.9,11.0,13.3,57.1,16.3,51.4,O3,SEDANG
2024-12-04,DKI1 (Bunderan HI),42.0,39.4,9.2,7.4,46.7,22.4,47.3,PM25,BAIK
2024-12-04,DKI2 (Kelapa Gading),66.3,73.6,9.3,16.5,37.3,21.6,88.4,PM25,SEDANG
2024-12-04,DKI3 (Jagakarsa),101.9,33.6,12.5,25.0,20.5,23.5,81.5,PM10,SEDANG
2024-12-04,DKI4 (Lubang Buaya),61.5,38.5,5.2,7.4,31.3,8.0,49.2,PM10,BAIK
2024-12-04,DKI5 (Kebon Jeruk),79.2,49.3,12.4,10.4,20.5,17.6,63.4,PM10,SEDANG
2024-12-05,DKI1 (Bunderan HI),61.5,40.2,14.3,14.4,29.2,30.3,49.2,PM10,BAIK
2024-12-05,DKI2 (Kelapa Gading),49.1,17.3,10.9,11.7,37.1,7.4,39.3,PM10,BAIK
2024-12-05,DKI3 (Jagakarsa),24.7,61.7,14.4,16.8,21.5,13.2,74.0,PM25,SEDANG
2024-12-05,DKI4 (Lubang Buaya),66.3,71.0,8.0,17.8,20.9,15.9,85.2,PM25,SEDANG
2024-12-05,DKI5 (Kebon Jeruk),102.7,59.9,11.4,5.2,28.0,8.8,82.2,PM10,SEDANG
2024-12-06,DKI2 (Kelapa Gading),57.8,57.1,8.6,22.9,17.9,19.5,68.6,PM25,SEDANG
2024-12-06,DKI3 (Jagakarsa),44.0,41.2,7.2,26.5,35.6,5.4,49.4,PM25,BAIK
2024-12-06,DKI4 (Lubang Buaya),40.9,23.4,14.1,10.2,37.7,21.5,33.9,O3,BAIK
2024-12-06,DKI5 (Kebon Jeruk),32.9,69.0,5.5,20.9,32.3,28.2,82.8,PM25,SEDANG
2024-12-07,DKI1 (Bunderan HI),55.6,32.9,14.3,7.4,18.2,20.0,44.5,PM10,BAIK
2024-12-07,DKI2 (Kelapa Gading),91.0,61.0,14.6,9.5,35.7,8.1,73.2,PM25,SEDANG
2024-12-07,DKI3 (Jagakarsa),109.0,50.0,14.9,16.2,29.5,26.7,87.2,PM10,SEDANG
2024-12-07,DKI4 (Lubang Buaya),69.7,63.6,9.8,29.0,39.1,11.9,76.3,PM25,SEDANG
2024-12-07,DKI5 (Kebon Jeruk),42.4,58.9,10.7,6.1,29.1,12.7,70.7,PM25,SEDANG
2024-12-08,DKI1 (Bunderan HI),46.0,64.0,8.1,10.2,31.9,18.0,76.8,PM25,SEDANG
2024-12-08,DKI2 (Kelapa Gading),67.7,80.5,11.4,23.4,41.4,14.1,96.7,PM25,SEDANG
2024-12-08,DKI3 (Jagakarsa),81.3,45.9,14.6,9.4,28.8,10.9,65.1,PM10,SEDANG
2024-12-08,DKI4 (Lubang Buaya),95.7,70.2,9.3,6.8,20.9,23.0,84.2,PM25,SEDANG
2024-12-08,DKI5 (Kebon Jeruk),54.4,41.6,13.8,19.3,13.0,13.7,49.9,PM25,BAIK
2024-12-09,DKI1 (Bunderan HI),74.7,10.7,6.3,19.2,20.2,24.1,59.8,PM10,SEDANG
2024-12-09,DKI2 (Kelapa Gading),78.2,63.7,11.7,15.4,22.5,9.3,76.4,PM25,SEDANG
2024-12-09,DKI4 (Lubang Buaya),60.2,48.6,12.7,7.6,34.5,9.5,58.3,PM25,SEDANG
2024-12-09,DKI5 (Kebon Jeruk),48.3,5.3,19.0,16.0,48.2,4.2,43.4,O3,BAIK
2024-12-10,DKI1 (Bunderan HI),54.1,25.7,9.8,17.6,31.5,12.4,43.3,PM10,BAIK
2024-12-10,DKI2 (Kelapa Gading),86.4,41.4,7.8,18.7,37.1,3.8,69.1,PM10,SEDANG
2024-12-10,DKI3 (Jagakarsa),88.8,62.3,8.2,13.7,5.5,2.4,74.7,PM25,SEDANG
2024-12-10,DKI4 (Lubang Buaya),61.2,55.2,7.5,10.2,40.6,22.6,66.2,PM25,SEDANG
2024-12-10,DKI5 (Kebon Jeruk),91.2,56.2,5.8,8.8,29.2,7.5,72.9,PM10,SEDANG
2024-12-11,DKI1 (Bunderan HI),65.8,33.1,8.6,12.9,19.8,25.4,52.7,PM10,SEDANG
2024-12-11,DKI2 (Kelapa Gading),70.5,56.6,11.9,7.2,48.2,18.9,68.0,PM25,SEDANG
2024-12-11,DKI3 (Jagakarsa),63.7,36.0,11.5,8.4,37.6,16.4,51.0,PM10,SEDANG
2024-12-11,DKI4 (Lubang Buaya),34.6,38.0,7.6,10.9,32.5,16.4,45.7,PM25,BAIK
2024-12-11,DKI5 (Kebon Jeruk),45.6,29.0,17.8,5.8,21.4,11.3,36.5,PM10,BAIK
2024-12-12,DKI1 (Bunderan HI),34.6,33.6,11.1,10.6,8.7,20.7,40.3,PM25,BAIK
2024-12-12,DKI2 (Kelapa Gading),53.7,30.0,1.5,16.1,39.4,14.9,43.0,PM10,BAIK
2024-12-12,DKI3 (Jagakarsa),78.2,33.6,18.1,19.2,29.1,13.4,62.5,PM10,SEDANG
2024-12-12,DKI4 (Lubang Buaya),17.6,30.0,11.4,12.9,12.3,20.1,36.0,PM25,BAIK
2024-12-13,DKI1 (Bunderan HI),166.4,5.0,17.0,21.4,35.2,17.0,133.1,PM10,TIDAK SEHAT
2024-12-13,DKI2 (Kelapa Gading),81.5,63.4,16.2,11.8,23.5,20.2,76.1,PM25,SEDANG
2024-12-13,DKI3 (Jagakarsa),101.4,62.7,2.8,20.6,37.2,18.9,81.1,PM10,SEDANG
2024-12-13,DKI4 (Lubang Buaya),29.8,43.5,12.0,12.6,39.3,13.7,52.2,PM25,SEDANG
2024-12-13,DKI5 (Kebon Jeruk),18.2,28.7,13.8,7.0,27.8,23.1,34.5,PM25,BAIK
2024-12-14,DKI1 (Bunderan HI),66.3,52.0,17.3,6.8,23.3,10.3,62.4,PM25,SEDANG
2024-12-14,DKI2 (Kelapa Gading),68.4,22.7,18.7,4.8,43.6,24.2,54.8,PM10,SEDANG
2024-12-14,DKI3 (Jagakarsa),14.3,15.6,9.4,15.6,26.3,9.9,23.6,O3,BAIK
2024-12-14,DKI4 (Lubang Buaya),65.0,27.4,1.0,9.7,18.6,15.8,52.0,PM10,SEDANG
2024-12-14,DKI5 (Kebon Jeruk),48.5,21.6,10.3,7.5,11.3,14.8,38.8,PM10,BAIK
2024-12-15,DKI1 (Bunderan HI),37.8,50.2,13.4,8.6,48.5,19.4,60.3,PM25,SEDANG
2024-12-15,DKI2 (Kelapa Gading),43.9,66.9,1.0,20.4,40.5,10.2,80.3,PM25,SEDANG
2024-12-15,DKI3 (Jagakarsa),49.1,35.0,9.9,3.6,36.9,22.8,42.0,PM25,BAIK
2024-12-15,DKI4 (Lubang Buaya),98.1,31.8,12.1,20.6,32.8,25.6,78.5,PM10,SEDANG
2024-12-15,DKI5 (Kebon Jeruk),42.4,33.7,3.7,17.1,22.2,20.9,40.4,PM25,BAIK
2024-12-16,DKI1 (Bunderan HI),84.7,72.0,13.3,14.0,16.2,18.0,86.4,PM25,SEDANG
2024-12-16,DKI2 (Kelapa Gading),101.7,68.5,9.7,13.9,46.3,16.0,82.1,PM25,SEDANG
2024-12-16,DKI3 (Jagakarsa),86.7,69.1,13.7,2.8,48.2,10.3,83.0,PM25,SEDANG
2024-12-16,DKI4 (Lubang Buaya),41.7,26.4,11.0,11.4,23.1,7.4,33.4,PM10,BAIK
2024-12-16,DKI5 (Kebon Jeruk),54.0,41.0,21.0,21.9,27.6,26.5,49.2,PM25,BAIK
2024-12-17,DKI1 (Bunderan HI),65.6,81.6,12.4,15.6,37.2,10.3,97.9,PM25,SEDANG
2024-12-17,DKI2 (Kelapa Gading),110.0,33.9,9.2,18.1,15.9,15.0,88.0,PM10,SEDANG
2024-12-17,DKI3 (Jagakarsa),56.7,14.0,9.7,14.2,38.8,5.4,45.4,PM10,BAIK
2024-12-17,DKI4 (Lubang Buaya),30.5,59.1,20.5,7.1,22.2,10.2,70.9,PM25,SEDANG
2024-12-17,DKI5 (Kebon Jeruk),41.5,33.5,7.1,15.7,31.1,16.6,40.2,PM25,BAIK
2024-12-18,DKI1 (Bunderan HI),105.3,60.1,9.6,17.0,60.8,2.6,84.2,PM10,SEDANG
2024-12-18,DKI2 (Kelapa Gading),61.1,34.8,12.5,9.6,41.9,28.3,48.9,PM10,BAIK
2024-12-18,DKI3 (Jagakarsa),27.2,39.3,9.2,13.5,19.4,12.9,47.2,PM25,BAIK
2024-12-18,DKI4 (Lubang Buaya),85.2,42.1,17.1,19.4,28.8,16.4,68.1,PM10,SEDANG
2024-12-18,DKI5 (Kebon Jeruk),33.1,35.6,18.9,10.1,34.4,7.8,42.7,PM25,BAIK
2024-12-19,DKI1 (Bunderan HI),38.3,61.6,10.6,13.5,23.5,13.4,74.0,PM25,SEDANG
2024-12-19,DKI2 (Kelapa Gading),64.7,21.4,16.0,11.9,26.6,8.3,51.8,PM10,SEDANG
2024-12-19,DKI3 (Jagakarsa),61.9,31.8,12.0,21.9,40.3,15.4,49.5,PM10,BAIK
2024-12-19,DKI4 (Lubang Buaya),57.9,54.1,6.1,10.5,31.6,9.8,64.9,PM25,SEDANG
2024-12-19,DKI5 (Kebon Jeruk),63.1,10.0,12.2,32.8,37.7,16.0,50.4,PM10,SEDANG
2024-12-20,DKI1 (Bunderan HI),38.1,24.7,7.1,7.0,39.9,11.0,35.9,O3,BAIK
2024-12-20,DKI2 (Kelapa Gading),55.6,82.9,8.3,17.9,39.7,22.7,99.5,PM25,SEDANG
2024-12-20,DKI3 (Jagakarsa),69.6,51.5,5.6,11.8,36.5,30.5,61.8,PM25,SEDANG
2024-12-20,DKI4 (Lubang Buaya),61.6,43.4,10.6,25.6,42.6,16.6,52.1,PM25,SEDANG
2024-12-20,DKI5 (Kebon Jeruk),50.5,47.9,14.0,11.6,20.6,7.2,57.5,PM25,SEDANG
2024-12-21,DKI1 (Bunderan HI),42.9,49.8,19.3,21.3,44.4,20.7,59.8,PM25,SEDANG
2024-12-21,DKI2 (Kelapa Gading),75.2,45.1,8.9,14.0,40.0,14.6,60.1,PM10,SEDANG
2024-12-21,DKI3 (Jagakarsa),10.0,26.5,12.4,12.4,43.4,9.1,39.1,O3,BAIK
2024-12-21,DKI4 (Lubang Buaya),75.0,63.1,11.0,12.3,45.7,6.1,75.7,PM25,SEDANG
2024-12-21,DKI5 (Kebon Jeruk),58.0,13.1,10.8,19.6,32.6,6.8,46.4,PM10,BAIK
2024-12-22,DKI1 (Bunderan HI),93.4,47.0,7.5,18.7,38.2,26.2,74.7,PM10,SEDANG
2024-12-22,DKI2 (Kelapa Gading),64.2,55.3,1.6,6.4,29.4,17.1,66.3,PM25,SEDANG
2024-12-22,DKI3 (Jagakarsa),62.2,33.2,10.8,17.4,29.7,13.9,49.8,PM10,BAIK
2024-12-22,DKI4 (Lubang Buaya),77.7,77.8,9.0,21.4,24.5,18.9,93.4,PM25,SEDANG
2024-12-22,DKI5 (Kebon Jeruk),41.7,56.4,13.6,20.1,20.7,13.9,67.7,PM25,SEDANG
2024-12-23,DKI1 (Bunderan HI),50.6,32.0,4.6,9.8,40.8,13.9,40.5,PM10,BAIK
2024-12-23,DKI2 (Kelapa Gading),109.4,43.3,15.7,9.5,14.9,17.1,87.5,PM10,SEDANG
2024-12-23,DKI3 (Jagakarsa),85.8,42.4,11.8,20.9,32.8,9.4,68.6,PM10,SEDANG
2024-12-23,DKI4 (Lubang Buaya),109.9,76.1,18.9,19.2,31.7,19.3,91.3,PM25,SEDANG
2024-12-23,DKI5 (Kebon Jeruk),68.5,32.9,3.7,15.8,45.0,15.2,54.8,PM10,SEDANG
2024-12-24,DKI1 (Bunderan HI),101.6,54.4,4.7,20.5,28.5,6.7,81.3,PM10,SEDANG
2024-12-24,DKI2 (Kelapa Gading),50.2,73.0,19.9,11.3,45.4,18.0,87.5,PM25,SEDANG
2024-12-24,DKI3 (Jagakarsa),58.9,46.4,2.1,10.2,32.5,17.2,55.6,PM25,SEDANG
2024-12-24,DKI4 (Lubang Buaya),99.0,81.9,7.4,16.1,39.8,1.0,98.3,PM25,SEDANG
2024-12-24,DKI5 (Kebon Jeruk),81.7,29.1,2.1,13.6,44.7,9.5,65.4,PM10,SEDANG
2024-12-25,DKI1 (Bunderan HI),109.6,30.1,21.2,12.8,51.8,14.1,87.7,PM10,SEDANG
2024-12-25,DKI3 (Jagakarsa),64.5,32.6,9.8,10.2,30.5,24.2,51.6,PM10,SEDANG
2024-12-25,DKI4 (Lubang Buaya),83.0,11.7,10.3,22.1,44.6,9.3,66.4,PM10,SEDANG
2024-12-25,DKI5 (Kebon Jeruk),55.5,52.2,7.7,6.3,33.4,19.5,62.7,PM25,SEDANG
2024-12-26,DKI1 (Bunderan HI),74.5,38.0,9.1,19.0,22.3,20.3,59.6,PM10,SEDANG
2024-12-26,DKI2 (Kelapa Gading),87.2,32.9,12.7,16.7,32.1,8.7,69.7,PM10,SEDANG
2024-12-26,DKI3 (Jagakarsa),34.2,22.0,15.3,5.2,37.4,11.9,33.6,O3,BAIK
2024-12-26,DKI4 (Lubang Buaya),40.9,15.6,10.4,21.1,34.4,34.3,32.7,PM10,BAIK
2024-12-26,DKI5 (Kebon Jeruk),112.6,23.5,5.3,18.7,22.8,9.4,90.1,PM10,SEDANG
2024-12-27,DKI1 (Bunderan HI),81.8,70.6,15.4,14.0,47.3,26.7,84.8,PM25,SEDANG
2024-12-27,DKI2 (Kelapa Gading),62.9,24.5,7.7,12.8,28.6,17.2,50.3,PM10,SEDANG
2024-12-27,DKI4 (Lubang Buaya),40.8,46.1,8.9,13.6,50.3,29.2,55.3,PM25,SEDANG
2024-12-27,DKI5 (Kebon Jeruk),68.3,66.9,12.4,4.8,35.9,6.1,80.3,PM25,SEDANG
2024-12-28,DKI1 (Bunderan HI),99.1,35.2,1.0,4.7,26.2,1.0,79.3,PM10,SEDANG
2024-12-28,DKI2 (Kelapa Gading),74.6,61.1,8.8,14.1,55.9,10.5,73.4,PM25,SEDANG
2024-12-28,DKI3 (Jagakarsa),51.6,31.8,14.8,8.1,32.6,25.9,41.3,PM10,BAIK
2024-12-28,DKI4 (Lubang Buaya),36.5,53.0,16.6,18.4,45.5,9.9,63.6,PM25,SEDANG
2024-12-28,DKI5 (Kebon Jeruk),90.1,25.7,10.8,5.5,34.8,15.2,72.1,PM10,SEDANG
2024-12-29,DKI1 (Bunderan HI),103.7,21.9,9.7,8.2,26.9,4.1,82.9,PM10,SEDANG
2024-12-29,DKI2 (Kelapa Gading),37.1,53.0,4.1,1.0,42.8,8.9,63.6,PM25,SEDANG
2024-12-29,DKI3 (Jagakarsa),98.0,38.8,11.2,4.4,26.2,12.0,78.4,PM10,SEDANG
2024-12-29,DKI4 (Lubang Buaya),89.6,45.6,12.0,9.8,32.8,23.1,71.7,PM10,SEDANG
2024-12-29,DKI5 (Kebon Jeruk),79.2,40.1,8.3,18.7,35.5,17.9,63.3,PM10,SEDANG
2024-12-30,DKI2 (Kelapa Gading),73.6,56.0,3.3,13.7,23.0,10.8,67.2,PM25,SEDANG
2024-12-30,DKI3 (Jagakarsa),44.9,48.0,18.4,21.4,42.6,26.2,57.6,PM25,SEDANG
2024-12-30,DKI4 (Lubang Buaya),66.9,23.9,10.3,16.1,47.0,24.0,53.5,PM10,SEDANG
2024-12-30,DKI5 (Kebon Jeruk),23.3,5.0,9.9,19.1,28.2,11.5,25.3,O3,BAIK
2024-12-31,DKI1 (Bunderan HI),52.5,33.2,13.2,1.6,45.2,20.0,42.0,PM10,BAIK
2024-12-31,DKI2 (Kelapa Gading),30.1,45.8,13.0,7.3,27.2,11.5,55.0,PM25,SEDANG
2024-12-31,DKI3 (Jagakarsa),17.0,28.6,15.8,7.6,34.3,17.8,34.3,PM25,BAIK
2024-12-31,DKI4 (Lubang Buaya),43.7,59.8,9.2,11.0,34.6,39.5,71.7,PM25,SEDANG
2024-12-31,DKI5 (Kebon Jeruk),89.4,41.8,8.2,20.4,52.2,19.4,71.5,PM10,SEDANG
2025-01-01,DKI1 (Bunderan HI),69.2,59.5,15.3,11.4,41.8,10.5,71.4,PM25,SEDANG
2025-01-01,DKI2 (Kelapa Gading),74.5,11.1,15.8,7.6,43.2,11.4,59.6,PM10,SEDANG
2025-01-01,DKI3 (Jagakarsa),44.4,19.3,11.3,17.9,16.6,10.7,35.5,PM10,BAIK
2025-01-01,DKI4 (Lubang Buaya),81.2,32.7,22.9,6.2,36.6,21.2,65.0,PM10,SEDANG
2025-01-01,DKI5 (Kebon Jeruk),41.6,68.0,16.8,10.0,43.3,11.8,81.6,PM25,SEDANG
2025-01-02,DKI1 (Bunderan HI),31.2,53.8,11.7,12.7,33.5,16.0,64.6,PM25,SEDANG
2025-01-02,DKI2 (Kelapa Gading),45.3,25.2,11.0,16.0,39.8,19.2,36.2,PM10,BAIK
2025-01-02,DKI3 (Jagakarsa),97.6,20.0,14.6,17.3,34.1,19.4,78.0,PM10,SEDANG
2025-01-02,DKI4 (Lubang Buaya),52.8,31.0,16.5,16.0,40.4,11.6,42.3,PM10,BAIK
2025-01-02,DKI5 (Kebon Jeruk),58.7,31.1,9.9,18.8,23.8,11.2,47.0,PM10,BAIK
2025-01-03,DKI1 (Bunderan HI),69.1,59.9,12.5,3.3,59.3,21.5,71.9,PM25,SEDANG
2025-01-03,DKI2 (Kelapa Gading),75.8,26.7,15.1,18.3,38.7,7.3,60.6,PM10,SEDANG
2025-01-03,DKI3 (Jagakarsa),29.6,49.3,14.2,18.9,29.3,1.0,59.1,PM25,SEDANG
2025-01-03,DKI4 (Lubang Buaya),52.9,42.8,1.0,18.8,47.2,1.6,51.3,PM25,SEDANG
2025-01-03,DKI5 (Kebon Jeruk),43.9,28.4,8.2,17.3,26.7,11.1,35.1,PM10,BAIK
2025-01-04,DKI1 (Bunderan HI),59.0,85.4,23.1,20.8,31.7,7.6,102.4,PM25,TIDAK SEHAT
2025-01-04,DKI2 (Kelapa Gading),41.6,49.5,6.0,6.7,31.9,15.2,59.4,PM25,SEDANG
2025-01-04,DKI3 (Jagakarsa),80.8,59.0,15.6,6.3,24.3,25.7,70.8,PM25,SEDANG
2025-01-04,DKI4 (Lubang Buaya),72.3,65.3,9.9,10.8,5.0,24.4,78.3,PM25,SEDANG
2025-01-04,DKI5 (Kebon Jeruk),72.0,42.3,3.2,17.0,34.8,14.3,57.6,PM10,SEDANG
2025-01-05,DKI1 (Bunderan HI),56.9,5.0,9.3,6.9,42.4,13.5,45.5,PM10,BAIK
2025-01-05,DKI2 (Kelapa Gading),48.4,55.8,5.7,19.3,44.3,10.0,67.0,PM25,SEDANG
2025-01-05,DKI3 (Jagakarsa),73.6,17.4,17.2,20.1,33.2,13.0,58.9,PM10,SEDANG
2025-01-05,DKI4 (Lubang Buaya),85.6,5.5,9.9,12.0,26.1,23.3,68.5,PM10,SEDANG
2025-01-05,DKI5 (Kebon Jeruk),65.6,33.3,1.0,15.7,29.3,13.7,52.5,PM10,SEDANG
2025-01-06,DKI1 (Bunderan HI),78.2,18.3,10.0,11.4,37.3,8.6,62.6,PM10,SEDANG
2025-01-06,DKI2 (Kelapa Gading),54.5,63.2,6.6,19.9,46.4,38.7,75.9,PM25,SEDANG
2025-01-06,DKI3 (Jagakarsa),84.1,45.0,16.8,11.0,37.2,9.2,67.3,PM10,SEDANG
2025-01-06,DKI4 (Lubang Buaya),118.2,21.8,14.0,15.0,21.1,8.2,94.6,PM10,SEDANG
2025-01-06,DKI5 (Kebon Jeruk),38.9,27.1,11.1,15.3,36.3,16.6,32.6,O3,BAIK
2025-01-07,DKI1 (Bunderan HI),91.7,43.8,14.9,16.9,40.4,19.6,73.3,PM10,SEDANG
2025-01-07,DKI2 (Kelapa Gading),71.7,17.3,15.5,22.9,20.2,21.0,57.4,PM10,SEDANG
2025-01-07,DKI3 (Jagakarsa),67.3,47.8,16.9,18.8,25.3,9.2,57.3,PM25,SEDANG
2025-01-07,DKI4 (Lubang Buaya),51.6,32.7,11.5,11.8,27.8,10.3,41.3,PM10,BAIK
2025-01-07,DKI5 (Kebon Jeruk),70.1,24.2,14.7,14.1,13.2,17.8,56.1,PM10,SEDANG
2025-01-08,DKI1 (Bunderan HI),83.3,62.7,7.1,7.4,40.5,12.2,75.2,PM25,SEDANG
2025-01-08,DKI2 (Kelapa Gading),76.2,55.0,10.7,14.2,21.1,17.4,65.9,PM25,SEDANG
2025-01-08,DKI3 (Jagakarsa),77.4,32.3,11.9,15.6,40.4,7.7,61.9,PM10,SEDANG
2025-01-08,DKI4 (Lubang Buaya),42.8,22.5,8.5,1.0,43.9,19.5,39.5,O3,BAIK
2025-01-08,DKI5 (Kebon Jeruk),35.6,34.6,14.0,17.4,32.3,25.5,41.6,PM25,BAIK
2025-01-09,DKI1 (Bunderan HI),88.7,53.0,17.7,9.9,20.6,10.9,71.0,PM10,SEDANG
2025-01-09,DKI2 (Kelapa Gading),43.4,43.5,8.0,14.7,38.7,10.8,52.1,PM25,SEDANG
2025-01-09,DKI3 (Jagakarsa),69.2,27.2,13.4,3.7,37.4,12.7,55.4,PM10,SEDANG
2025-01-09,DKI4 (Lubang Buaya),48.4,21.4,7.0,25.9,28.8,14.1,38.7,PM10,BAIK
2025-01-09,DKI5 (Kebon Jeruk),66.6,46.8,10.3,14.4,46.9,19.6,56.1,PM25,SEDANG
2025-01-10,DKI1 (Bunderan HI),131.9,44.6,7.1,14.8,21.4,21.7,105.5,PM10,TIDAK SEHAT
2025-01-10,DKI2 (Kelapa Gading),65.4,48.2,4.5,7.6,15.6,21.2,57.9,PM25,SEDANG
2025-01-10,DKI3 (Jagakarsa),50.1,37.8,18.6,11.1,42.3,12.9,45.4,PM25,BAIK
2025-01-10,DKI4 (Lubang Buaya),90.9,34.0,16.7,20.6,17.2,19.3,72.7,PM10,SEDANG
2025-01-10,DKI5 (Kebon Jeruk),98.7,34.0,7.4,4.6,36.3,13.3,79.0,PM10,SEDANG
2025-01-11,DKI1 (Bunderan HI),63.7,38.4,13.6,16.9,61.6,19.7,55.5,O3,SEDANG
2025-01-11,DKI2 (Kelapa Gading),101.2,41.0,13.4,12.4,26.8,18.3,80.9,PM10,SEDANG
2025-01-11,DKI3 (Jagakarsa),71.2,10.3,16.7,4.2,31.5,13.0,56.9,PM10,SEDANG
2025-01-11,DKI4 (Lubang Buaya),50.7,26.0,11.3,13.6,31.7,5.4,40.6,PM10,BAIK
2025-01-11,DKI5 (Kebon Jeruk),53.6,33.7,7.9,18.9,16.2,11.8,42.9,PM10,BAIK
2025-01-12,DKI1 (Bunderan HI),33.0,21.9,10.6,18.3,50.4,11.0,45.3,O3,BAIK
2025-01-12,DKI2 (Kelapa Gading),16.3,56.5,17.4,5.9,38.7,16.0,67.8,PM25,SEDANG
2025-01-12,DKI3 (Jagakarsa),42.9,5.0,7.1,7.9,15.0,15.0,34.3,PM10,BAIK
2025-01-12,DKI4 (Lubang Buaya),26.6,47.9,23.7,16.2,58.6,24.6,57.4,PM25,SEDANG
2025-01-12,DKI5 (Kebon Jeruk),44.8,49.6,15.4,6.2,19.2,22.3,59.5,PM25,SEDANG
2025-01-13,DKI1 (Bunderan HI),10.0,51.7,12.6,22.5,50.6,13.3,62.0,PM25,SEDANG
2025-01-13,DKI2 (Kelapa Gading),30.2,48.7,9.5,5.7,31.2,14.2,58.4,PM25,SEDANG
2025-01-13,DKI3 (Jagakarsa),37.7,27.2,15.4,14.8,9.1,28.6,32.7,PM25,BAIK
2025-01-13,DKI4 (Lubang Buaya),54.0,49.7,18.8,11.8,42.9,6.2,59.7,PM25,SEDANG
2025-01-13,DKI5 (Kebon Jeruk),10.0,52.9,13.4,12.2,21.4,10.0,63.4,PM25,SEDANG
2025-01-14,DKI2 (Kelapa Gading),21.5,17.1,5.6,7.2,29.4,29.6,26.5,O3,BAIK
2025-01-14,DKI3 (Jagakarsa),59.9,9.3,9.0,9.4,40.7,22.5,48.0,PM10,BAIK
2025-01-14,DKI4 (Lubang Buaya),89.4,46.9,9.8,15.1,30.8,12.8,71.5,PM10,SEDANG
2025-01-14,DKI5 (Kebon Jeruk),91.6,40.5,13.4,6.4,56.6,14.6,73.3,PM10,SEDANG
2025-01-15,DKI2 (Kelapa Gading),73.8,27.8,8.5,23.8,16.6,14.7,59.0,PM10,SEDANG
2025-01-15,DKI3 (Jagakarsa),68.4,21.5,13.8,8.3,55.9,17.5,54.7,PM10,SEDANG
2025-01-15,DKI4 (Lubang Buaya),65.9,5.0,2.4,21.4,28.7,13.1,52.7,PM10,SEDANG
2025-01-15,DKI5 (Kebon Jeruk),59.2,37.1,19.3,9.2,13.2,31.4,47.4,PM10,BAIK
2025-01-16,DKI1 (Bunderan HI),74.7,35.8,20.3,21.9,13.2,21.1,59.8,PM10,SEDANG
2025-01-16,DKI2 (Kelapa Gading),81.1,22.8,1.0,12.3,27.0,17.2,64.9,PM10,SEDANG
2025-01-16,DKI3 (Jagakarsa),46.4,34.5,20.5,11.4,50.4,5.1,45.4,O3,BAIK
2025-01-16,DKI4 (Lubang Buaya),104.3,38.6,2.1,19.2,31.0,12.8,83.4,PM10,SEDANG
2025-01-16,DKI5 (Kebon Jeruk),26.7,30.7,16.8,10.5,17.1,10.8,36.9,PM25,BAIK
2025-01-17,DKI1 (Bunderan HI),86.1,42.5,15.9,22.6,23.3,14.8,68.9,PM10,SEDANG
2025-01-17,DKI2 (Kelapa Gading),52.7,30.9,6.5,15.4,22.1,10.8,42.2,PM10,BAIK
2025-01-17,DKI3 (Jagakarsa),23.2,60.0,9.0,15.4,49.3,23.1,72.0,PM25,SEDANG
2025-01-17,DKI4 (Lubang Buaya),56.7,31.3,10.5,8.2,44.2,13.9,45.4,PM10,BAIK
2025-01-17,DKI5 (Kebon Jeruk),47.5,52.5,13.0,4.8,38.8,29.6,63.0,PM25,SEDANG
2025-01-18,DKI1 (Bunderan HI),70.1,53.6,18.3,19.4,14.2,1.3,64.4,PM25,SEDANG
2025-01-18,DKI2 (Kelapa Gading),85.4,60.7,4.6,19.0,24.1,12.5,72.8,PM25,SEDANG
2025-01-18,DKI3 (Jagakarsa),52.3,72.6,4.9,9.1,39.6,8.9,87.1,PM25,SEDANG
2025-01-18,DKI4 (Lubang Buaya),108.1,41.7,15.9,14.8,36.3,22.3,86.5,PM10,SEDANG
2025-01-18,DKI5 (Kebon Jeruk),82.2,64.4,9.6,15.3,11.0,6.7,77.3,PM25,SEDANG
2025-01-19,DKI1 (Bunderan HI),45.0,25.6,12.9,6.3,34.5,15.0,36.0,PM10,BAIK
2025-01-19,DKI2 (Kelapa Gading),66.7,43.6,11.7,25.0,34.6,13.9,53.3,PM10,SEDANG
2025-01-19,DKI3 (Jagakarsa),27.7,15.7,17.8,18.6,44.5,24.7,40.1,O3,BAIK
2025-01-19,DKI4 (Lubang Buaya),78.3,73.1,5.9,3.5,31.9,17.0,87.7,PM25,SEDANG
2025-01-19,DKI5 (Kebon Jeruk),77.0,61.1,11.2,18.1,31.9,8.9,73.4,PM25,SEDANG
2025-01-20,DKI1 (Bunderan HI),75.1,52.6,11.1,13.1,27.0,8.4,63.1,PM25,SEDANG
2025-01-20,DKI2 (Kelapa Gading),83.7,25.2,6.2,14.4,21.8,14.5,66.9,PM10,SEDANG
2025-01-20,DKI3 (Jagakarsa),102.4,41.2,4.1,13.3,13.4,1.0,81.9,PM10,SEDANG
2025-01-20,DKI4 (Lubang Buaya),37.5,66.8,7.4,23.9,44.2,26.6,80.2,PM25,SEDANG
2025-01-20,DKI5 (Kebon Jeruk),10.0,56.0,9.8,18.5,29.9,15.0,67.1,PM25,SEDANG
2025-01-21,DKI1 (Bunderan HI),63.4,42.8,17.8,15.8,31.4,7.4,51.4,PM25,SEDANG
2025-01-21,DKI2 (Kelapa Gading),54.4,21.6,7.2,18.8,38.4,27.3,43.5,PM10,BAIK
2025-01-21,DKI3 (Jagakarsa),58.1,41.4,11.5,12.9,17.0,11.9,49.7,PM25,BAIK
2025-01-21,DKI4 (Lubang Buaya),87.4,48.3,12.5,22.1,52.1,20.6,69.9,PM10,SEDANG
2025-01-21,DKI5 (Kebon Jeruk),123.4,54.8,8.5,10.4,39.0,10.8,98.7,PM10,SEDANG
2025-01-22,DKI1 (Bunderan HI),91.7,5.0,8.0,17.1,33.0,4.9,73.3,PM10,SEDANG
2025-01-22,DKI2 (Kelapa Gading),71.6,56.9,2.7,21.2,24.4,13.1,68.3,PM25,SEDANG
2025-01-22,DKI3 (Jagakarsa),34.7,41.8,29.8,11.5,33.9,9.0,50.1,PM25,SEDANG
2025-01-22,DKI4 (Lubang Buaya),37.3,43.4,8.3,14.8,24.1,15.6,52.0,PM25,SEDANG
2025-01-22,DKI5 (Kebon Jeruk),10.0,5.0,16.4,11.1,24.0,10.4,21.6,O3,BAIK
2025-01-23,DKI1 (Bunderan HI),69.8,32.1,5.2,16.3,29.3,2.4,55.8,PM10,SEDANG
2025-01-23,DKI2 (Kelapa Gading),63.6,24.3,7.8,8.1,45.4,14.4,50.9,PM10,SEDANG
2025-01-23,DKI3 (Jagakarsa),59.1,41.6,8.4,6.9,31.5,5.7,49.9,PM25,BAIK
2025-01-23,DKI4 (Lubang Buaya),76.9,48.1,4.7,6.3,27.0,25.5,61.5,PM10,SEDANG
2025-01-24,DKI1 (Bunderan HI),65.2,49.1,1.0,7.8,36.1,24.0,58.9,PM25,SEDANG
2025-01-24,DKI2 (Kelapa Gading),100.8,47.7,18.8,25.1,32.0,20.0,80.6,PM10,SEDANG
2025-01-24,DKI3 (Jagakarsa),33.4,68.5,15.5,17.6,33.3,22.2,82.2,PM25,SEDANG
2025-01-24,DKI4 (Lubang Buaya),91.6,24.0,12.1,15.8,29.6,23.5,73.3,PM10,SEDANG
2025-01-24,DKI5 (Kebon Jeruk),115.5,62.5,6.5,13.6,27.0,12.1,92.4,PM10,SEDANG
2025-01-25,DKI1 (Bunderan HI),55.9,60.6,6.4,9.1,35.5,28.0,72.7,PM25,SEDANG
2025-01-25,DKI2 (Kelapa Gading),103.3,50.2,6.8,15.9,45.7,24.2,82.6,PM10,SEDANG
2025-01-25,DKI3 (Jagakarsa),101.3,67.0,15.6,16.3,41.4,25.6,81.1,PM10,SEDANG
2025-01-25,DKI4 (Lubang Buaya),83.9,27.6,15.2,6.6,33.7,7.0,67.1,PM10,SEDANG
2025-01-25,DKI5 (Kebon Jeruk),95.0,49.3,15.7,17.0,29.1,18.7,76.0,PM10,SEDANG
2025-01-26,DKI1 (Bunderan HI),71.1,44.8,13.2,12.7,30.0,11.0,56.9,PM10,SEDANG
2025-01-26,DKI2 (Kelapa Gading),77.7,31.6,13.7,17.6,58.7,20.1,62.2,PM10,SEDANG
2025-01-26,DKI3 (Jagakarsa),28.3,49.8,17.0,10.8,43.9,18.2,59.7,PM25,SEDANG
2025-01-26,DKI4 (Lubang Buaya),100.6,51.6,11.4,14.5,35.3,14.7,80.5,PM10,SEDANG
2025-01-26,DKI5 (Kebon Jeruk),38.6,48.8,16.7,18.4,32.9,13.2,58.5,PM25,SEDANG
2025-01-27,DKI1 (Bunderan HI),50.4,23.1,14.4,14.8,29.3,18.3,40.3,PM10,BAIK
2025-01-27,DKI2 (Kelapa Gading),82.9,73.9,3.7,7.8,67.1,14.3,88.6,PM25,SEDANG
2025-01-27,DKI3 (Jagakarsa),73.1,48.2,7.5,9.4,24.3,3.4,58.5,PM10,SEDANG
2025-01-27,DKI4 (Lubang Buaya),92.5,70.7,7.7,22.3,39.3,25.7,84.8,PM25,SEDANG
2025-01-27,DKI5 (Kebon Jeruk),77.6,58.6,13.6,9.6,37.4,18.4,70.3,PM25,SEDANG
2025-01-28,DKI1 (Bunderan HI),104.9,50.4,6.3,11.2,43.9,12.0,83.9,PM10,SEDANG
2025-01-28,DKI2 (Kelapa Gading),64.1,43.1,2.6,15.3,50.3,1.0,51.8,PM25,SEDANG
2025-01-28,DKI3 (Jagakarsa),61.7,17.3,12.0,14.5,37.3,19.1,49.3,PM10,BAIK
2025-01-28,DKI4 (Lubang Buaya),52.9,15.5,9.8,8.5,33.5,13.7,42.4,PM10,BAIK
2025-01-28,DKI5 (Kebon Jeruk),49.3,43.1,16.6,20.5,32.5,20.8,51.7,PM25,SEDANG
2025-01-29,DKI2 (Kelapa Gading),21.3,28.6,1.0,5.9,38.2,11.6,34.4,O3,BAIK
2025-01-29,DKI3 (Jagakarsa),30.2,48.3,8.4,20.9,5.3,19.8,58.0,PM25,SEDANG
2025-01-29,DKI4 (Lubang Buaya),131.1,85.4,14.8,20.4,30.6,11.6,104.9,PM10,TIDAK SEHAT
2025-01-29,DKI5 (Kebon Jeruk),63.1,26.1,1.0,11.8,27.8,7.0,50.5,PM10,SEDANG
2025-01-30,DKI1 (Bunderan HI),48.3,47.3,20.6,14.7,32.9,14.6,56.8,PM25,SEDANG
2025-01-30,DKI2 (Kelapa Gading),72.9,35.0,11.2,7.8,35.4,21.5,58.3,PM10,SEDANG
2025-01-30,DKI3 (Jagakarsa),48.7,5.0,11.1,10.5,33.1,9.4,39.0,PM10,BAIK
2025-01-30,DKI4 (Lubang Buaya),71.3,25.0,20.9,10.4,5.0,16.8,57.1,PM10,SEDANG
2025-01-30,DKI5 (Kebon Jeruk),52.5,37.3,6.5,16.5,26.7,21.7,44.8,PM25,BAIK
2025-01-31,DKI1 (Bunderan HI),104.5,35.7,1.2,15.9,11.5,11.4,83.6,PM10,SEDANG
2025-01-31,DKI2 (Kelapa Gading),89.5,42.4,4.4,9.1,26.7,9.3,71.6,PM10,SEDANG
2025-01-31,DKI3 (Jagakarsa),77.7,42.1,4.4,1.0,39.5,14.0,62.2,PM10,SEDANG
2025-01-31,DKI4 (Lubang Buaya),56.7,27.1,10.8,12.2,22.0,9.1,45.3,PM10,BAIK
2025-01-31,DKI5 (Kebon Jeruk),49.6,20.3,11.6,14.5,37.1,5.6,39.7,PM10,BAIK
2025-02-01,DKI1 (Bunderan HI),18.7,46.2,15.9,1.0,43.3,14.5,55.4,PM25,SEDANG
2025-02-01,DKI2 (Kelapa Gading),115.8,47.2,1.0,20.8,25.2,16.9,92.6,PM10,SEDANG
2025-02-01,DKI3 (Jagakarsa),68.7,47.6,18.8,13.8,51.6,11.0,57.1,PM25,SEDANG
2025-02-01,DKI4 (Lubang Buaya),72.2,66.2,12.4,21.4,26.1,13.3,79.4,PM25,SEDANG
2025-02-01,DKI5 (Kebon Jeruk),94.2,62.2,15.8,18.6,35.8,6.9,75.3,PM10,SEDANG
2025-02-02,DKI2 (Kelapa Gading),51.2,24.5,16.3,7.2,5.0,16.4,41.0,PM10,BAIK
2025-02-02,DKI3 (Jagakarsa),69.2,51.9,15.8,13.4,28.6,14.5,62.3,PM25,SEDANG
2025-02-02,DKI5 (Kebon Jeruk),74.0,32.4,8.6,20.0,37.5,10.3,59.2,PM10,SEDANG
2025-02-03,DKI1 (Bunderan HI),53.7,43.5,3.1,15.1,32.6,14.3,52.2,PM25,SEDANG
2025-02-03,DKI2 (Kelapa Gading),53.9,32.9,11.9,5.4,32.7,14.0,43.1,PM10,BAIK
2025-02-03,DKI3 (Jagakarsa),73.2,25.4,12.3,15.5,40.9,15.2,58.6,PM10,SEDANG
2025-02-03,DKI4 (Lubang Buaya),57.0,45.9,14.0,10.9,8.0,18.0,55.1,PM25,SEDANG
2025-02-03,DKI5 (Kebon Jeruk),89.2,28.1,15.8,16.0,14.4,23.5,71.4,PM10,SEDANG
2025-02-04,DKI1 (Bunderan HI),84.3,36.4,15.8,16.1,24.6,19.3,67.4,PM10,SEDANG
2025-02-04,DKI2 (Kelapa Gading),45.7,39.1,12.2,20.6,39.1,10.5,46.9,PM25,BAIK
2025-02-04,DKI4 (Lubang Buaya),23.8,36.9,23.9,22.3,23.2,27.4,44.2,PM25,BAIK
2025-02-04,DKI5 (Kebon Jeruk),99.5,28.8,24.6,11.4,46.8,2.6,79.6,PM10,SEDANG
2025-02-05,DKI1 (Bunderan HI),36.2,54.7,11.2,18.3,50.7,8.1,65.6,PM25,SEDANG
2025-02-05,DKI2 (Kelapa Gading),68.4,53.3,17.1,5.8,15.2,16.1,64.0,PM25,SEDANG
2025-02-05,DKI4 (Lubang Buaya),104.6,44.0,6.3,9.4,29.4,2.1,83.7,PM10,SEDANG
2025-02-05,DKI5 (Kebon Jeruk),66.2,26.7,11.0,23.8,47.6,19.3,53.0,PM10,SEDANG
2025-02-06,DKI2 (Kelapa Gading),55.2,55.9,4.3,7.9,29.3,22.0,67.1,PM25,SEDANG
2025-02-06,DKI3 (Jagakarsa),47.4,43.6,4.9,17.9,40.0,24.0,52.3,PM25,SEDANG
2025-02-06,DKI4 (Lubang Buaya),64.5,57.5,3.1,7.2,26.9,7.7,69.0,PM25,SEDANG
2025-02-06,DKI5 (Kebon Jeruk),66.4,64.1,10.3,10.8,50.1,5.4,77.0,PM25,SEDANG
2025-02-07,DKI1 (Bunderan HI),61.1,27.1,11.6,10.5,15.7,13.2,48.9,PM10,BAIK
2025-02-07,DKI2 (Kelapa Gading),56.5,34.8,4.1,14.8,38.9,14.6,45.2,PM10,BAIK
2025-02-07,DKI3 (Jagakarsa),57.0,25.4,8.5,21.5,27.5,15.3,45.6,PM10,BAIK
2025-02-07,DKI4 (Lubang Buaya),69.2,23.8,8.5,14.8,25.3,8.8,55.4,PM10,SEDANG
2025-02-07,DKI5 (Kebon Jeruk),21.4,52.5,7.6,7.4,32.3,17.0,63.0,PM25,SEDANG
2025-02-08,DKI1 (Bunderan HI),52.5,70.7,17.6,12.1,36.8,2.9,84.9,PM25,SEDANG
2025-02-08,DKI2 (Kelapa Gading),80.5,44.1,1.0,10.7,14.3,20.4,64.4,PM10,SEDANG
2025-02-08,DKI3 (Jagakarsa),32.8,10.4,5.8,12.0,30.9,8.5,27.8,O3,BAIK
2025-02-08,DKI4 (Lubang Buaya),64.4,26.1,11.7,17.0,33.2,12.7,51.5,PM10,SEDANG
2025-02-09,DKI1 (Bunderan HI),64.5,23.0,14.9,12.5,48.9,27.7,51.6,PM10,SEDANG
2025-02-09,DKI2 (Kelapa Gading),27.4,50.4,9.1,14.2,31.5,5.7,60.5,PM25,SEDANG
2025-02-09,DKI3 (Jagakarsa),80.3,27.4,18.1,11.3,34.8,18.1,64.2,PM10,SEDANG
2025-02-09,DKI4 (Lubang Buaya),76.8,50.1,14.0,11.8,27.7,19.1,61.5,PM10,SEDANG
2025-02-09,DKI5 (Kebon Jeruk),67.0,26.2,10.9,4.7,30.4,13.0,53.6,PM10,SEDANG
2025-02-10,DKI1 (Bunderan HI),64.2,40.0,14.3,20.8,26.6,10.2,51.3,PM10,SEDANG
2025-02-10,DKI2 (Kelapa Gading),67.5,22.0,19.8,13.2,22.2,9.7,54.0,PM10,SEDANG
2025-02-10,DKI3 (Jagakarsa),46.2,55.8,11.9,25.0,5.0,22.9,67.0,PM25,SEDANG
2025-02-10,DKI4 (Lubang Buaya),10.0,22.6,10.2,8.2,23.7,19.5,27.1,PM25,BAIK
2025-02-10,DKI5 (Kebon Jeruk),95.9,55.2,12.4,13.7,11.6,10.7,76.7,PM10,SEDANG
2025-02-11,DKI1 (Bunderan HI),40.6,60.5,16.7,7.2,13.4,27.9,72.5,PM25,SEDANG
2025-02-11,DKI2 (Kelapa Gading),123.0,19.9,4.1,10.0,39.2,20.2,98.4,PM10,SEDANG
2025-02-11,DKI3 (Jagakarsa),38.8,70.1,7.4,13.1,29.3,11.0,84.2,PM25,SEDANG
2025-02-11,DKI4 (Lubang Buaya),112.0,5.0,11.4,21.3,9.3,12.7,89.6,PM10,SEDANG
2025-02-11,DKI5 (Kebon Jeruk),81.3,59.6,11.7,5.4,39.2,9.1,71.5,PM25,SEDANG
2025-02-12,DKI1 (Bunderan HI),73.0,5.8,10.0,13.0,28.2,17.1,58.4,PM10,SEDANG
2025-02-12,DKI2 (Kelapa Gading),75.8,72.5,7.1,18.7,32.9,19.1,87.0,PM25,SEDANG
2025-02-12,DKI3 (Jagakarsa),78.6,39.7,14.4,7.8,40.2,4.5,62.9,PM10,SEDANG
2025-02-12,DKI4 (Lubang Buaya),77.7,52.7,2.0,6.0,23.8,21.7,63.2,PM25,SEDANG
2025-02-12,DKI5 (Kebon Jeruk),92.0,33.5,12.5,6.8,30.5,20.9,73.6,PM10,SEDANG
2025-02-13,DKI1 (Bunderan HI),91.5,67.1,7.1,12.3,21.0,15.7,80.5,PM25,SEDANG
2025-02-13,DKI3 (Jagakarsa),58.0,43.7,9.5,28.8,38.4,9.7,52.4,PM25,SEDANG
2025-02-13,DKI4 (Lubang Buaya),58.1,44.7,6.7,11.2,16.0,11.0,53.7,PM25,SEDANG
2025-02-13,DKI5 (Kebon Jeruk),44.2,5.4,10.1,8.5,8.2,20.8,35.4,PM10,BAIK
2025-02-14,DKI1 (Bunderan HI),88.7,27.0,14.3,7.4,25.0,12.5,70.9,PM10,SEDANG
2025-02-14,DKI2 (Kelapa Gading),99.4,40.8,14.9,3.2,26.8,20.1,79.5,PM10,SEDANG
2025-02-14,DKI3 (Jagakarsa),63.1,37.0,9.0,18.5,33.5,5.5,50.5,PM10,SEDANG
2025-02-14,DKI4 (Lubang Buaya),48.6,81.2,10.6,1.1,36.5,19.9,97.4,PM25,SEDANG
2025-02-14,DKI5 (Kebon Jeruk),99.0,35.6,21.5,16.3,59.5,14.0,79.2,PM10,SEDANG
2025-02-15,DKI1 (Bunderan HI),95.8,77.0,10.2,6.5,15.3,12.5,92.4,PM25,SEDANG
2025-02-15,DKI2 (Kelapa Gading),41.6,28.1,9.0,12.7,30.0,4.3,33.7,PM25,BAIK
2025-02-15,DKI3 (Jagakarsa),27.2,76.8,16.5,13.4,54.0,13.9,92.1,PM25,SEDANG
2025-02-15,DKI4 (Lubang Buaya),41.8,65.4,16.3,21.9,23.4,10.0,78.5,PM25,SEDANG
2025-02-16,DKI1 (Bunderan HI),63.8,27.2,8.3,13.5,23.6,13.4,51.0,PM10,SEDANG
2025-02-16,DKI2 (Kelapa Gading),61.5,33.4,23.1,15.9,39.4,15.3,49.2,PM10,BAIK
2025-02-16,DKI3 (Jagakarsa),59.2,13.7,3.8,13.4,42.2,6.0,47.3,PM10,BAIK
2025-02-16,DKI4 (Lubang Buaya),60.0,60.0,12.4,13.6,29.1,16.6,71.9,PM25,SEDANG
2025-02-17,DKI1 (Bunderan HI),55.0,30.0,15.7,16.2,65.2,20.2,58.7,O3,SEDANG
2025-02-17,DKI2 (Kelapa Gading),78.0,18.5,3.5,25.3,35.2,11.8,62.4,PM10,SEDANG
2025-02-17,DKI3 (Jagakarsa),14.2,91.1,11.5,16.2,35.7,18.0,109.3,PM25,TIDAK SEHAT
2025-02-17,DKI4 (Lubang Buaya),72.9,16.2,15.3,18.4,48.7,11.6,58.3,PM10,SEDANG
2025-02-17,DKI5 (Kebon Jeruk),74.9,49.0,25.9,32.9,37.4,7.8,59.9,PM10,SEDANG
2025-02-18,DKI1 (Bunderan HI),51.5,36.6,17.1,21.5,45.3,20.3,44.0,PM25,BAIK
2025-02-18,DKI2 (Kelapa Gading),93.3,14.6,4.9,6.1,35.5,17.4,74.7,PM10,SEDANG
2025-02-18,DKI3 (Jagakarsa),27.9,42.5,13.8,11.8,55.1,29.7,51.0,PM25,SEDANG
2025-02-18,DKI4 (Lubang Buaya),46.1,35.2,14.6,13.4,19.3,24.3,42.2,PM25,BAIK
2025-02-18,DKI5 (Kebon Jeruk),69.6,42.4,6.1,6.7,37.4,29.5,55.7,PM10,SEDANG
2025-02-19,DKI1 (Bunderan HI),34.6,32.6,6.0,7.6,54.3,16.4,48.8,O3,BAIK
2025-02-19,DKI2 (Kelapa Gading),83.3,29.3,17.2,10.1,11.2,11.6,66.6,PM10,SEDANG
2025-02-19,DKI3 (Jagakarsa),100.1,19.1,14.6,14.7,48.8,19.2,80.1,PM10,SEDANG
2025-02-19,DKI4 (Lubang Buaya),94.4,69.6,8.2,18.8,33.1,13.4,83.5,PM25,SEDANG
2025-02-19,DKI5 (Kebon Jeruk),114.1,82.6,11.3,11.8,60.6,14.3,99.2,PM25,SEDANG
2025-02-20,DKI1 (Bunderan HI),41.5,56.1,6.8,3.4,8.2,5.9,67.3,PM25,SEDANG
2025-02-20,DKI2 (Kelapa Gading),30.1,24.5,14.8,15.0,24.2,19.3,29.4,PM25,BAIK
2025-02-20,DKI3 (Jagakarsa),66.4,32.1,12.7,14.7,27.7,1.0,53.1,PM10,SEDANG
2025-02-20,DKI4 (Lubang Buaya),45.1,60.3,1.0,14.8,39.0,12.0,72.3,PM25,SEDANG
2025-02-20,DKI5 (Kebon Jeruk),36.6,74.9,15.9,9.4,13.7,20.1,89.9,PM25,SEDANG
2025-02-21,DKI1 (Bunderan HI),57.6,56.3,13.6,10.6,36.0,24.4,67.6,PM25,SEDANG
2025-02-21,DKI2 (Kelapa Gading),54.4,10.0,8.3,11.7,20.4,19.3,43.5,PM10,BAIK
2025-02-21,DKI3 (Jagakarsa),75.7,56.0,12.7,11.0,47.9,17.2,67.2,PM25,SEDANG
2025-02-21,DKI4 (Lubang Buaya),94.6,30.2,15.3,14.7,38.0,19.1,75.7,PM10,SEDANG
2025-02-21,DKI5 (Kebon Jeruk),26.2,36.2,9.3,13.8,32.7,18.4,43.5,PM25,BAIK
2025-02-22,DKI1 (Bunderan HI),56.1,41.1,12.9,15.8,28.6,13.7,49.3,PM25,BAIK
2025-02-22,DKI2 (Kelapa Gading),88.1,37.1,4.1,13.0,36.6,21.6,70.5,PM10,SEDANG
2025-02-22,DKI3 (Jagakarsa),73.8,50.4,8.1,8.5,37.3,28.5,60.4,PM25,SEDANG
2025-02-22,DKI4 (Lubang Buaya),100.6,61.1,13.8,12.6,48.1,23.2,80.5,PM10,SEDANG
2025-02-22,DKI5 (Kebon Jeruk),61.8,26.7,10.6,14.8,24.3,8.9,49.4,PM10,BAIK
2025-02-23,DKI1 (Bunderan HI),63.2,28.7,11.3,24.1,48.1,26.8,50.6,PM10,SEDANG
2025-02-23,DKI2 (Kelapa Gading),21.7,73.8,9.1,16.2,61.2,15.8,88.6,PM25,SEDANG
2025-02-23,DKI3 (Jagakarsa),28.6,9.1,11.1,6.4,30.1,15.7,27.1,O3,BAIK
2025-02-23,DKI4 (Lubang Buaya),78.1,37.2,18.3,13.0,34.6,13.3,62.5,PM10,SEDANG
2025-02-23,DKI5 (Kebon Jeruk),71.5,47.9,12.7,10.4,44.7,1.0,57.5,PM25,SEDANG
2025-02-24,DKI1 (Bunderan HI),53.8,64.7,17.0,12.7,20.7,10.1,77.6,PM25,SEDANG
2025-02-24,DKI2 (Kelapa Gading),52.6,20.1,14.7,13.3,51.0,5.5,45.9,O3,BAIK
2025-02-24,DKI3 (Jagakarsa),41.7,53.8,20.4,6.3,34.8,9.7,64.6,PM25,SEDANG
2025-02-24,DKI4 (Lubang Buaya),27.6,26.8,8.3,13.6,14.8,17.2,32.1,PM25,BAIK
2025-02-24,DKI5 (Kebon Jeruk),79.8,34.7,22.9,21.3,59.9,10.9,63.9,PM10,SEDANG
2025-02-25,DKI1 (Bunderan HI),81.8,42.8,9.4,13.9,22.5,11.8,65.5,PM10,SEDANG
2025-02-25,DKI2 (Kelapa Gading),50.8,52.5,6.6,14.4,25.7,18.4,63.0,PM25,SEDANG
2025-02-25,DKI3 (Jagakarsa),68.4,33.1,15.4,5.9,27.9,8.7,54.7,PM10,SEDANG
2025-02-25,DKI4 (Lubang Buaya),16.0,27.2,8.0,14.1,33.4,21.5,32.6,PM25,BAIK
2025-02-25,DKI5 (Kebon Jeruk),80.1,42.2,16.1,5.7,42.2,14.9,64.0,PM10,SEDANG
2025-02-26,DKI1 (Bunderan HI),98.3,53.3,1.7,5.9,26.8,9.4,78.6,PM10,SEDANG
2025-02-26,DKI2 (Kelapa Gading),33.3,24.9,3.6,16.3,37.4,12.0,33.6,O3,BAIK
2025-02-26,DKI3 (Jagakarsa),117.4,13.6,16.1,14.8,13.8,18.5,93.9,PM10,SEDANG
2025-02-26,DKI4 (Lubang Buaya),76.9,53.7,9.4,8.4,26.9,19.2,64.5,PM25,SEDANG
2025-02-26,DKI5 (Kebon Jeruk),39.7,41.9,18.5,16.3,39.3,22.8,50.2,PM25,SEDANG
2025-02-27,DKI2 (Kelapa Gading),78.2,42.1,8.3,9.9,44.5,15.2,62.6,PM10,SEDANG
2025-02-27,DKI3 (Jagakarsa),44.3,47.8,19.5,3.7,33.0,13.4,57.4,PM25,SEDANG
2025-02-27,DKI4 (Lubang Buaya),101.8,39.8,11.7,14.6,42.4,20.5,81.4,PM10,SEDANG
2025-02-27,DKI5 (Kebon Jeruk),49.0,17.7,3.7,11.5,49.2,6.2,44.3,O3,BAIK
2025-02-28,DKI1 (Bunderan HI),118.2,47.3,2.0,9.4,39.2,20.5,94.6,PM10,SEDANG
2025-02-28,DKI2 (Kelapa Gading),15.9,69.4,13.9,15.1,65.3,10.9,83.3,PM25,SEDANG
2025-02-28,DKI4 (Lubang Buaya),53.4,78.0,8.2,13.3,11.2,26.7,93.5,PM25,SEDANG
2025-02-28,DKI5 (Kebon Jeruk),46.4,47.4,15.8,11.6,46.1,4.7,56.9,PM25,SEDANG
2025-03-01,DKI1 (Bunderan HI),74.8,41.0,20.9,16.0,25.0,22.1,59.8,PM10,SEDANG
2025-03-01,DKI2 (Kelapa Gading),68.0,50.3,11.6,10.8,37.7,12.7,60.4,PM25,SEDANG
2025-03-01,DKI3 (Jagakarsa),110.0,7.0,12.0,6.9,29.4,9.2,88.0,PM10,SEDANG
2025-03-01,DKI4 (Lubang Buaya),64.7,21.8,10.6,11.5,31.3,21.3,51.7,PM10,SEDANG
2025-03-01,DKI5 (Kebon Jeruk),57.0,48.1,20.5,6.4,39.2,7.8,57.7,PM25,SEDANG
2025-03-02,DKI1 (Bunderan HI),77.9,21.5,12.9,24.7,37.7,13.1,62.4,PM10,SEDANG
2025-03-02,DKI2 (Kelapa Gading),74.8,7.8,14.2,10.7,46.2,15.6,59.9,PM10,SEDANG
2025-03-02,DKI3 (Jagakarsa),29.9,36.0,3.0,17.4,24.0,20.2,43.2,PM25,BAIK
2025-03-02,DKI4 (Lubang Buaya),35.6,46.4,12.1,19.0,23.2,18.4,55.7,PM25,SEDANG
2025-03-02,DKI5 (Kebon Jeruk),49.0,57.2,17.6,9.7,25.1,5.3,68.6,PM25,SEDANG
2025-03-03,DKI1 (Bunderan HI),14.5,55.2,16.7,12.3,22.5,11.4,66.3,PM25,SEDANG
2025-03-03,DKI2 (Kelapa Gading),70.8,55.0,5.6,13.7,33.0,9.0,65.9,PM25,SEDANG
2025-03-03,DKI3 (Jagakarsa),86.6,57.1,10.2,13.7,21.1,18.2,69.2,PM10,SEDANG
2025-03-03,DKI4 (Lubang Buaya),115.3,59.8,9.6,3.6,37.0,14.0,92.2,PM10,SEDANG
2025-03-03,DKI5 (Kebon Jeruk),56.1,49.9,11.3,8.6,39.9,13.2,59.9,PM25,SEDANG
2025-03-04,DKI1 (Bunderan HI),45.9,25.5,7.8,11.6,12.7,16.1,36.7,PM10,BAIK
2025-03-04,DKI2 (Kelapa Gading),108.3,14.0,2.5,17.9,38.6,8.8,86.7,PM10,SEDANG
2025-03-04,DKI3 (Jagakarsa),22.2,72.1,13.8,10.7,26.9,10.7,86.5,PM25,SEDANG
2025-03-04,DKI4 (Lubang Buaya),78.7,16.6,9.8,19.2,26.0,16.7,63.0,PM10,SEDANG
2025-03-04,DKI5 (Kebon Jeruk),71.5,91.2,10.2,22.3,38.3,16.3,109.5,PM25,TIDAK SEHAT
2025-03-05,DKI1 (Bunderan HI),55.6,48.3,16.5,19.9,33.4,17.4,57.9,PM25,SEDANG
2025-03-05,DKI2 (Kelapa Gading),110.9,33.4,12.8,21.0,41.9,17.2,88.7,PM10,SEDANG
2025-03-05,DKI3 (Jagakarsa),55.9,47.0,11.6,19.9,37.4,16.0,56.4,PM25,SEDANG
2025-03-05,DKI4 (Lubang Buaya),82.4,52.7,14.0,14.2,19.5,6.0,65.9,PM10,SEDANG
2025-03-05,DKI5 (Kebon Jeruk),50.6,81.0,5.1,20.1,35.0,24.2,97.3,PM25,SEDANG
2025-03-06,DKI1 (Bunderan HI),88.6,55.4,13.9,1.0,48.9,12.6,70.9,PM10,SEDANG
2025-03-06,DKI2 (Kelapa Gading),114.4,54.0,1.0,9.7,12.9,5.8,91.5,PM10,SEDANG
2025-03-06,DKI3 (Jagakarsa),78.8,64.8,15.1,7.2,48.9,20.9,77.7,PM25,SEDANG
2025-03-06,DKI4 (Lubang Buaya),123.0,47.4,5.4,15.7,32.9,34.9,98.4,PM10,SEDANG
2025-03-06,DKI5 (Kebon Jeruk),67.4,27.5,13.6,5.4,40.0,11.7,53.9,PM10,SEDANG
2025-03-07,DKI1 (Bunderan HI),75.2,10.8,13.2,17.2,39.1,11.6,60.2,PM10,SEDANG
2025-03-07,DKI2 (Kelapa Gading),56.1,30.6,13.7,22.3,31.6,24.1,44.9,PM10,BAIK
2025-03-07,DKI3 (Jagakarsa),52.4,62.4,14.8,6.6,40.6,14.0,74.9,PM25,SEDANG
2025-03-07,DKI4 (Lubang Buaya),93.0,53.6,10.8,9.9,31.3,16.2,74.4,PM10,SEDANG
2025-03-07,DKI5 (Kebon Jeruk),81.3,49.3,9.5,6.1,38.4,19.1,65.1,PM10,SEDANG
2025-03-08,DKI1 (Bunderan HI),69.3,5.0,9.9,3.9,38.1,4.5,55.5,PM10,SEDANG
2025-03-08,DKI2 (Kelapa Gading),70.6,43.3,16.1,13.0,37.0,16.1,56.5,PM10,SEDANG
2025-03-08,DKI3 (Jagakarsa),66.7,59.5,16.7,10.6,25.0,18.5,71.4,PM25,SEDANG
2025-03-08,DKI4 (Lubang Buaya),67.5,38.4,3.9,20.0,16.5,13.0,54.0,PM10,SEDANG
2025-03-08,DKI5 (Kebon Jeruk),48.6,17.4,23.9,11.2,33.1,26.6,38.9,PM10,BAIK
2025-03-09,DKI1 (Bunderan HI),76.4,38.5,9.8,11.9,48.2,20.3,61.1,PM10,SEDANG
2025-03-09,DKI2 (Kelapa Gading),51.6,28.6,17.6,11.0,51.8,2.7,46.7,O3,BAIK
2025-03-09,DKI3 (Jagakarsa),99.7,43.5,12.1,17.9,27.7,20.5,79.8,PM10,SEDANG
2025-03-09,DKI4 (Lubang Buaya),93.4,24.2,13.3,14.5,20.1,10.4,74.7,PM10,SEDANG
2025-03-09,DKI5 (Kebon Jeruk),63.4,38.6,6.5,17.7,52.3,19.1,50.7,PM10,SEDANG
2025-03-10,DKI2 (Kelapa Gading),82.3,75.6,11.9,13.2,62.2,24.0,90.7,PM25,SEDANG
2025-03-10,DKI3 (Jagakarsa),80.2,36.8,14.6,6.8,31.8,13.0,64.2,PM10,SEDANG
2025-03-10,DKI4 (Lubang Buaya),63.1,55.6,4.1,20.5,27.8,15.6,66.8,PM25,SEDANG
2025-03-10,DKI5 (Kebon Jeruk),75.8,36.8,9.3,11.0,50.2,14.5,60.7,PM10,SEDANG
2025-03-11,DKI1 (Bunderan HI),76.3,35.1,11.3,7.8,22.6,11.3,61.0,PM10,SEDANG
2025-03-11,DKI2 (Kelapa Gading),88.8,27.7,6.3,19.9,17.1,2.8,71.0,PM10,SEDANG
2025-03-11,DKI3 (Jagakarsa),37.8,26.8,7.3,17.7,36.4,14.2,32.8,O3,BAIK
2025-03-11,DKI4 (Lubang Buaya),74.2,46.5,13.4,19.8,48.7,15.7,59.3,PM10,SEDANG
2025-03-11,DKI5 (Kebon Jeruk),84.0,5.0,14.0,23.4,28.1,13.5,67.2,PM10,SEDANG
2025-03-12,DKI1 (Bunderan HI),48.9,38.7,1.0,14.4,31.4,27.5,46.5,PM25,BAIK
2025-03-12,DKI3 (Jagakarsa),38.4,59.4,13.5,7.5,28.4,24.0,71.3,PM25,SEDANG
2025-03-12,DKI4 (Lubang Buaya),10.0,38.5,13.2,15.8,41.7,11.1,46.2,PM25,BAIK
2025-03-12,DKI5 (Kebon Jeruk),69.4,24.1,8.4,16.9,45.4,7.2,55.5,PM10,SEDANG
2025-03-13,DKI1 (Bunderan HI),70.8,58.4,5.8,15.6,27.2,13.2,70.0,PM25,SEDANG
2025-03-13,DKI2 (Kelapa Gading),83.1,22.7,6.3,13.7,61.4,11.7,66.5,PM10,SEDANG
2025-03-13,DKI3 (Jagakarsa),103.7,51.2,21.3,8.7,55.3,11.5,83.0,PM10,SEDANG
2025-03-13,DKI4 (Lubang Buaya),83.7,53.8,29.4,16.1,31.8,8.8,67.0,PM10,SEDANG
2025-03-13,DKI5 (Kebon Jeruk),44.2,31.5,9.7,11.9,35.9,18.5,37.8,PM25,BAIK
2025-03-14,DKI1 (Bunderan HI),54.9,47.3,16.1,16.9,35.8,10.5,56.8,PM25,SEDANG
2025-03-14,DKI2 (Kelapa Gading),46.3,53.7,11.1,5.2,16.4,20.2,64.5,PM25,SEDANG
2025-03-14,DKI3 (Jagakarsa),91.4,50.2,9.0,16.5,26.0,17.2,73.2,PM10,SEDANG
2025-03-14,DKI4 (Lubang Buaya),106.8,5.0,7.6,6.5,61.3,18.8,85.4,PM10,SEDANG
2025-03-14,DKI5 (Kebon Jeruk),37.8,40.2,9.5,8.4,22.5,1.0,48.3,PM25,BAIK
2025-03-15,DKI1 (Bunderan HI),43.1,13.7,19.6,9.8,23.6,18.3,34.5,PM10,BAIK
2025-03-15,DKI2 (Kelapa Gading),57.2,8.3,7.6,11.9,48.4,17.0,45.7,PM10,BAIK
2025-03-15,DKI3 (Jagakarsa),72.9,20.5,12.7,10.9,33.9,7.0,58.3,PM10,SEDANG
2025-03-15,DKI4 (Lubang Buaya),78.4,49.5,3.7,8.6,22.1,20.6,62.7,PM10,SEDANG
2025-03-15,DKI5 (Kebon Jeruk),92.4,7.4,10.6,10.9,26.7,18.8,74.0,PM10,SEDANG
2025-03-16,DKI1 (Bunderan HI),89.2,54.1,15.8,20.6,32.1,21.2,71.4,PM10,SEDANG
2025-03-16,DKI2 (Kelapa Gading),84.4,53.7,5.1,14.3,33.6,21.4,67.5,PM10,SEDANG
2025-03-16,DKI3 (Jagakarsa),62.1,31.3,12.5,11.8,43.8,10.1,49.7,PM10,BAIK
2025-03-16,DKI4 (Lubang Buaya),91.4,18.3,13.5,13.5,42.3,10.6,73.2,PM10,SEDANG
2025-03-16,DKI5 (Kebon Jeruk),66.1,44.5,16.2,20.2,25.7,5.0,53.4,PM25,SEDANG
2025-03-17,DKI1 (Bunderan HI),51.0,26.2,3.7,10.0,28.9,17.1,40.8,PM10,BAIK
2025-03-17,DKI2 (Kelapa Gading),132.5,34.5,19.3,6.3,45.0,18.2,106.0,PM10,TIDAK SEHAT
2025-03-17,DKI3 (Jagakarsa),51.6,40.5,12.8,11.0,27.9,13.6,48.6,PM25,BAIK
2025-03-17,DKI4 (Lubang Buaya),71.8,27.0,10.1,13.8,34.5,17.8,57.4,PM10,SEDANG
2025-03-17,DKI5 (Kebon Jeruk),68.8,25.2,7.1,17.7,35.1,17.9,55.1,PM10,SEDANG
2025-03-18,DKI1 (Bunderan HI),74.9,36.2,13.7,8.7,29.8,13.8,59.9,PM10,SEDANG
2025-03-18,DKI2 (Kelapa Gading),80.6,39.7,7.1,5.8,33.8,16.7,64.5,PM10,SEDANG
2025-03-18,DKI3 (Jagakarsa),46.3,49.6,20.2,14.6,35.6,12.1,59.6,PM25,SEDANG
2025-03-18,DKI4 (Lubang Buaya),114.9,34.3,10.1,15.6,24.3,14.6,91.9,PM10,SEDANG
2025-03-18,DKI5 (Kebon Jeruk),92.1,52.3,5.0,12.5,24.6,25.2,73.7,PM10,SEDANG
2025-03-19,DKI1 (Bunderan HI),80.5,20.0,16.5,17.6,14.3,16.1,64.4,PM10,SEDANG
2025-03-19,DKI2 (Kelapa Gading),70.2,53.5,9.4,4.7,22.9,22.4,64.3,PM25,SEDANG
2025-03-19,DKI3 (Jagakarsa),70.5,36.0,6.0,7.6,17.2,12.3,56.4,PM10,SEDANG
2025-03-19,DKI4 (Lubang Buaya),86.4,5.0,8.2,4.9,24.3,20.9,69.1,PM10,SEDANG
2025-03-19,DKI5 (Kebon Jeruk),93.9,56.2,10.9,9.5,39.8,9.7,75.1,PM10,SEDANG
2025-03-20,DKI1 (Bunderan HI),46.9,65.7,6.2,20.4,23.0,16.9,78.9,PM25,SEDANG
2025-03-20,DKI2 (Kelapa Gading),57.6,35.6,7.4,17.3,44.4,23.1,46.1,PM10,BAIK
2025-03-20,DKI3 (Jagakarsa),45.3,61.6,15.3,1.1,35.5,21.5,73.9,PM25,SEDANG
2025-03-20,DKI4 (Lubang Buaya),72.7,29.4,3.1,7.4,38.8,5.4,58.2,PM10,SEDANG
2025-03-20,DKI5 (Kebon Jeruk),53.4,46.5,7.8,6.9,20.6,21.3,55.8,PM25,SEDANG
2025-03-21,DKI1 (Bunderan HI),55.9,27.3,1.9,22.5,24.7,18.2,44.7,PM10,BAIK
2025-03-21,DKI2 (Kelapa Gading),92.0,34.5,6.2,5.3,37.9,21.6,73.6,PM10,SEDANG
2025-03-21,DKI3 (Jagakarsa),59.0,41.5,9.1,10.5,49.7,17.1,49.8,PM25,BAIK
2025-03-21,DKI4 (Lubang Buaya),56.4,34.8,8.7,8.9,34.6,3.7,45.1,PM10,BAIK
2025-03-21,DKI5 (Kebon Jeruk),36.1,27.7,12.6,7.9,49.9,10.3,44.9,O3,BAIK
2025-03-22,DKI1 (Bunderan HI),61.0,53.3,8.0,21.1,31.5,17.0,63.9,PM25,SEDANG
2025-03-22,DKI2 (Kelapa Gading),60.7,40.7,8.1,10.6,29.0,16.1,48.8,PM25,BAIK
2025-03-22,DKI3 (Jagakarsa),35.5,48.0,14.4,20.2,30.8,15.9,57.5,PM25,SEDANG
2025-03-22,DKI4 (Lubang Buaya),50.4,66.9,7.8,14.0,55.2,20.2,80.3,PM25,SEDANG
2025-03-23,DKI2 (Kelapa Gading),22.6,38.1,12.2,6.6,60.0,2.0,54.0,O3,SEDANG
2025-03-23,DKI3 (Jagakarsa),89.8,39.9,7.0,17.4,28.1,30.7,71.8,PM10,SEDANG
2025-03-23,DKI4 (Lubang Buaya),79.5,49.9,11.1,4.3,8.5,18.5,63.6,PM10,SEDANG
2025-03-23,DKI5 (Kebon Jeruk),89.7,22.5,9.5,16.4,17.5,22.6,71.8,PM10,SEDANG
2025-03-24,DKI1 (Bunderan HI),78.3,40.7,20.5,15.7,38.9,11.7,62.6,PM10,SEDANG
2025-03-24,DKI2 (Kelapa Gading),57.3,29.2,6.8,19.5,21.2,16.9,45.9,PM10,BAIK
2025-03-24,DKI3 (Jagakarsa),44.7,43.9,11.3,8.1,39.1,8.4,52.6,PM25,SEDANG
2025-03-24,DKI4 (Lubang Buaya),68.0,5.0,14.5,17.3,52.3,19.4,54.4,PM10,SEDANG
2025-03-24,DKI5 (Kebon Jeruk),31.6,14.3,16.0,22.9,9.9,12.9,25.3,PM10,BAIK
2025-03-25,DKI1 (Bunderan HI),67.3,32.6,11.6,17.5,56.2,18.6,53.8,PM10,SEDANG
2025-03-25,DKI2 (Kelapa Gading),60.2,45.5,5.5,13.0,36.5,13.1,54.6,PM25,SEDANG
2025-03-25,DKI3 (Jagakarsa),39.6,33.6,9.1,7.6,17.7,5.9,40.4,PM25,BAIK
2025-03-25,DKI4 (Lubang Buaya),82.4,26.8,7.1,23.0,24.3,24.3,65.9,PM10,SEDANG
2025-03-25,DKI5 (Kebon Jeruk),101.5,35.9,13.3,6.2,20.2,19.9,81.2,PM10,SEDANG
2025-03-26,DKI1 (Bunderan HI),102.7,51.1,9.2,11.0,33.1,21.8,82.2,PM10,SEDANG
2025-03-26,DKI2 (Kelapa Gading),53.4,35.6,14.2,19.7,30.5,11.6,42.8,PM25,BAIK
2025-03-26,DKI3 (Jagakarsa),53.6,55.7,12.2,8.9,55.2,19.0,66.9,PM25,SEDANG
2025-03-26,DKI4 (Lubang Buaya),71.6,40.7,8.5,4.3,44.5,10.9,57.3,PM10,SEDANG
2025-03-26,DKI5 (Kebon Jeruk),54.0,37.5,8.6,20.5,19.4,12.1,45.0,PM25,BAIK
2025-03-27,DKI1 (Bunderan HI),31.4,26.3,8.9,20.3,29.8,16.9,31.5,PM25,BAIK
2025-03-27,DKI2 (Kelapa Gading),42.5,37.8,10.6,1.0,27.7,24.3,45.4,PM25,BAIK
2025-03-27,DKI3 (Jagakarsa),51.4,63.1,16.7,5.3,27.1,3.3,75.8,PM25,SEDANG
2025-03-27,DKI4 (Lubang Buaya),65.4,75.5,18.2,13.4,31.8,29.2,90.6,PM25,SEDANG
2025-03-27,DKI5 (Kebon Jeruk),42.8,52.0,2.8,3.5,21.5,11.0,62.4,PM25,SEDANG
2025-03-28,DKI1 (Bunderan HI),69.1,51.6,6.3,16.5,61.2,10.4,61.9,PM25,SEDANG
2025-03-28,DKI2 (Kelapa Gading),68.9,51.7,17.2,1.1,32.5,29.5,62.1,PM25,SEDANG
2025-03-28,DKI3 (Jagakarsa),10.0,34.6,14.8,9.4,49.8,11.0,44.8,O3,BAIK
2025-03-28,DKI4 (Lubang Buaya),91.2,57.1,9.5,18.0,24.4,24.9,73.0,PM10,SEDANG
2025-03-28,DKI5 (Kebon Jeruk),100.5,79.1,19.9,18.3,25.1,25.6,94.9,PM25,SEDANG
2025-03-29,DKI1 (Bunderan HI),89.7,28.5,10.2,13.2,19.3,9.9,71.7,PM10,SEDANG
2025-03-29,DKI2 (Kelapa Gading),94.1,52.2,23.3,7.5,33.2,13.2,75.3,PM10,SEDANG
2025-03-29,DKI3 (Jagakarsa),82.6,36.2,5.6,9.7,48.7,10.9,66.0,PM10,SEDANG
2025-03-29,DKI4 (Lubang Buaya),73.2,39.5,7.6,16.6,44.4,21.3,58.6,PM10,SEDANG
2025-03-29,DKI5 (Kebon Jeruk),68.7,58.9,4.8,10.8,31.3,15.1,70.6,PM25,SEDANG
2025-03-30,DKI1 (Bunderan HI),110.7,25.5,8.0,10.5,44.2,17.6,88.6,PM10,SEDANG
2025-03-30,DKI2 (Kelapa Gading),112.1,37.7,13.6,17.4,20.0,14.3,89.7,PM10,SEDANG
2025-03-30,DKI3 (Jagakarsa),60.9,52.9,21.9,9.8,40.1,13.0,63.5,PM25,SEDANG
2025-03-30,DKI4 (Lubang Buaya),44.9,32.0,12.8,16.5,41.6,14.0,38.5,PM25,BAIK
2025-03-30,DKI5 (Kebon Jeruk),44.1,21.4,7.4,2.5,26.1,13.7,35.3,PM10,BAIK
2025-03-31,DKI1 (Bunderan HI),19.5,28.2,10.3,19.8,32.1,28.8,33.9,PM25,BAIK
2025-03-31,DKI2 (Kelapa Gading),95.2,36.6,5.5,5.5,29.5,9.1,76.2,PM10,SEDANG
2025-03-31,DKI3 (Jagakarsa),86.7,66.7,2.6,22.6,66.4,16.4,80.0,PM25,SEDANG
2025-03-31,DKI4 (Lubang Buaya),44.2,46.2,11.6,18.5,29.2,18.4,55.4,PM25,SEDANG
2025-03-31,DKI5 (Kebon Jeruk),65.7,17.9,11.8,11.1,29.2,7.3,52.6,PM10,SEDANG
2025-04-01,DKI1 (Bunderan HI),127.5,56.6,15.6,14.1,26.5,8.8,102.0,PM10,TIDAK SEHAT
2025-04-01,DKI2 (Kelapa Gading),74.1,61.4,18.3,10.9,14.0,23.0,73.7,PM25,SEDANG
2025-04-01,DKI3 (Jagakarsa),66.3,60.1,16.8,19.6,40.0,34.0,72.2,PM25,SEDANG
2025-04-01,DKI4 (Lubang Buaya),44.7,24.1,3.5,14.8,42.1,7.0,37.9,O3,BAIK
2025-04-01,DKI5 (Kebon Jeruk),106.5,78.4,16.3,18.6,5.1,16.5,94.1,PM25,SEDANG
2025-04-02,DKI1 (Bunderan HI),80.0,71.3,10.4,23.3,52.2,23.7,85.5,PM25,SEDANG
2025-04-02,DKI2 (Kelapa Gading),88.9,7.9,15.5,26.2,51.3,26.8,71.2,PM10,SEDANG
2025-04-02,DKI3 (Jagakarsa),50.9,33.8,11.7,22.7,46.7,23.6,42.0,O3,BAIK
2025-04-02,DKI4 (Lubang Buaya),85.5,52.3,5.6,9.3,47.6,4.5,68.4,PM10,SEDANG
2025-04-02,DKI5 (Kebon Jeruk),80.7,45.6,20.9,19.3,53.8,20.7,64.5,PM10,SEDANG
2025-04-03,DKI1 (Bunderan HI),109.6,63.5,9.1,16.4,33.6,23.1,87.7,PM10,SEDANG
2025-04-03,DKI2 (Kelapa Gading),94.8,40.1,16.4,10.6,42.4,19.1,75.8,PM10,SEDANG
2025-04-03,DKI3 (Jagakarsa),82.1,21.6,20.0,6.3,42.6,18.8,65.7,PM10,SEDANG
2025-04-03,DKI4 (Lubang Buaya),40.5,70.5,10.8,19.9,46.0,14.9,84.6,PM25,SEDANG
2025-04-03,DKI5 (Kebon Jeruk),55.5,24.9,11.9,26.5,46.5,26.6,44.4,PM10,BAIK
2025-04-04,DKI1 (Bunderan HI),85.2,40.7,14.2,16.2,20.4,20.3,68.2,PM10,SEDANG
2025-04-04,DKI2 (Kelapa Gading),56.0,27.0,14.1,19.1,42.0,19.0,44.8,PM10,BAIK
2025-04-04,DKI3 (Jagakarsa),84.3,44.7,12.0,17.6,48.3,16.3,67.5,PM10,SEDANG
2025-04-04,DKI4 (Lubang Buaya),36.4,51.8,12.7,16.8,37.9,14.6,62.1,PM25,SEDANG
2025-04-04,DKI5 (Kebon Jeruk),116.3,35.3,23.4,12.2,37.6,23.3,93.1,PM10,SEDANG
2025-04-05,DKI1 (Bunderan HI),119.9,65.0,21.3,21.1,34.1,26.2,95.9,PM10,SEDANG
2025-04-05,DKI2 (Kelapa Gading),32.8,63.8,17.2,22.5,33.8,13.8,76.6,PM25,SEDANG
2025-04-05,DKI3 (Jagakarsa),51.6,49.4,11.3,11.2,20.9,17.3,59.2,PM25,SEDANG
2025-04-05,DKI4 (Lubang Buaya),75.3,57.3,8.6,8.1,39.9,27.0,68.7,PM25,SEDANG
2025-04-05,DKI5 (Kebon Jeruk),134.0,43.3,11.3,5.3,46.5,13.7,107.2,PM10,TIDAK SEHAT
2025-04-06,DKI1 (Bunderan HI),67.7,46.4,18.9,18.0,49.2,30.3,55.6,PM25,SEDANG
2025-04-06,DKI2 (Kelapa Gading),64.8,63.9,11.8,10.4,42.8,27.1,76.6,PM25,SEDANG
2025-04-06,DKI3 (Jagakarsa),99.7,35.9,8.3,17.8,40.1,9.7,79.8,PM10,SEDANG
2025-04-06,DKI4 (Lubang Buaya),102.3,39.6,11.3,23.8,42.2,25.0,81.9,PM10,SEDANG
2025-04-06,DKI5 (Kebon Jeruk),92.8,75.7,6.0,22.8,52.0,18.9,90.9,PM25,SEDANG
2025-04-07,DKI1 (Bunderan HI),79.0,50.9,4.2,26.2,38.7,21.7,63.2,PM10,SEDANG
2025-04-07,DKI3 (Jagakarsa),122.0,42.5,13.4,17.9,52.2,16.8,97.6,PM10,SEDANG
2025-04-07,DKI4 (Lubang Buaya),39.8,24.4,13.3,8.2,18.6,22.5,31.8,PM10,BAIK
2025-04-07,DKI5 (Kebon Jeruk),107.0,52.1,16.3,13.7,49.9,8.7,85.6,PM10,SEDANG
2025-04-08,DKI1 (Bunderan HI),122.6,37.1,10.1,10.0,32.0,12.4,98.0,PM10,SEDANG
2025-04-08,DKI2 (Kelapa Gading),53.7,46.7,12.4,13.6,50.0,27.4,56.0,PM25,SEDANG
2025-04-08,DKI3 (Jagakarsa),71.9,73.7,5.1,17.1,50.0,20.2,88.5,PM25,SEDANG
2025-04-08,DKI4 (Lubang Buaya),91.5,42.2,16.8,19.9,36.4,23.6,73.2,PM10,SEDANG
2025-04-09,DKI1 (Bunderan HI),104.4,33.3,15.1,16.4,41.9,21.1,83.5,PM10,SEDANG
2025-04-09,DKI2 (Kelapa Gading),86.5,42.5,9.3,10.7,68.0,23.9,69.2,PM10,SEDANG
2025-04-09,DKI3 (Jagakarsa),98.4,39.2,14.8,24.6,48.6,11.6,78.7,PM10,SEDANG
2025-04-09,DKI4 (Lubang Buaya),69.7,42.6,10.6,18.3,33.0,26.1,55.8,PM10,SEDANG
2025-04-09,DKI5 (Kebon Jeruk),112.0,50.6,10.3,17.7,27.3,14.8,89.6,PM10,SEDANG
2025-04-10,DKI1 (Bunderan HI),76.3,51.0,10.8,17.4,47.6,18.0,61.2,PM25,SEDANG
2025-04-10,DKI2 (Kelapa Gading),87.6,49.1,17.9,27.1,29.1,19.4,70.1,PM10,SEDANG
2025-04-10,DKI3 (Jagakarsa),72.1,48.2,12.3,12.1,43.1,26.7,57.9,PM25,SEDANG
2025-04-10,DKI4 (Lubang Buaya),65.3,37.0,6.7,11.3,56.1,31.5,52.3,PM10,SEDANG
2025-04-10,DKI5 (Kebon Jeruk),116.5,57.6,14.5,21.8,39.8,19.3,93.2,PM10,SEDANG
2025-04-11,DKI1 (Bunderan HI),36.3,89.6,15.6,24.3,32.1,19.1,107.5,PM25,TIDAK SEHAT
2025-04-11,DKI2 (Kelapa Gading),79.4,23.1,15.1,20.0,55.2,22.4,63.5,PM10,SEDANG
2025-04-11,DKI3 (Jagakarsa),91.2,40.5,10.6,22.1,55.9,24.0,72.9,PM10,SEDANG
2025-04-11,DKI4 (Lubang Buaya),62.1,57.6,7.3,24.6,26.4,13.1,69.1,PM25,SEDANG
2025-04-11,DKI5 (Kebon Jeruk),120.6,60.7,10.0,17.0,66.9,17.2,96.5,PM10,SEDANG
2025-04-12,DKI1 (Bunderan HI),78.2,30.9,13.3,16.6,53.0,19.8,62.6,PM10,SEDANG
2025-04-12,DKI2 (Kelapa Gading),92.2,62.7,17.6,15.9,39.0,22.0,75.3,PM25,SEDANG
2025-04-12,DKI3 (Jagakarsa),104.8,69.6,11.6,13.2,61.4,23.0,83.9,PM10,SEDANG
2025-04-12,DKI4 (Lubang Buaya),66.8,72.6,1.0,16.9,33.5,12.5,87.1,PM25,SEDANG
2025-04-12,DKI5 (Kebon Jeruk),113.6,59.8,11.0,31.0,36.8,20.3,90.9,PM10,SEDANG
2025-04-13,DKI1 (Bunderan HI),63.2,99.4,10.5,11.0,42.1,31.1,119.2,PM25,TIDAK SEHAT
2025-04-13,DKI2 (Kelapa Gading),49.0,33.5,17.2,8.3,57.5,17.3,51.7,O3,SEDANG
2025-04-13,DKI3 (Jagakarsa),83.5,38.9,11.0,13.1,51.1,26.4,66.8,PM10,SEDANG
2025-04-13,DKI4 (Lubang Buaya),121.2,52.8,12.1,13.2,23.0,6.1,96.9,PM10,SEDANG
2025-04-13,DKI5 (Kebon Jeruk),79.6,51.4,12.3,17.6,69.9,18.7,63.7,PM10,SEDANG
2025-04-14,DKI1 (Bunderan HI),103.9,54.9,10.7,13.2,36.6,32.5,83.1,PM10,SEDANG
2025-04-14,DKI2 (Kelapa Gading),76.8,79.3,12.1,17.0,38.8,16.4,95.1,PM25,SEDANG
2025-04-14,DKI3 (Jagakarsa),79.8,48.4,17.6,6.0,70.6,24.4,63.8,PM10,SEDANG
2025-04-14,DKI4 (Lubang Buaya),40.2,44.4,15.3,10.5,16.2,19.3,53.2,PM25,SEDANG
2025-04-14,DKI5 (Kebon Jeruk),101.5,47.7,20.7,19.4,25.8,8.4,81.2,PM10,SEDANG
2025-04-15,DKI1 (Bunderan HI),67.7,76.7,10.5,2.8,35.3,19.2,92.0,PM25,SEDANG
2025-04-15,DKI3 (Jagakarsa),87.3,108.1,13.3,13.0,33.0,29.3,129.7,PM25,TIDAK SEHAT
2025-04-15,DKI4 (Lubang Buaya),82.5,52.1,6.3,15.4,37.0,21.2,66.0,PM10,SEDANG
2025-04-15,DKI5 (Kebon Jeruk),24.4,60.6,21.2,14.0,27.8,25.5,72.8,PM25,SEDANG
2025-04-16,DKI1 (Bunderan HI),48.0,69.6,21.4,17.5,45.7,19.3,83.5,PM25,SEDANG
2025-04-16,DKI2 (Kelapa Gading),72.9,63.8,13.9,16.1,40.6,16.4,76.6,PM25,SEDANG
2025-04-16,DKI3 (Jagakarsa),57.3,54.0,13.9,14.1,33.3,23.6,64.8,PM25,SEDANG
2025-04-16,DKI4 (Lubang Buaya),91.5,26.9,10.2,29.3,27.3,12.7,73.2,PM10,SEDANG
2025-04-17,DKI1 (Bunderan HI),70.8,73.3,21.2,8.7,23.1,14.8,88.0,PM25,SEDANG
2025-04-17,DKI2 (Kelapa Gading),83.3,83.2,8.0,24.0,47.6,23.0,99.9,PM25,SEDANG
2025-04-17,DKI3 (Jagakarsa),95.3,64.6,19.1,16.1,29.3,26.8,77.5,PM25,SEDANG
2025-04-17,DKI4 (Lubang Buaya),59.7,46.7,13.3,19.1,48.2,13.1,56.0,PM25,SEDANG
2025-04-17,DKI5 (Kebon Jeruk),126.1,77.0,15.0,16.4,31.9,18.3,100.9,PM10,TIDAK SEHAT
2025-04-18,DKI1 (Bunderan HI),83.2,18.7,18.1,30.1,36.4,18.6,66.6,PM10,SEDANG
2025-04-18,DKI2 (Kelapa Gading),112.8,33.8,4.1,16.0,52.5,14.0,90.2,PM10,SEDANG
2025-04-18,DKI3 (Jagakarsa),69.6,27.2,4.1,21.9,68.2,27.8,61.4,O3,SEDANG
2025-04-18,DKI4 (Lubang Buaya),93.0,40.3,19.9,19.7,28.5,8.0,74.4,PM10,SEDANG
2025-04-18,DKI5 (Kebon Jeruk),52.8,46.2,16.4,20.4,33.4,18.5,55.5,PM25,SEDANG
2025-04-19,DKI1 (Bunderan HI),105.1,55.7,10.2,10.9,19.1,11.5,84.0,PM10,SEDANG
2025-04-19,DKI2 (Kelapa Gading),85.8,56.6,23.0,21.4,48.7,21.2,68.6,PM10,SEDANG
2025-04-19,DKI3 (Jagakarsa),46.3,18.0,21.4,11.0,59.0,11.7,53.1,O3,SEDANG
2025-04-19,DKI4 (Lubang Buaya),112.2,58.1,21.4,4.7,52.9,5.5,89.8,PM10,SEDANG
2025-04-19,DKI5 (Kebon Jeruk),92.1,44.3,18.9,15.4,32.6,18.2,73.7,PM10,SEDANG
2025-04-20,DKI1 (Bunderan HI),66.5,45.9,11.7,9.7,52.1,15.0,55.1,PM25,SEDANG
2025-04-20,DKI2 (Kelapa Gading),90.2,64.8,10.2,20.5,38.2,16.1,77.8,PM25,SEDANG
2025-04-20,DKI3 (Jagakarsa),100.7,52.3,14.3,21.7,40.2,23.0,80.6,PM10,SEDANG
2025-04-20,DKI4 (Lubang Buaya),68.9,58.8,13.9,20.1,20.4,21.8,70.6,PM25,SEDANG
2025-04-20,DKI5 (Kebon Jeruk),95.2,60.8,17.5,13.4,34.9,12.5,76.2,PM10,SEDANG
2025-04-21,DKI1 (Bunderan HI),54.3,72.1,13.9,25.5,35.5,12.4,86.6,PM25,SEDANG
2025-04-21,DKI2 (Kelapa Gading),57.9,89.3,4.4,19.2,35.8,1.0,107.2,PM25,TIDAK SEHAT
2025-04-21,DKI3 (Jagakarsa),59.8,35.6,12.2,16.7,25.7,15.3,47.9,PM10,BAIK
2025-04-21,DKI4 (Lubang Buaya),58.8,54.3,16.2,15.4,53.9,14.5,65.1,PM25,SEDANG
2025-04-21,DKI5 (Kebon Jeruk),59.7,68.6,11.9,8.3,37.2,17.3,82.3,PM25,SEDANG
2025-04-22,DKI1 (Bunderan HI),59.9,56.4,20.5,8.1,47.5,32.0,67.7,PM25,SEDANG
2025-04-22,DKI2 (Kelapa Gading),91.1,41.3,16.8,10.3,34.8,25.6,72.9,PM10,SEDANG
2025-04-22,DKI3 (Jagakarsa),110.2,42.1,17.5,27.3,48.1,5.7,88.2,PM10,SEDANG
2025-04-22,DKI4 (Lubang Buaya),77.6,53.2,7.4,16.7,41.5,19.0,63.9,PM25,SEDANG
2025-04-22,DKI5 (Kebon Jeruk),69.5,30.0,14.3,12.3,52.3,25.1,55.6,PM10,SEDANG
2025-04-23,DKI1 (Bunderan HI),87.5,68.2,18.5,22.2,44.8,10.3,81.8,PM25,SEDANG
2025-04-23,DKI2 (Kelapa Gading),100.3,64.1,10.6,16.2,66.5,26.0,80.2,PM10,SEDANG
2025-04-23,DKI3 (Jagakarsa),106.5,57.8,5.3,19.5,28.9,17.0,85.2,PM10,SEDANG
2025-04-23,DKI4 (Lubang Buaya),105.7,80.4,1.8,23.1,27.7,5.1,96.4,PM25,SEDANG
2025-04-23,DKI5 (Kebon Jeruk),55.1,59.3,13.4,14.8,46.1,11.8,71.1,PM25,SEDANG
2025-04-24,DKI1 (Bunderan HI),86.6,50.5,20.0,21.3,37.3,23.3,69.3,PM10,SEDANG
2025-04-24,DKI3 (Jagakarsa),107.1,45.4,22.4,27.1,34.4,17.7,85.7,PM10,SEDANG
2025-04-24,DKI4 (Lubang Buaya),107.4,62.5,17.6,20.3,49.3,17.1,85.9,PM10,SEDANG
2025-04-24,DKI5 (Kebon Jeruk),98.5,62.0,12.4,7.9,40.7,11.3,78.8,PM10,SEDANG
2025-04-25,DKI1 (Bunderan HI),67.9,49.8,10.5,18.3,23.2,29.7,59.7,PM25,SEDANG
2025-04-25,DKI2 (Kelapa Gading),23.5,26.4,12.1,4.7,24.9,30.8,31.7,PM25,BAIK
2025-04-25,DKI3 (Jagakarsa),85.5,27.7,11.3,18.0,18.7,2.2,68.4,PM10,SEDANG
2025-04-25,DKI4 (Lubang Buaya),96.9,43.7,13.3,15.4,46.3,16.6,77.5,PM10,SEDANG
2025-04-25,DKI5 (Kebon Jeruk),82.9,42.5,16.4,15.1,43.4,28.4,66.3,PM10,SEDANG
2025-04-26,DKI1 (Bunderan HI),116.0,34.7,12.4,21.0,58.8,11.8,92.8,PM10,SEDANG
2025-04-26,DKI2 (Kelapa Gading),121.7,66.5,9.4,18.6,45.2,13.1,97.4,PM10,SEDANG
2025-04-26,DKI3 (Jagakarsa),98.8,45.9,9.3,23.8,29.0,14.4,79.1,PM10,SEDANG
2025-04-26,DKI4 (Lubang Buaya),129.0,38.8,23.2,22.0,34.0,23.4,103.2,PM10,TIDAK SEHAT
2025-04-26,DKI5 (Kebon Jeruk),117.2,80.2,17.3,18.1,41.7,18.4,96.3,PM25,SEDANG
2025-04-27,DKI1 (Bunderan HI),129.8,31.0,19.1,10.0,55.8,18.8,103.9,PM10,TIDAK SEHAT
2025-04-27,DKI2 (Kelapa Gading),81.3,57.0,20.9,22.8,46.6,14.8,68.4,PM25,SEDANG
2025-04-27,DKI3 (Jagakarsa),66.9,56.0,10.0,15.3,23.1,20.0,67.2,PM25,SEDANG
2025-04-27,DKI4 (Lubang Buaya),83.3,38.3,9.2,15.3,39.0,24.5,66.6,PM10,SEDANG
2025-04-27,DKI5 (Kebon Jeruk),90.1,43.5,17.8,9.0,42.5,19.0,72.1,PM10,SEDANG
2025-04-28,DKI1 (Bunderan HI),109.5,67.4,14.1,16.3,46.5,13.6,87.6,PM10,SEDANG
2025-04-28,DKI2 (Kelapa Gading),61.9,54.3,22.2,16.0,50.2,17.3,65.2,PM25,SEDANG
2025-04-28,DKI3 (Jagakarsa),60.3,58.1,10.9,11.5,45.8,21.3,69.7,PM25,SEDANG
2025-04-28,DKI4 (Lubang Buaya),115.5,65.9,16.6,21.6,18.2,16.1,92.4,PM10,SEDANG
2025-04-28,DKI5 (Kebon Jeruk),89.3,68.7,6.5,7.1,22.3,15.0,82.5,PM25,SEDANG
2025-04-29,DKI2 (Kelapa Gading),91.7,24.1,12.2,19.3,40.3,8.4,73.4,PM10,SEDANG
2025-04-29,DKI3 (Jagakarsa),95.0,64.4,9.1,14.1,29.4,33.8,77.3,PM25,SEDANG
2025-04-29,DKI4 (Lubang Buaya),81.6,39.6,15.1,9.9,44.7,19.2,65.3,PM10,SEDANG
2025-04-29,DKI5 (Kebon Jeruk),106.6,23.6,14.1,18.0,36.4,29.9,85.3,PM10,SEDANG
2025-04-30,DKI1 (Bunderan HI),57.9,51.9,9.3,11.2,62.7,15.4,62.3,PM25,SEDANG
2025-04-30,DKI2 (Kelapa Gading),91.3,30.6,12.7,20.4,29.1,16.0,73.0,PM10,SEDANG
2025-04-30,DKI3 (Jagakarsa),96.8,87.5,10.0,20.0,49.3,22.1,105.0,PM25,TIDAK SEHAT
2025-04-30,DKI4 (Lubang Buaya),71.5,35.1,20.1,8.5,33.0,26.4,57.2,PM10,SEDANG
2025-04-30,DKI5 (Kebon Jeruk),55.0,46.5,21.7,13.7,32.7,8.6,55.8,PM25,SEDANG
2025-05-01,DKI1 (Bunderan HI),72.5,61.1,11.2,16.8,35.3,24.7,73.3,PM25,SEDANG
2025-05-01,DKI2 (Kelapa Gading),107.6,46.9,21.3,17.6,43.6,6.9,86.1,PM10,SEDANG
2025-05-01,DKI3 (Jagakarsa),76.5,50.3,15.5,12.6,31.2,28.3,61.2,PM10,SEDANG
2025-05-01,DKI4 (Lubang Buaya),101.7,80.1,9.2,19.4,40.2,11.5,96.2,PM25,SEDANG
2025-05-01,DKI5 (Kebon Jeruk),76.1,26.5,10.8,20.3,56.2,13.7,60.9,PM10,SEDANG
2025-05-02,DKI1 (Bunderan HI),119.4,16.5,15.8,14.8,36.8,4.7,95.5,PM10,SEDANG
2025-05-02,DKI2 (Kelapa Gading),68.8,40.1,7.1,15.0,41.9,19.5,55.1,PM10,SEDANG
2025-05-02,DKI3 (Jagakarsa),67.2,49.9,18.1,22.7,51.3,24.2,59.9,PM25,SEDANG
2025-05-02,DKI5 (Kebon Jeruk),86.7,73.2,15.8,15.2,22.1,9.0,87.8,PM25,SEDANG
2025-05-03,DKI1 (Bunderan HI),45.9,61.0,9.5,11.9,36.9,11.7,73.2,PM25,SEDANG
2025-05-03,DKI3 (Jagakarsa),84.6,22.1,16.7,19.6,39.2,14.2,67.7,PM10,SEDANG
2025-05-03,DKI4 (Lubang Buaya),89.7,70.3,4.0,20.1,39.0,14.8,84.3,PM25,SEDANG
2025-05-04,DKI1 (Bunderan HI),74.6,28.5,5.0,20.3,48.8,18.8,59.7,PM10,SEDANG
2025-05-04,DKI2 (Kelapa Gading),106.6,69.5,17.2,21.7,54.1,21.3,85.2,PM10,SEDANG
2025-05-04,DKI3 (Jagakarsa),77.2,48.9,13.2,10.3,48.3,17.1,61.8,PM10,SEDANG
2025-05-04,DKI4 (Lubang Buaya),108.4,35.7,22.8,12.0,27.1,21.0,86.7,PM10,SEDANG
2025-05-04,DKI5 (Kebon Jeruk),108.0,51.5,14.4,13.9,31.6,17.7,86.4,PM10,SEDANG
2025-05-05,DKI1 (Bunderan HI),68.0,64.9,19.3,10.9,23.0,26.6,77.8,PM25,SEDANG
2025-05-05,DKI2 (Kelapa Gading),64.6,29.5,17.6,20.3,52.8,5.8,51.7,PM10,SEDANG
2025-05-05,DKI3 (Jagakarsa),79.6,42.8,17.9,17.0,22.1,24.2,63.7,PM10,SEDANG
2025-05-05,DKI5 (Kebon Jeruk),67.7,58.2,10.0,11.3,39.1,15.9,69.9,PM25,SEDANG
2025-05-06,DKI1 (Bunderan HI),109.2,5.0,14.9,17.4,52.2,26.1,87.4,PM10,SEDANG
2025-05-06,DKI2 (Kelapa Gading),66.4,57.1,13.5,9.8,32.4,20.0,68.5,PM25,SEDANG
2025-05-06,DKI3 (Jagakarsa),99.1,36.2,8.1,18.8,33.0,11.1,79.3,PM10,SEDANG
2025-05-06,DKI4 (Lubang Buaya),65.8,74.5,19.7,22.5,60.5,20.6,89.4,PM25,SEDANG
2025-05-06,DKI5 (Kebon Jeruk),87.5,31.0,12.7,20.0,37.6,13.5,70.0,PM10,SEDANG
2025-05-07,DKI1 (Bunderan HI),99.4,45.9,14.6,19.5,16.8,23.2,79.5,PM10,SEDANG
2025-05-07,DKI2 (Kelapa Gading),59.8,54.6,12.2,10.1,46.9,9.6,65.6,PM25,SEDANG
2025-05-07,DKI3 (Jagakarsa),93.4,51.6,3.8,17.5,46.5,11.2,74.7,PM10,SEDANG
2025-05-07,DKI4 (Lubang Buaya),58.8,50.8,21.8,8.7,61.4,16.0,61.0,PM25,SEDANG
2025-05-07,DKI5 (Kebon Jeruk),104.5,52.0,13.8,9.9,58.5,6.7,83.6,PM10,SEDANG
2025-05-08,DKI1 (Bunderan HI),61.5,57.6,23.8,17.7,56.0,20.0,69.2,PM25,SEDANG
2025-05-08,DKI2 (Kelapa Gading),80.6,75.5,9.5,5.5,46.4,27.6,90.6,PM25,SEDANG
2025-05-08,DKI3 (Jagakarsa),96.9,49.8,8.4,19.2,44.9,29.9,77.5,PM10,SEDANG
2025-05-08,DKI4 (Lubang Buaya),85.4,5.0,9.6,31.3,33.9,14.0,68.3,PM10,SEDANG
2025-05-08,DKI5 (Kebon Jeruk),39.0,51.2,13.9,13.6,37.9,21.4,61.5,PM25,SEDANG
2025-05-09,DKI1 (Bunderan HI),81.4,19.4,14.4,15.3,45.3,27.1,65.1,PM10,SEDANG
2025-05-09,DKI2 (Kelapa Gading),94.8,74.9,22.4,18.3,44.9,21.5,89.9,PM25,SEDANG
2025-05-09,DKI3 (Jagakarsa),61.6,38.5,12.6,5.6,17.7,13.9,49.3,PM10,BAIK
2025-05-09,DKI4 (Lubang Buaya),62.5,62.3,3.6,16.1,45.4,21.8,74.8,PM25,SEDANG
2025-05-09,DKI5 (Kebon Jeruk),104.6,42.4,14.7,15.2,30.9,12.9,83.7,PM10,SEDANG
2025-05-10,DKI1 (Bunderan HI),45.3,52.9,12.7,12.0,51.4,21.9,63.4,PM25,SEDANG
2025-05-10,DKI2 (Kelapa Gading),104.7,51.8,9.9,12.3,48.7,9.5,83.7,PM10,SEDANG
2025-05-10,DKI3 (Jagakarsa),72.5,56.0,9.7,15.3,28.8,14.9,67.2,PM25,SEDANG
2025-05-10,DKI4 (Lubang Buaya),127.8,25.7,17.9,17.3,5.0,8.8,102.3,PM10,TIDAK SEHAT
2025-05-10,DKI5 (Kebon Jeruk),66.7,35.3,12.3,16.4,65.4,14.4,58.8,O3,SEDANG
2025-05-11,DKI1 (Bunderan HI),54.7,20.0,11.0,6.0,33.4,7.2,43.8,PM10,BAIK
2025-05-11,DKI2 (Kelapa Gading),43.5,59.5,14.2,13.9,43.1,14.7,71.5,PM25,SEDANG
2025-05-11,DKI3 (Jagakarsa),93.0,38.5,17.8,16.6,51.5,12.2,74.4,PM10,SEDANG
2025-05-11,DKI4 (Lubang Buaya),52.6,30.3,15.2,14.6,41.5,29.8,42.1,PM10,BAIK
2025-05-11,DKI5 (Kebon Jeruk),23.9,68.8,13.6,22.4,20.3,14.2,82.6,PM25,SEDANG
2025-05-12,DKI1 (Bunderan HI),94.5,39.7,15.9,23.2,54.1,5.6,75.6,PM10,SEDANG
2025-05-12,DKI2 (Kelapa Gading),56.4,31.0,16.4,23.9,29.2,13.7,45.1,PM10,BAIK
2025-05-12,DKI3 (Jagakarsa),114.0,65.6,14.4,30.3,43.4,15.7,91.2,PM10,SEDANG
2025-05-12,DKI4 (Lubang Buaya),36.7,5.0,21.7,6.2,37.1,11.5,33.4,O3,BAIK
2025-05-12,DKI5 (Kebon Jeruk),24.0,70.0,14.5,9.8,35.5,13.2,84.0,PM25,SEDANG
2025-05-13,DKI1 (Bunderan HI),58.7,74.3,12.0,7.0,41.1,22.5,89.1,PM25,SEDANG
2025-05-13,DKI2 (Kelapa Gading),57.1,69.3,17.9,12.7,22.0,23.9,83.2,PM25,SEDANG
2025-05-13,DKI3 (Jagakarsa),112.0,33.6,11.2,19.4,55.9,30.4,89.6,PM10,SEDANG
2025-05-13,DKI4 (Lubang Buaya),61.0,62.8,15.8,21.1,23.0,20.5,75.3,PM25,SEDANG
2025-05-13,DKI5 (Kebon Jeruk),35.1,73.1,15.0,16.6,38.2,28.7,87.8,PM25,SEDANG
2025-05-14,DKI1 (Bunderan HI),51.1,51.1,21.0,14.8,66.6,29.5,61.3,PM25,SEDANG
2025-05-14,DKI2 (Kelapa Gading),111.8,52.0,22.9,27.4,30.3,24.8,89.4,PM10,SEDANG
2025-05-14,DKI3 (Jagakarsa),83.6,55.9,11.1,23.8,64.8,15.0,67.1,PM25,SEDANG
2025-05-14,DKI4 (Lubang Buaya),66.6,58.2,15.6,12.8,51.7,23.0,69.9,PM25,SEDANG
2025-05-14,DKI5 (Kebon Jeruk),98.5,78.4,17.0,15.9,40.6,6.3,94.1,PM25,SEDANG
2025-05-15,DKI1 (Bunderan HI),63.8,74.2,19.9,19.4,43.0,10.8,89.0,PM25,SEDANG
2025-05-15,DKI2 (Kelapa Gading),46.6,53.2,15.8,10.5,40.3,27.4,63.8,PM25,SEDANG
2025-05-15,DKI4 (Lubang Buaya),92.9,52.6,10.2,27.9,61.3,18.6,74.3,PM10,SEDANG
2025-05-15,DKI5 (Kebon Jeruk),42.3,68.0,18.0,10.9,18.7,14.8,81.6,PM25,SEDANG
2025-05-16,DKI1 (Bunderan HI),69.9,67.7,16.9,23.2,39.2,18.8,81.2,PM25,SEDANG
2025-05-16,DKI2 (Kelapa Gading),80.2,60.6,13.7,24.3,56.6,11.6,72.7,PM25,SEDANG
2025-05-16,DKI3 (Jagakarsa),96.2,49.4,9.8,11.6,36.9,27.6,77.0,PM10,SEDANG
2025-05-16,DKI4 (Lubang Buaya),77.5,85.7,18.3,18.6,37.3,11.3,102.8,PM25,TIDAK SEHAT
2025-05-16,DKI5 (Kebon Jeruk),114.3,45.9,9.3,11.5,39.5,14.2,91.4,PM10,SEDANG
2025-05-17,DKI1 (Bunderan HI),56.1,37.3,14.0,9.4,37.4,12.4,44.9,PM10,BAIK
2025-05-17,DKI2 (Kelapa Gading),80.0,47.2,9.7,21.4,28.6,18.3,64.0,PM10,SEDANG
2025-05-17,DKI3 (Jagakarsa),115.9,68.2,1.4,11.6,38.3,20.4,92.8,PM10,SEDANG
2025-05-17,DKI4 (Lubang Buaya),36.8,87.1,11.5,22.6,45.5,11.2,104.5,PM25,TIDAK SEHAT
2025-05-17,DKI5 (Kebon Jeruk),45.5,40.1,25.0,7.1,33.3,12.1,48.2,PM25,BAIK
2025-05-18,DKI1 (Bunderan HI),110.5,51.4,22.0,25.1,70.4,30.0,88.4,PM10,SEDANG
2025-05-18,DKI2 (Kelapa Gading),55.0,80.6,10.9,17.2,50.1,25.7,96.7,PM25,SEDANG
2025-05-18,DKI3 (Jagakarsa),90.0,80.2,8.8,17.1,31.0,16.4,96.3,PM25,SEDANG
2025-05-18,DKI4 (Lubang Buaya),56.6,47.6,5.0,21.6,47.2,14.8,57.2,PM25,SEDANG
2025-05-19,DKI1 (Bunderan HI),82.1,59.6,14.5,11.1,41.4,18.9,71.6,PM25,SEDANG
2025-05-19,DKI2 (Kelapa Gading),82.9,31.1,16.0,12.9,41.4,7.2,66.3,PM10,SEDANG
2025-05-19,DKI3 (Jagakarsa),95.3,38.1,16.8,25.4,49.2,4.9,76.3,PM10,SEDANG
2025-05-19,DKI4 (Lubang Buaya),73.0,59.1,7.3,21.0,35.9,14.3,70.9,PM25,SEDANG
2025-05-19,DKI5 (Kebon Jeruk),54.2,53.5,15.2,15.5,59.4,15.1,64.2,PM25,SEDANG
2025-05-20,DKI1 (Bunderan HI),122.1,75.6,10.0,10.8,63.3,17.8,97.7,PM10,SEDANG
2025-05-20,DKI2 (Kelapa Gading),100.5,42.8,13.9,18.9,47.1,19.5,80.4,PM10,SEDANG
2025-05-20,DKI3 (Jagakarsa),117.0,73.8,14.2,15.9,67.2,17.5,93.6,PM10,SEDANG
2025-05-20,DKI4 (Lubang Buaya),88.0,77.6,16.9,14.0,38.3,20.2,93.1,PM25,SEDANG
2025-05-20,DKI5 (Kebon Jeruk),105.6,44.9,14.7,17.4,44.3,9.2,84.5,PM10,SEDANG
2025-05-21,DKI1 (Bunderan HI),46.5,48.6,5.2,16.7,48.5,24.6,58.3,PM25,SEDANG
2025-05-21,DKI2 (Kelapa Gading),54.4,55.1,13.7,18.5,38.0,14.0,66.1,PM25,SEDANG
2025-05-21,DKI3 (Jagakarsa),99.9,33.6,18.4,23.5,23.6,18.6,79.9,PM10,SEDANG
2025-05-21,DKI4 (Lubang Buaya),63.1,37.9,17.4,20.1,57.4,16.4,51.7,O3,SEDANG
2025-05-21,DKI5 (Kebon Jeruk),63.4,58.5,17.3,14.7,32.6,17.5,70.2,PM25,SEDANG
2025-05-22,DKI1 (Bunderan HI),93.1,36.7,12.3,17.2,25.4,14.2,74.4,PM10,SEDANG
2025-05-22,DKI2 (Kelapa Gading),76.9,75.4,11.3,3.0,35.3,26.1,90.5,PM25,SEDANG
2025-05-22,DKI3 (Jagakarsa),59.9,56.0,24.0,21.8,36.1,8.3,67.2,PM25,SEDANG
2025-05-22,DKI4 (Lubang Buaya),40.1,69.1,12.0,16.0,40.9,6.3,82.9,PM25,SEDANG
2025-05-22,DKI5 (Kebon Jeruk),136.7,17.4,1.0,19.8,43.8,12.6,109.4,PM10,TIDAK SEHAT
2025-05-23,DKI1 (Bunderan HI),79.8,52.3,14.4,28.3,41.6,14.5,63.9,PM10,SEDANG
2025-05-23,DKI2 (Kelapa Gading),95.5,54.1,19.8,27.3,29.9,22.3,76.4,PM10,SEDANG
2025-05-23,DKI3 (Jagakarsa),77.7,73.0,16.1,14.5,46.9,9.0,87.6,PM25,SEDANG
2025-05-23,DKI4 (Lubang Buaya),133.7,42.1,7.6,9.8,44.8,19.0,107.0,PM10,TIDAK SEHAT
2025-05-23,DKI5 (Kebon Jeruk),75.2,51.8,19.3,22.5,49.6,11.5,62.2,PM25,SEDANG
2025-05-24,DKI1 (Bunderan HI),26.3,55.6,14.7,20.4,52.6,22.2,66.7,PM25,SEDANG
2025-05-24,DKI2 (Kelapa Gading),96.6,62.4,18.3,20.7,43.3,14.1,77.3,PM10,SEDANG
2025-05-24,DKI3 (Jagakarsa),68.7,83.8,16.8,22.0,36.4,3.5,100.5,PM25,TIDAK SEHAT
2025-05-24,DKI4 (Lubang Buaya),102.7,44.1,17.3,15.6,43.1,25.3,82.2,PM10,SEDANG
2025-05-24,DKI5 (Kebon Jeruk),73.0,48.1,6.6,21.7,19.2,11.9,58.4,PM10,SEDANG
2025-05-25,DKI1 (Bunderan HI),74.3,5.0,7.0,23.9,41.3,14.7,59.4,PM10,SEDANG
2025-05-25,DKI2 (Kelapa Gading),45.0,56.9,19.7,10.7,25.9,3.4,68.2,PM25,SEDANG
2025-05-25,DKI3 (Jagakarsa),115.8,64.8,24.4,19.5,38.3,20.2,92.6,PM10,SEDANG
2025-05-25,DKI4 (Lubang Buaya),93.8,31.6,8.7,10.7,41.7,10.0,75.0,PM10,SEDANG
2025-05-25,DKI5 (Kebon Jeruk),117.2,78.3,10.0,17.2,53.2,21.6,93.9,PM25,SEDANG
2025-05-26,DKI1 (Bunderan HI),85.5,62.8,18.2,19.7,35.9,23.8,75.3,PM25,SEDANG
2025-05-26,DKI2 (Kelapa Gading),95.8,54.0,6.7,18.3,38.3,16.2,76.6,PM10,SEDANG
2025-05-26,DKI3 (Jagakarsa),43.8,53.8,13.5,15.9,29.7,22.8,64.5,PM25,SEDANG
2025-05-26,DKI4 (Lubang Buaya),65.1,52.2,11.5,19.5,46.5,26.7,62.6,PM25,SEDANG
2025-05-26,DKI5 (Kebon Jeruk),89.6,43.4,19.7,8.8,43.9,27.9,71.7,PM10,SEDANG
2025-05-27,DKI1 (Bunderan HI),124.4,48.7,17.5,9.8,54.0,8.5,99.5,PM10,SEDANG
2025-05-27,DKI2 (Kelapa Gading),90.3,59.9,4.8,14.1,45.3,20.8,72.2,PM10,SEDANG
2025-05-27,DKI4 (Lubang Buaya),81.7,19.4,9.4,18.4,52.3,21.2,65.4,PM10,SEDANG
2025-05-27,DKI5 (Kebon Jeruk),94.9,34.6,14.5,6.5,46.1,12.3,75.9,PM10,SEDANG
2025-05-28,DKI1 (Bunderan HI),74.8,40.2,18.2,23.0,43.9,24.7,59.8,PM10,SEDANG
2025-05-28,DKI2 (Kelapa Gading),112.3,48.2,9.6,20.1,21.8,29.7,89.8,PM10,SEDANG
2025-05-28,DKI4 (Lubang Buaya),108.3,21.7,15.1,16.6,48.3,8.8,86.6,PM10,SEDANG
2025-05-28,DKI5 (Kebon Jeruk),95.8,40.8,5.2,13.8,57.6,21.8,76.6,PM10,SEDANG
2025-05-29,DKI1 (Bunderan HI),89.2,33.4,9.1,24.1,23.7,19.0,71.3,PM10,SEDANG
2025-05-29,DKI3 (Jagakarsa),58.1,57.5,6.5,15.0,47.2,21.9,69.0,PM25,SEDANG
2025-05-29,DKI4 (Lubang Buaya),77.5,54.3,16.5,19.4,54.5,15.8,65.2,PM25,SEDANG
2025-05-29,DKI5 (Kebon Jeruk),96.1,41.2,12.6,13.7,23.5,20.5,76.9,PM10,SEDANG
2025-05-30,DKI1 (Bunderan HI),141.7,48.6,8.1,19.1,59.0,20.4,113.4,PM10,TIDAK SEHAT
2025-05-30,DKI2 (Kelapa Gading),89.3,71.9,10.0,22.9,39.4,13.0,86.3,PM25,SEDANG
2025-05-30,DKI3 (Jagakarsa),87.2,39.6,12.6,20.8,35.4,12.5,69.8,PM10,SEDANG
2025-05-30,DKI4 (Lubang Buaya),74.4,53.6,11.7,15.4,58.3,24.7,64.3,PM25,SEDANG
2025-05-30,DKI5 (Kebon Jeruk),63.5,57.3,21.3,14.0,30.2,12.0,68.7,PM25,SEDANG
2025-05-31,DKI1 (Bunderan HI),53.2,56.9,10.3,19.3,48.7,20.5,68.3,PM25,SEDANG
2025-05-31,DKI2 (Kelapa Gading),121.2,40.2,8.5,19.0,6.7,13.1,97.0,PM10,SEDANG
2025-05-31,DKI3 (Jagakarsa),67.3,14.3,7.9,15.0,48.0,28.2,53.9,PM10,SEDANG
2025-05-31,DKI4 (Lubang Buaya),76.6,49.3,16.3,11.4,17.2,13.7,61.2,PM10,SEDANG
2025-05-31,DKI5 (Kebon Jeruk),95.5,44.6,14.4,9.7,40.5,34.1,76.4,PM10,SEDANG
2025-06-01,DKI1 (Bunderan HI),127.0,88.9,20.9,15.6,62.9,24.9,106.7,PM25,TIDAK SEHAT
2025-06-01,DKI2 (Kelapa Gading),78.3,51.6,16.3,26.8,47.4,34.2,62.6,PM10,SEDANG
2025-06-01,DKI3 (Jagakarsa),98.2,33.0,14.5,22.6,39.5,12.4,78.6,PM10,SEDANG
2025-06-01,DKI4 (Lubang Buaya),126.6,69.4,19.9,27.6,43.9,23.7,101.3,PM10,TIDAK SEHAT
2025-06-01,DKI5 (Kebon Jeruk),67.5,73.7,25.6,18.8,46.5,30.5,88.4,PM25,SEDANG
2025-06-02,DKI1 (Bunderan HI),85.6,67.9,15.8,21.5,39.3,11.0,81.5,PM25,SEDANG
2025-06-02,DKI2 (Kelapa Gading),112.3,38.9,19.8,25.9,31.4,25.2,89.8,PM10,SEDANG
2025-06-02,DKI3 (Jagakarsa),114.8,62.9,22.4,19.7,39.1,15.9,91.9,PM10,SEDANG
2025-06-02,DKI4 (Lubang Buaya),115.3,76.1,26.8,17.9,61.6,27.2,92.2,PM10,SEDANG
2025-06-02,DKI5 (Kebon Jeruk),108.2,45.6,14.3,22.2,49.6,12.2,86.6,PM10,SEDANG
2025-06-03,DKI1 (Bunderan HI),112.7,79.2,21.5,15.3,72.2,14.8,95.0,PM25,SEDANG
2025-06-03,DKI2 (Kelapa Gading),107.5,62.4,23.0,26.2,53.6,28.8,86.0,PM10,SEDANG
2025-06-03,DKI3 (Jagakarsa),160.7,56.2,17.0,25.4,55.4,23.2,128.6,PM10,TIDAK SEHAT
2025-06-03,DKI4 (Lubang Buaya),124.4,66.4,19.4,28.8,52.0,27.0,99.5,PM10,SEDANG
2025-06-03,DKI5 (Kebon Jeruk),139.5,65.0,16.0,17.4,50.2,40.7,111.6,PM10,TIDAK SEHAT
2025-06-04,DKI2 (Kelapa Gading),166.0,96.9,22.1,16.7,56.1,28.4,132.8,PM10,TIDAK SEHAT
2025-06-04,DKI3 (Jagakarsa),126.0,60.6,15.5,31.0,54.5,23.9,100.8,PM10,TIDAK SEHAT
2025-06-04,DKI4 (Lubang Buaya),105.1,73.8,20.4,33.3,49.5,17.0,88.6,PM25,SEDANG
2025-06-05,DKI1 (Bunderan HI),105.8,90.9,14.2,20.1,72.0,31.6,109.1,PM25,TIDAK SEHAT
2025-06-05,DKI2 (Kelapa Gading),97.5,64.1,14.1,19.4,71.3,18.9,78.0,PM10,SEDANG
2025-06-05,DKI3 (Jagakarsa),83.9,56.8,27.1,31.1,56.7,30.2,68.1,PM25,SEDANG
2025-06-05,DKI4 (Lubang Buaya),90.0,76.7,17.1,34.6,56.3,34.9,92.0,PM25,SEDANG
2025-06-05,DKI5 (Kebon Jeruk),74.9,76.6,21.5,24.6,48.3,25.0,91.9,PM25,SEDANG
2025-06-06,DKI1 (Bunderan HI),121.2,65.3,16.9,21.7,52.4,28.8,97.0,PM10,SEDANG
2025-06-06,DKI2 (Kelapa Gading),105.5,42.9,10.3,22.8,52.3,16.0,84.4,PM10,SEDANG
2025-06-06,DKI3 (Jagakarsa),147.6,61.8,13.0,11.6,47.9,20.5,118.1,PM10,TIDAK SEHAT
2025-06-06,DKI4 (Lubang Buaya),110.1,96.7,13.6,22.3,51.0,33.5,116.0,PM25,TIDAK SEHAT
2025-06-06,DKI5 (Kebon Jeruk),114.0,87.8,13.0,33.0,46.3,36.6,105.4,PM25,TIDAK SEHAT
2025-06-07,DKI1 (Bunderan HI),39.9,83.8,23.6,24.9,62.6,14.5,100.6,PM25,TIDAK SEHAT
2025-06-07,DKI2 (Kelapa Gading),123.8,46.2,15.3,23.3,56.7,26.9,99.1,PM10,SEDANG
2025-06-07,DKI3 (Jagakarsa),110.2,69.8,20.5,24.5,53.7,23.5,88.2,PM10,SEDANG
2025-06-07,DKI4 (Lubang Buaya),81.2,72.2,28.3,24.3,55.4,8.8,86.7,PM25,SEDANG
2025-06-07,DKI5 (Kebon Jeruk),95.6,80.3,18.8,24.6,59.3,26.3,96.4,PM25,SEDANG
2025-06-08,DKI1 (Bunderan HI),103.4,77.1,12.7,14.4,51.9,33.3,92.5,PM25,SEDANG
2025-06-08,DKI2 (Kelapa Gading),108.5,52.5,17.8,10.5,51.5,18.6,86.8,PM10,SEDANG
2025-06-08,DKI3 (Jagakarsa),54.2,37.5,19.4,19.9,79.4,29.1,71.5,O3,SEDANG
2025-06-08,DKI4 (Lubang Buaya),102.3,44.4,16.5,32.6,54.8,19.9,81.8,PM10,SEDANG
2025-06-08,DKI5 (Kebon Jeruk),108.1,52.2,20.9,20.1,71.9,20.9,86.5,PM10,SEDANG
2025-06-09,DKI1 (Bunderan HI),85.9,38.2,30.3,16.3,52.6,13.9,68.7,PM10,SEDANG
2025-06-09,DKI2 (Kelapa Gading),94.4,32.9,11.0,33.1,51.9,19.4,75.5,PM10,SEDANG
2025-06-09,DKI3 (Jagakarsa),134.7,44.4,23.6,25.5,65.8,25.1,107.8,PM10,TIDAK SEHAT
2025-06-09,DKI4 (Lubang Buaya),69.6,54.9,15.1,27.5,52.0,25.5,65.9,PM25,SEDANG
2025-06-09,DKI5 (Kebon Jeruk),109.8,76.3,14.4,17.2,38.3,11.1,91.5,PM25,SEDANG
2025-06-10,DKI1 (Bunderan HI),107.9,47.1,23.7,17.3,54.6,28.9,86.3,PM10,SEDANG
2025-06-10,DKI2 (Kelapa Gading),138.6,90.1,26.4,25.9,62.1,26.6,110.9,PM10,TIDAK SEHAT
2025-06-10,DKI4 (Lubang Buaya),109.9,98.2,19.0,10.0,56.9,25.1,117.8,PM25,TIDAK SEHAT
2025-06-10,DKI5 (Kebon Jeruk),118.6,70.2,24.9,25.6,51.6,29.3,94.8,PM10,SEDANG
2025-06-11,DKI1 (Bunderan HI),83.0,48.1,24.9,19.4,41.0,20.7,66.4,PM10,SEDANG
2025-06-11,DKI2 (Kelapa Gading),136.3,102.8,17.2,23.8,36.5,27.0,123.3,PM25,TIDAK SEHAT
2025-06-11,DKI3 (Jagakarsa),112.0,89.6,18.6,20.2,46.2,28.5,107.6,PM25,TIDAK SEHAT
2025-06-11,DKI4 (Lubang Buaya),161.5,53.0,16.0,9.0,55.4,26.0,129.2,PM10,TIDAK SEHAT
2025-06-12,DKI1 (Bunderan HI),158.5,77.8,15.2,33.6,49.0,27.2,126.8,PM10,TIDAK SEHAT
2025-06-12,DKI2 (Kelapa Gading),58.1,70.6,19.3,15.9,35.7,29.1,84.7,PM25,SEDANG
2025-06-12,DKI3 (Jagakarsa),140.5,34.0,9.7,10.0,59.4,15.8,112.4,PM10,TIDAK SEHAT
2025-06-12,DKI4 (Lubang Buaya),107.1,77.6,15.3,20.2,55.2,27.6,93.2,PM25,SEDANG
2025-06-12,DKI5 (Kebon Jeruk),110.0,54.5,20.4,24.0,74.6,27.6,88.0,PM10,SEDANG
2025-06-13,DKI1 (Bunderan HI),80.6,47.1,15.1,7.7,33.7,24.8,64.4,PM10,SEDANG
2025-06-13,DKI2 (Kelapa Gading),79.8,101.5,18.0,30.7,34.7,19.3,121.8,PM25,TIDAK SEHAT
2025-06-13,DKI3 (Jagakarsa),115.3,78.4,16.1,18.5,50.3,13.3,94.1,PM25,SEDANG
2025-06-13,DKI4 (Lubang Buaya),95.5,47.9,14.5,14.1,28.8,23.9,76.4,PM10,SEDANG
2025-06-13,DKI5 (Kebon Jeruk),135.3,42.9,11.7,16.1,53.9,27.9,108.3,PM10,TIDAK SEHAT
2025-06-14,DKI1 (Bunderan HI),93.4,38.8,21.3,19.2,62.5,28.8,74.7,PM10,SEDANG
2025-06-14,DKI2 (Kelapa Gading),96.1,60.7,13.4,16.8,55.7,27.5,76.9,PM10,SEDANG
2025-06-14,DKI3 (Jagakarsa),134.0,63.5,20.0,21.6,51.9,35.1,107.2,PM10,TIDAK SEHAT
2025-06-14,DKI4 (Lubang Buaya),97.7,75.2,23.1,11.5,75.7,21.8,90.2,PM25,SEDANG
2025-06-14,DKI5 (Kebon Jeruk),38.4,71.5,19.9,24.3,38.4,34.4,85.8,PM25,SEDANG
2025-06-15,DKI1 (Bunderan HI),144.9,53.7,18.2,15.7,69.2,29.4,115.9,PM10,TIDAK SEHAT
2025-06-15,DKI2 (Kelapa Gading),98.5,79.8,12.0,29.1,52.2,18.1,95.8,PM25,SEDANG
2025-06-15,DKI3 (Jagakarsa),88.7,58.2,21.7,23.9,47.0,21.4,71.0,PM10,SEDANG
2025-06-15,DKI4 (Lubang Buaya),159.8,40.3,26.1,18.6,71.7,20.1,127.8,PM10,TIDAK SEHAT
2025-06-15,DKI5 (Kebon Jeruk),94.3,75.2,17.9,24.3,66.1,21.2,90.2,PM25,SEDANG
2025-06-16,DKI1 (Bunderan HI),102.8,71.6,14.0,28.1,59.1,22.4,85.9,PM25,SEDANG
2025-06-16,DKI2 (Kelapa Gading),99.9,60.6,24.8,15.3,48.3,22.9,79.9,PM10,SEDANG
2025-06-16,DKI3 (Jagakarsa),131.6,96.7,24.5,32.5,18.4,20.0,116.0,PM25,TIDAK SEHAT
2025-06-16,DKI4 (Lubang Buaya),115.4,55.2,16.9,19.5,56.6,27.5,92.3,PM10,SEDANG
2025-06-16,DKI5 (Kebon Jeruk),68.9,56.7,15.1,23.5,59.5,18.9,68.0,PM25,SEDANG
2025-06-17,DKI1 (Bunderan HI),101.0,54.2,19.8,15.0,68.6,31.7,80.8,PM10,SEDANG
2025-06-17,DKI2 (Kelapa Gading),86.0,48.0,18.9,19.3,44.0,19.0,68.8,PM10,SEDANG
2025-06-17,DKI3 (Jagakarsa),79.6,52.9,11.2,17.3,31.1,27.0,63.6,PM10,SEDANG
2025-06-17,DKI4 (Lubang Buaya),134.6,54.2,14.0,32.2,74.5,20.4,107.7,PM10,TIDAK SEHAT
2025-06-17,DKI5 (Kebon Jeruk),141.6,64.9,21.0,21.1,21.6,32.8,113.2,PM10,TIDAK SEHAT
2025-06-18,DKI1 (Bunderan HI),125.9,72.5,9.3,20.7,58.6,24.7,100.7,PM10,TIDAK SEHAT
2025-06-18,DKI2 (Kelapa Gading),120.2,48.7,19.2,23.4,53.9,14.1,96.2,PM10,SEDANG
2025-06-18,DKI3 (Jagakarsa),102.5,96.5,26.7,16.9,53.2,31.6,115.8,PM25,TIDAK SEHAT
2025-06-18,DKI4 (Lubang Buaya),114.4,60.8,20.2,18.6,49.9,35.3,91.5,PM10,SEDANG
2025-06-18,DKI5 (Kebon Jeruk),102.6,91.5,23.3,25.0,29.4,21.7,109.8,PM25,TIDAK SEHAT
2025-06-19,DKI1 (Bunderan HI),98.8,84.0,19.3,19.1,63.4,16.6,100.9,PM25,TIDAK SEHAT
2025-06-19,DKI2 (Kelapa Gading),50.1,53.8,17.3,34.1,47.2,28.8,64.5,PM25,SEDANG
2025-06-19,DKI3 (Jagakarsa),95.5,46.0,23.3,19.0,56.2,27.1,76.4,PM10,SEDANG
2025-06-19,DKI4 (Lubang Buaya),177.6,72.0,23.8,16.9,50.3,25.8,142.1,PM10,TIDAK SEHAT
2025-06-19,DKI5 (Kebon Jeruk),75.9,49.1,18.8,22.5,51.7,32.6,60.7,PM10,SEDANG
2025-06-20,DKI1 (Bunderan HI),91.1,71.0,26.4,22.2,43.7,15.2,85.2,PM25,SEDANG
2025-06-20,DKI2 (Kelapa Gading),88.0,77.8,15.3,17.5,63.5,22.3,93.3,PM25,SEDANG
2025-06-20,DKI3 (Jagakarsa),130.4,76.6,16.6,27.2,47.0,30.2,104.3,PM10,TIDAK SEHAT
2025-06-20,DKI4 (Lubang Buaya),109.3,75.2,19.8,23.9,55.7,28.8,90.3,PM25,SEDANG
2025-06-20,DKI5 (Kebon Jeruk),95.6,62.0,15.7,15.5,46.1,22.0,76.5,PM10,SEDANG
2025-06-21,DKI1 (Bunderan HI),114.0,82.2,11.8,11.4,64.2,21.8,98.7,PM25,SEDANG
2025-06-21,DKI2 (Kelapa Gading),37.3,46.0,13.4,16.0,55.4,18.9,55.2,PM25,SEDANG
2025-06-21,DKI3 (Jagakarsa),139.9,90.2,20.1,11.1,59.3,8.8,111.9,PM10,TIDAK SEHAT
2025-06-21,DKI4 (Lubang Buaya),84.5,81.3,20.6,28.3,57.4,19.2,97.6,PM25,SEDANG
2025-06-21,DKI5 (Kebon Jeruk),136.0,86.7,25.0,25.2,38.1,20.8,108.8,PM10,TIDAK SEHAT
2025-06-22,DKI1 (Bunderan HI),110.8,83.8,16.8,12.5,51.4,25.7,100.5,PM25,TIDAK SEHAT
2025-06-22,DKI2 (Kelapa Gading),102.4,69.8,20.3,23.3,48.4,24.4,83.8,PM25,SEDANG
2025-06-22,DKI3 (Jagakarsa),91.1,59.7,21.4,26.4,49.8,17.9,72.8,PM10,SEDANG
2025-06-22,DKI4 (Lubang Buaya),105.6,43.9,26.3,22.2,45.2,23.8,84.5,PM10,SEDANG
2025-06-22,DKI5 (Kebon Jeruk),117.6,48.1,16.2,22.9,58.1,22.6,94.1,PM10,SEDANG
2025-06-23,DKI1 (Bunderan HI),79.7,43.6,12.5,29.6,56.8,25.5,63.8,PM10,SEDANG
2025-06-23,DKI2 (Kelapa Gading),90.4,68.2,24.0,24.4,63.0,30.3,81.8,PM25,SEDANG
2025-06-23,DKI3 (Jagakarsa),71.6,57.7,22.7,19.5,54.3,12.1,69.2,PM25,SEDANG
2025-06-23,DKI4 (Lubang Buaya),85.0,66.6,27.7,20.4,56.5,24.4,80.0,PM25,SEDANG
2025-06-23,DKI5 (Kebon Jeruk),129.6,51.9,17.8,16.8,45.3,34.9,103.7,PM10,TIDAK SEHAT
2025-06-24,DKI1 (Bunderan HI),76.1,84.9,10.3,12.4,39.7,5.3,101.9,PM25,TIDAK SEHAT
2025-06-24,DKI2 (Kelapa Gading),96.2,93.9,19.3,17.1,53.6,11.8,112.6,PM25,TIDAK SEHAT
2025-06-24,DKI3 (Jagakarsa),112.0,54.4,13.0,19.0,64.3,24.3,89.6,PM10,SEDANG
2025-06-24,DKI4 (Lubang Buaya),106.4,24.6,19.8,26.4,53.1,27.9,85.1,PM10,SEDANG
2025-06-25,DKI1 (Bunderan HI),135.7,65.3,13.8,28.1,75.7,19.2,108.5,PM10,TIDAK SEHAT
2025-06-25,DKI2 (Kelapa Gading),115.5,47.7,21.2,15.2,42.6,21.9,92.4,PM10,SEDANG
2025-06-25,DKI3 (Jagakarsa),74.7,47.8,10.2,17.1,48.1,28.4,59.7,PM10,SEDANG
2025-06-25,DKI4 (Lubang Buaya),72.8,80.6,15.9,18.4,45.2,28.5,96.7,PM25,SEDANG
2025-06-25,DKI5 (Kebon Jeruk),88.2,82.0,9.8,23.5,74.0,21.4,98.4,PM25,SEDANG
2025-06-26,DKI1 (Bunderan HI),138.8,57.6,15.6,34.6,50.7,27.7,111.1,PM10,TIDAK SEHAT
2025-06-26,DKI2 (Kelapa Gading),127.6,83.6,16.2,23.6,41.7,18.9,102.1,PM10,TIDAK SEHAT
2025-06-26,DKI3 (Jagakarsa),93.4,64.9,18.5,26.1,69.5,26.4,77.9,PM25,SEDANG
2025-06-26,DKI4 (Lubang Buaya),166.0,67.8,18.3,28.8,56.6,26.8,132.8,PM10,TIDAK SEHAT
2025-06-26,DKI5 (Kebon Jeruk),116.1,61.6,11.8,27.4,68.7,33.0,92.9,PM10,SEDANG
2025-06-27,DKI1 (Bunderan HI),108.6,65.0,11.3,12.7,51.8,34.2,86.9,PM10,SEDANG
2025-06-27,DKI2 (Kelapa Gading),83.5,45.7,17.5,19.3,54.1,20.1,66.8,PM10,SEDANG
2025-06-27,DKI3 (Jagakarsa),128.4,52.4,23.2,15.7,47.0,23.1,102.7,PM10,TIDAK SEHAT
2025-06-27,DKI4 (Lubang Buaya),75.0,53.3,25.3,17.9,52.0,21.1,64.0,PM25,SEDANG
2025-06-27,DKI5 (Kebon Jeruk),136.0,64.3,18.8,18.0,70.4,27.0,108.8,PM10,TIDAK SEHAT
2025-06-28,DKI1 (Bunderan HI),123.8,68.3,15.3,17.8,67.8,33.3,99.0,PM10,SEDANG
2025-06-28,DKI2 (Kelapa Gading),99.4,74.9,14.4,21.8,37.0,20.1,89.9,PM25,SEDANG
2025-06-28,DKI3 (Jagakarsa),99.5,84.7,21.2,16.0,55.9,21.7,101.6,PM25,TIDAK SEHAT
2025-06-28,DKI4 (Lubang Buaya),76.7,49.3,12.0,18.4,67.2,24.6,61.4,PM10,SEDANG
2025-06-28,DKI5 (Kebon Jeruk),110.9,77.0,19.7,11.3,54.2,23.5,92.4,PM25,SEDANG
2025-06-29,DKI1 (Bunderan HI),96.9,69.8,11.1,26.7,43.0,16.1,83.8,PM25,SEDANG
2025-06-29,DKI2 (Kelapa Gading),92.3,71.8,12.3,13.1,51.6,12.8,86.1,PM25,SEDANG
2025-06-29,DKI3 (Jagakarsa),129.0,68.1,21.1,11.6,53.1,9.7,103.2,PM10,TIDAK SEHAT
2025-06-29,DKI4 (Lubang Buaya),108.6,51.9,30.7,17.0,54.5,11.1,86.9,PM10,SEDANG
2025-06-29,DKI5 (Kebon Jeruk),82.0,36.5,17.2,34.4,37.1,7.8,65.6,PM10,SEDANG
2025-06-30,DKI1 (Bunderan HI),133.8,78.7,16.6,17.8,56.4,34.9,107.0,PM10,TIDAK SEHAT
2025-06-30,DKI2 (Kelapa Gading),82.9,76.9,19.2,25.8,48.2,28.5,92.3,PM25,SEDANG
2025-06-30,DKI3 (Jagakarsa),137.2,95.1,15.1,33.5,47.1,26.1,114.1,PM25,TIDAK SEHAT
2025-06-30,DKI4 (Lubang Buaya),136.8,77.4,13.4,14.6,46.7,28.6,109.5,PM10,TIDAK SEHAT
2025-06-30,DKI5 (Kebon Jeruk),99.4,59.0,20.6,19.4,46.1,32.8,79.5,PM10,SEDANG
2025-07-01,DKI1 (Bunderan HI),96.6,42.9,19.0,27.4,41.1,22.9,77.3,PM10,SEDANG
2025-07-01,DKI2 (Kelapa Gading),95.0,77.3,16.3,12.6,49.5,28.8,92.8,PM25,SEDANG
2025-07-01,DKI3 (Jagakarsa),107.8,57.7,11.9,20.2,51.3,18.5,86.2,PM10,SEDANG
2025-07-01,DKI4 (Lubang Buaya),136.7,68.7,7.4,10.9,73.9,23.2,109.3,PM10,TIDAK SEHAT
2025-07-01,DKI5 (Kebon Jeruk),105.6,89.0,22.1,18.5,62.6,35.8,106.7,PM25,TIDAK SEHAT
2025-07-02,DKI1 (Bunderan HI),129.2,65.5,15.2,21.4,69.2,25.7,103.4,PM10,TIDAK SEHAT
2025-07-02,DKI2 (Kelapa Gading),137.8,50.0,15.6,14.2,77.8,31.0,110.2,PM10,TIDAK SEHAT
2025-07-02,DKI3 (Jagakarsa),76.1,61.4,14.2,22.2,54.7,35.6,73.7,PM25,SEDANG
2025-07-02,DKI4 (Lubang Buaya),120.8,73.0,24.3,31.0,56.3,11.8,96.6,PM10,SEDANG
2025-07-02,DKI5 (Kebon Jeruk),128.1,31.4,15.5,29.0,59.5,10.6,102.5,PM10,TIDAK SEHAT
2025-07-03,DKI1 (Bunderan HI),123.4,67.7,17.0,26.2,53.2,17.4,98.8,PM10,SEDANG
2025-07-03,DKI2 (Kelapa Gading),113.2,43.3,10.1,22.9,58.3,34.0,90.6,PM10,SEDANG
2025-07-03,DKI3 (Jagakarsa),100.8,59.4,12.4,12.6,29.0,26.7,80.7,PM10,SEDANG
2025-07-03,DKI4 (Lubang Buaya),128.6,81.9,19.4,19.2,50.0,18.4,102.8,PM10,TIDAK SEHAT
2025-07-03,DKI5 (Kebon Jeruk),138.6,54.2,5.4,19.2,60.7,25.0,110.9,PM10,TIDAK SEHAT
2025-07-04,DKI1 (Bunderan HI),87.7,57.7,10.5,25.6,29.9,37.9,70.2,PM10,SEDANG
2025-07-04,DKI2 (Kelapa Gading),105.9,43.2,6.1,14.5,46.2,17.6,84.8,PM10,SEDANG
2025-07-04,DKI3 (Jagakarsa),74.3,74.6,14.9,14.7,90.8,15.7,89.5,PM25,SEDANG
2025-07-04,DKI4 (Lubang Buaya),103.5,49.3,32.1,29.2,64.1,17.1,82.8,PM10,SEDANG
2025-07-04,DKI5 (Kebon Jeruk),144.0,15.4,29.3,18.7,50.7,20.7,115.2,PM10,TIDAK SEHAT
2025-07-05,DKI1 (Bunderan HI),129.3,50.4,14.6,20.3,67.9,38.5,103.5,PM10,TIDAK SEHAT
2025-07-05,DKI2 (Kelapa Gading),102.4,49.5,21.7,32.0,38.1,27.8,81.9,PM10,SEDANG
2025-07-05,DKI3 (Jagakarsa),162.0,66.6,20.6,23.6,52.2,43.4,129.6,PM10,TIDAK SEHAT
2025-07-05,DKI4 (Lubang Buaya),121.0,80.3,9.5,20.5,64.1,20.8,96.8,PM10,SEDANG
2025-07-05,DKI5 (Kebon Jeruk),138.2,56.4,18.8,31.0,53.6,32.0,110.5,PM10,TIDAK SEHAT
2025-07-06,DKI1 (Bunderan HI),125.4,52.0,13.1,31.0,62.9,19.4,100.3,PM10,TIDAK SEHAT
2025-07-06,DKI2 (Kelapa Gading),101.9,48.7,8.9,24.2,52.6,17.6,81.5,PM10,SEDANG
2025-07-06,DKI3 (Jagakarsa),56.3,74.5,23.1,19.8,62.2,25.9,89.4,PM25,SEDANG
2025-07-06,DKI4 (Lubang Buaya),115.1,72.7,20.3,23.8,59.3,26.1,92.1,PM10,SEDANG
2025-07-06,DKI5 (Kebon Jeruk),145.4,57.3,13.1,19.1,41.0,19.5,116.3,PM10,TIDAK SEHAT
2025-07-07,DKI1 (Bunderan HI),71.7,69.4,18.4,25.0,45.6,36.1,83.3,PM25,SEDANG
2025-07-07,DKI3 (Jagakarsa),124.2,44.0,11.4,18.6,38.6,25.1,99.4,PM10,SEDANG
2025-07-07,DKI4 (Lubang Buaya),112.3,52.4,14.9,17.8,56.4,24.7,89.8,PM10,SEDANG
2025-07-07,DKI5 (Kebon Jeruk),91.6,60.3,10.1,17.5,61.3,22.3,73.3,PM10,SEDANG
2025-07-08,DKI1 (Bunderan HI),67.8,63.4,21.4,28.7,35.2,27.2,76.1,PM25,SEDANG
2025-07-08,DKI2 (Kelapa Gading),124.0,65.9,20.4,12.4,56.8,19.6,99.2,PM10,SEDANG
2025-07-08,DKI3 (Jagakarsa),83.0,94.7,22.6,11.7,87.3,27.7,113.6,PM25,TIDAK SEHAT
2025-07-08,DKI4 (Lubang Buaya),78.1,62.6,23.4,27.6,43.6,23.3,75.2,PM25,SEDANG
2025-07-08,DKI5 (Kebon Jeruk),141.4,78.5,21.2,22.3,19.2,26.2,113.1,PM10,TIDAK SEHAT
2025-07-09,DKI1 (Bunderan HI),83.9,71.0,1.0,16.2,69.5,22.3,85.2,PM25,SEDANG
2025-07-09,DKI3 (Jagakarsa),102.4,76.5,16.3,24.3,39.3,17.5,91.8,PM25,SEDANG
2025-07-09,DKI4 (Lubang Buaya),149.2,63.9,28.5,21.9,45.3,14.8,119.4,PM10,TIDAK SEHAT
2025-07-09,DKI5 (Kebon Jeruk),139.5,70.3,14.7,26.7,68.0,20.0,111.6,PM10,TIDAK SEHAT
2025-07-10,DKI1 (Bunderan HI),168.7,67.1,17.4,34.3,64.7,27.5,135.0,PM10,TIDAK SEHAT
2025-07-10,DKI2 (Kelapa Gading),156.9,59.8,18.0,22.6,63.2,10.3,125.5,PM10,TIDAK SEHAT
2025-07-10,DKI3 (Jagakarsa),89.9,38.6,13.8,27.1,62.1,24.3,71.9,PM10,SEDANG
2025-07-10,DKI4 (Lubang Buaya),136.1,73.4,21.8,19.3,34.2,38.5,108.8,PM10,TIDAK SEHAT
2025-07-10,DKI5 (Kebon Jeruk),90.0,43.8,17.2,18.1,58.3,19.0,72.0,PM10,SEDANG
2025-07-11,DKI1 (Bunderan HI),98.8,46.5,16.8,15.0,50.6,20.7,79.1,PM10,SEDANG
2025-07-11,DKI2 (Kelapa Gading),107.9,48.8,12.1,17.1,32.1,20.0,86.3,PM10,SEDANG
2025-07-11,DKI3 (Jagakarsa),51.2,54.7,20.8,24.2,54.9,18.5,65.7,PM25,SEDANG
2025-07-11,DKI4 (Lubang Buaya),128.1,38.3,15.2,17.4,54.7,20.2,102.4,PM10,TIDAK SEHAT
2025-07-11,DKI5 (Kebon Jeruk),102.3,54.9,25.6,20.2,29.9,33.5,81.9,PM10,SEDANG
2025-07-12,DKI1 (Bunderan HI),105.7,98.6,22.3,12.7,34.2,31.4,118.3,PM25,TIDAK SEHAT
2025-07-12,DKI2 (Kelapa Gading),110.6,30.8,12.4,13.8,44.9,18.0,88.5,PM10,SEDANG
2025-07-12,DKI3 (Jagakarsa),145.4,40.0,11.8,17.1,58.1,25.0,116.3,PM10,TIDAK SEHAT
2025-07-12,DKI4 (Lubang Buaya),91.6,63.2,21.6,14.8,61.5,28.2,75.8,PM25,SEDANG
2025-07-12,DKI5 (Kebon Jeruk),68.5,82.8,21.0,25.9,32.4,33.9,99.4,PM25,SEDANG
2025-07-13,DKI1 (Bunderan HI),112.7,77.9,23.6,22.7,68.4,22.5,93.5,PM25,SEDANG
2025-07-13,DKI3 (Jagakarsa),83.4,61.1,20.0,21.2,73.6,28.2,73.3,PM25,SEDANG
2025-07-13,DKI4 (Lubang Buaya),60.6,76.3,27.9,26.9,74.2,39.2,91.5,PM25,SEDANG
2025-07-13,DKI5 (Kebon Jeruk),55.0,96.1,21.2,19.9,66.5,38.5,115.3,PM25,TIDAK SEHAT
2025-07-14,DKI1 (Bunderan HI),126.8,68.8,30.1,29.9,61.7,25.8,101.5,PM10,TIDAK SEHAT
2025-07-14,DKI2 (Kelapa Gading),107.1,25.6,12.0,28.6,63.0,28.3,85.6,PM10,SEDANG
2025-07-14,DKI3 (Jagakarsa),97.5,88.2,17.6,15.5,65.0,25.9,105.9,PM25,TIDAK SEHAT
2025-07-14,DKI4 (Lubang Buaya),117.6,69.6,16.6,27.7,89.6,25.6,94.1,PM10,SEDANG
2025-07-14,DKI5 (Kebon Jeruk),91.1,59.2,17.7,18.3,66.2,28.9,72.9,PM10,SEDANG
2025-07-15,DKI1 (Bunderan HI),126.9,73.1,20.4,14.8,45.9,29.1,101.5,PM10,TIDAK SEHAT
2025-07-15,DKI2 (Kelapa Gading),89.5,41.6,20.6,23.8,53.7,23.3,71.6,PM10,SEDANG
2025-07-15,DKI3 (Jagakarsa),102.5,56.2,23.6,22.0,31.5,24.0,82.0,PM10,SEDANG
2025-07-15,DKI4 (Lubang Buaya),52.1,79.2,14.6,19.2,65.3,31.6,95.1,PM25,SEDANG
2025-07-15,DKI5 (Kebon Jeruk),92.1,77.7,17.3,26.8,79.4,26.4,93.2,PM25,SEDANG
2025-07-16,DKI1 (Bunderan HI),73.3,75.4,15.0,23.3,46.6,30.6,90.5,PM25,SEDANG
2025-07-16,DKI2 (Kelapa Gading),111.0,74.1,19.7,26.6,42.7,31.3,88.9,PM25,SEDANG
2025-07-16,DKI3 (Jagakarsa),72.9,53.8,24.9,16.4,58.6,15.1,64.6,PM25,SEDANG
2025-07-16,DKI4 (Lubang Buaya),99.8,51.6,21.7,14.6,34.7,29.0,79.8,PM10,SEDANG
2025-07-16,DKI5 (Kebon Jeruk),91.7,68.0,13.7,13.6,39.4,13.3,81.6,PM25,SEDANG
2025-07-17,DKI1 (Bunderan HI),86.9,74.3,23.8,14.4,55.6,19.9,89.1,PM25,SEDANG
2025-07-17,DKI2 (Kelapa Gading),78.7,72.8,19.6,26.2,51.9,17.4,87.4,PM25,SEDANG
2025-07-17,DKI3 (Jagakarsa),126.4,57.7,23.9,22.1,60.0,27.3,101.1,PM10,TIDAK SEHAT
2025-07-17,DKI4 (Lubang Buaya),84.8,69.1,21.3,19.5,78.2,21.2,83.0,PM25,SEDANG
2025-07-17,DKI5 (Kebon Jeruk),167.1,84.9,23.0,35.9,67.0,29.3,133.7,PM10,TIDAK SEHAT
2025-07-18,DKI1 (Bunderan HI),92.2,62.8,15.0,18.5,72.7,19.7,75.3,PM25,SEDANG
2025-07-18,DKI2 (Kelapa Gading),120.8,89.4,21.6,26.6,38.0,28.2,107.3,PM25,TIDAK SEHAT
2025-07-18,DKI3 (Jagakarsa),127.0,78.2,16.3,16.4,39.4,16.0,101.6,PM10,TIDAK SEHAT
2025-07-18,DKI4 (Lubang Buaya),128.9,21.1,18.4,17.9,62.5,33.0,103.1,PM10,TIDAK SEHAT
2025-07-18,DKI5 (Kebon Jeruk),111.7,59.4,14.6,17.9,56.5,21.7,89.4,PM10,SEDANG
2025-07-19,DKI1 (Bunderan HI),97.8,95.2,16.5,17.5,48.5,37.1,114.3,PM25,TIDAK SEHAT
2025-07-19,DKI2 (Kelapa Gading),94.4,53.0,7.2,25.5,69.1,24.5,75.5,PM10,SEDANG
2025-07-19,DKI3 (Jagakarsa),108.0,60.9,15.1,25.6,46.1,16.0,86.4,PM10,SEDANG
2025-07-19,DKI4 (Lubang Buaya),120.2,68.3,10.7,23.6,72.6,28.4,96.1,PM10,SEDANG
2025-07-19,DKI5 (Kebon Jeruk),123.8,60.9,26.9,26.0,63.9,24.8,99.0,PM10,SEDANG
2025-07-20,DKI1 (Bunderan HI),129.3,61.5,23.3,23.5,48.6,36.0,103.4,PM10,TIDAK SEHAT
2025-07-20,DKI2 (Kelapa Gading),102.3,51.0,30.2,22.1,54.1,27.7,81.8,PM10,SEDANG
2025-07-20,DKI3 (Jagakarsa),119.4,55.5,6.7,31.6,52.4,37.6,95.6,PM10,SEDANG
2025-07-20,DKI4 (Lubang Buaya),143.0,106.0,19.8,19.7,39.3,21.2,127.2,PM25,TIDAK SEHAT
2025-07-20,DKI5 (Kebon Jeruk),113.1,64.8,14.6,16.3,48.8,21.9,90.5,PM10,SEDANG
2025-07-21,DKI1 (Bunderan HI),137.8,69.6,14.1,27.8,53.0,31.2,110.3,PM10,TIDAK SEHAT
2025-07-21,DKI2 (Kelapa Gading),96.8,83.2,25.2,27.4,52.7,14.1,99.8,PM25,SEDANG
2025-07-21,DKI3 (Jagakarsa),173.5,39.4,15.5,33.4,65.2,28.5,138.8,PM10,TIDAK SEHAT
2025-07-21,DKI4 (Lubang Buaya),84.2,66.8,17.2,24.4,37.7,26.7,80.2,PM25,SEDANG
2025-07-21,DKI5 (Kebon Jeruk),111.2,76.0,29.3,13.8,50.5,26.3,91.2,PM25,SEDANG
2025-07-22,DKI1 (Bunderan HI),158.1,62.8,25.1,21.1,71.4,17.5,126.5,PM10,TIDAK SEHAT
2025-07-22,DKI2 (Kelapa Gading),48.6,62.7,15.7,17.5,44.9,25.0,75.2,PM25,SEDANG
2025-07-22,DKI3 (Jagakarsa),101.6,89.9,22.2,24.1,61.7,16.2,107.9,PM25,TIDAK SEHAT
2025-07-22,DKI4 (Lubang Buaya),106.8,65.2,16.3,20.4,69.3,25.1,85.4,PM10,SEDANG
2025-07-22,DKI5 (Kebon Jeruk),120.9,59.5,27.5,30.3,58.7,32.3,96.8,PM10,SEDANG
2025-07-23,DKI1 (Bunderan HI),99.3,67.4,14.9,29.5,69.1,36.9,80.9,PM25,SEDANG
2025-07-23,DKI2 (Kelapa Gading),113.8,73.7,18.5,18.4,51.7,19.8,91.0,PM10,SEDANG
2025-07-23,DKI3 (Jagakarsa),58.9,91.6,15.1,19.4,54.3,22.9,109.9,PM25,TIDAK SEHAT
2025-07-23,DKI4 (Lubang Buaya),99.8,74.4,14.8,35.2,47.2,20.5,89.2,PM25,SEDANG
2025-07-23,DKI5 (Kebon Jeruk),140.6,86.8,20.8,23.4,59.9,27.2,112.4,PM10,TIDAK SEHAT
2025-07-24,DKI1 (Bunderan HI),94.1,65.1,27.7,25.1,47.8,28.8,78.1,PM25,SEDANG
2025-07-24,DKI2 (Kelapa Gading),77.9,46.4,19.9,29.2,54.2,17.2,62.4,PM10,SEDANG
2025-07-24,DKI3 (Jagakarsa),114.8,85.8,21.6,25.1,49.8,11.9,103.0,PM25,TIDAK SEHAT
2025-07-24,DKI5 (Kebon Jeruk),147.4,82.3,20.7,21.5,33.2,42.2,117.9,PM10,TIDAK SEHAT
2025-07-25,DKI1 (Bunderan HI),133.0,93.3,19.0,19.7,53.9,18.9,112.0,PM25,TIDAK SEHAT
2025-07-25,DKI2 (Kelapa Gading),67.5,41.0,15.3,26.1,56.1,30.6,54.0,PM10,SEDANG
2025-07-25,DKI3 (Jagakarsa),103.3,45.9,15.8,23.0,57.3,23.4,82.6,PM10,SEDANG
2025-07-25,DKI4 (Lubang Buaya),91.4,70.6,21.7,6.6,45.5,17.7,84.7,PM25,SEDANG
2025-07-25,DKI5 (Kebon Jeruk),123.0,72.0,21.3,17.0,53.8,23.6,98.4,PM10,SEDANG
2025-07-26,DKI1 (Bunderan HI),82.2,56.5,15.0,15.0,35.4,26.7,67.8,PM25,SEDANG
2025-07-26,DKI2 (Kelapa Gading),129.0,78.0,15.8,36.3,46.6,25.3,103.2,PM10,TIDAK SEHAT
2025-07-26,DKI3 (Jagakarsa),127.3,67.6,26.3,31.5,62.8,22.4,101.8,PM10,TIDAK SEHAT
2025-07-26,DKI4 (Lubang Buaya),96.2,56.7,27.9,21.0,72.6,29.1,77.0,PM10,SEDANG
2025-07-26,DKI5 (Kebon Jeruk),84.7,83.7,18.3,20.5,51.8,23.1,100.4,PM25,TIDAK SEHAT
2025-07-27,DKI1 (Bunderan HI),88.3,51.8,19.8,24.1,53.0,1.0,70.6,PM10,SEDANG
2025-07-27,DKI2 (Kelapa Gading),95.8,72.4,25.1,31.9,64.1,23.9,86.9,PM25,SEDANG
2025-07-27,DKI3 (Jagakarsa),148.6,92.4,10.7,20.7,64.5,18.0,118.9,PM10,TIDAK SEHAT
2025-07-27,DKI4 (Lubang Buaya),113.3,43.3,14.8,19.3,35.1,27.7,90.6,PM10,SEDANG
2025-07-27,DKI5 (Kebon Jeruk),114.8,40.2,23.3,22.0,37.6,21.7,91.9,PM10,SEDANG
2025-07-28,DKI1 (Bunderan HI),138.1,76.3,16.1,19.4,55.1,31.2,110.5,PM10,TIDAK SEHAT
2025-07-28,DKI2 (Kelapa Gading),119.4,74.3,16.4,31.4,70.4,23.2,95.5,PM10,SEDANG
2025-07-28,DKI3 (Jagakarsa),125.8,95.8,21.9,21.1,67.0,28.7,114.9,PM25,TIDAK SEHAT
2025-07-28,DKI4 (Lubang Buaya),132.1,67.7,18.7,31.2,60.0,17.0,105.7,PM10,TIDAK SEHAT
2025-07-28,DKI5 (Kebon Jeruk),72.7,36.6,13.9,27.2,48.9,27.2,58.1,PM10,SEDANG
2025-07-29,DKI1 (Bunderan HI),149.5,20.8,14.2,19.8,50.0,22.7,119.6,PM10,TIDAK SEHAT
2025-07-29,DKI2 (Kelapa Gading),81.5,56.0,19.4,21.7,46.5,24.9,67.2,PM25,SEDANG
2025-07-29,DKI3 (Jagakarsa),129.4,67.6,18.1,21.6,59.8,37.0,103.5,PM10,TIDAK SEHAT
2025-07-29,DKI5 (Kebon Jeruk),125.1,42.7,17.1,20.0,51.9,26.0,100.1,PM10,TIDAK SEHAT
2025-07-30,DKI1 (Bunderan HI),79.4,56.5,10.8,15.2,39.9,22.5,67.8,PM25,SEDANG
2025-07-30,DKI2 (Kelapa Gading),101.0,73.8,15.4,18.2,64.4,14.6,88.6,PM25,SEDANG
2025-07-30,DKI3 (Jagakarsa),88.0,90.8,16.7,14.4,36.3,29.9,109.0,PM25,TIDAK SEHAT
2025-07-30,DKI4 (Lubang Buaya),87.1,44.6,16.1,23.4,58.1,26.3,69.7,PM10,SEDANG
2025-07-30,DKI5 (Kebon Jeruk),114.4,79.7,14.0,28.6,82.0,23.1,95.7,PM25,SEDANG
2025-07-31,DKI1 (Bunderan HI),115.1,72.2,23.5,20.7,38.6,19.2,92.1,PM10,SEDANG
2025-07-31,DKI2 (Kelapa Gading),95.0,56.3,20.2,23.9,54.6,12.5,76.0,PM10,SEDANG
2025-07-31,DKI3 (Jagakarsa),111.6,74.2,22.2,11.6,78.0,16.4,89.3,PM10,SEDANG
2025-07-31,DKI4 (Lubang Buaya),131.9,71.0,25.5,9.2,41.0,28.0,105.5,PM10,TIDAK SEHAT
2025-07-31,DKI5 (Kebon Jeruk),112.9,59.1,14.1,24.8,32.3,40.3,90.3,PM10,SEDANG
2025-08-01,DKI1 (Bunderan HI),130.7,57.2,20.4,20.8,41.1,22.1,104.6,PM10,TIDAK SEHAT
2025-08-01,DKI2 (Kelapa Gading),130.3,67.0,15.4,28.1,42.7,20.2,104.2,PM10,TIDAK SEHAT
2025-08-01,DKI3 (Jagakarsa),112.2,74.2,12.4,26.8,41.6,17.9,89.7,PM10,SEDANG
2025-08-01,DKI4 (Lubang Buaya),72.3,55.1,12.7,21.2,50.6,23.2,66.1,PM25,SEDANG
2025-08-01,DKI5 (Kebon Jeruk),116.4,63.8,12.5,15.4,42.3,13.2,93.1,PM10,SEDANG
2025-08-02,DKI1 (Bunderan HI),84.8,65.7,18.0,22.5,64.7,20.7,78.8,PM25,SEDANG
2025-08-02,DKI2 (Kelapa Gading),86.8,82.6,15.9,31.3,44.1,22.7,99.1,PM25,SEDANG
2025-08-02,DKI3 (Jagakarsa),110.1,71.6,19.0,33.7,41.4,23.9,88.1,PM10,SEDANG
2025-08-02,DKI4 (Lubang Buaya),130.7,71.3,15.9,16.9,44.0,23.1,104.5,PM10,TIDAK SEHAT
2025-08-02,DKI5 (Kebon Jeruk),109.9,38.1,10.2,20.2,55.7,25.9,88.0,PM10,SEDANG
2025-08-03,DKI1 (Bunderan HI),157.5,79.6,15.5,15.5,62.7,20.5,126.0,PM10,TIDAK SEHAT
2025-08-03,DKI2 (Kelapa Gading),85.0,74.5,22.0,14.8,66.5,22.4,89.4,PM25,SEDANG
2025-08-03,DKI3 (Jagakarsa),78.3,70.9,23.5,22.1,44.5,13.6,85.1,PM25,SEDANG
2025-08-03,DKI4 (Lubang Buaya),83.4,63.4,26.9,20.8,65.8,27.3,76.1,PM25,SEDANG
2025-08-03,DKI5 (Kebon Jeruk),141.5,112.2,23.0,23.5,69.6,31.5,134.6,PM25,TIDAK SEHAT
2025-08-04,DKI1 (Bunderan HI),115.8,66.3,21.0,25.9,36.1,30.4,92.6,PM10,SEDANG
2025-08-04,DKI2 (Kelapa Gading),111.3,113.9,17.4,14.5,50.6,31.3,136.7,PM25,TIDAK SEHAT
2025-08-04,DKI3 (Jagakarsa),92.6,35.3,5.4,27.0,43.7,26.3,74.1,PM10,SEDANG
2025-08-04,DKI4 (Lubang Buaya),109.0,85.5,20.1,30.6,47.3,22.0,102.6,PM25,TIDAK SEHAT
2025-08-04,DKI5 (Kebon Jeruk),83.0,52.8,16.0,31.1,47.7,27.8,66.4,PM10,SEDANG
2025-08-05,DKI1 (Bunderan HI),161.3,45.5,10.5,25.0,54.9,25.4,129.0,PM10,TIDAK SEHAT
2025-08-05,DKI2 (Kelapa Gading),117.9,54.4,22.7,23.9,75.7,13.4,94.3,PM10,SEDANG
2025-08-05,DKI3 (Jagakarsa),133.0,79.2,12.7,15.5,74.2,22.2,106.4,PM10,TIDAK SEHAT
2025-08-05,DKI4 (Lubang Buaya),70.5,84.0,14.2,14.1,48.2,27.0,100.8,PM25,TIDAK SEHAT
2025-08-05,DKI5 (Kebon Jeruk),99.5,51.0,21.9,24.9,62.3,14.2,79.6,PM10,SEDANG
2025-08-06,DKI1 (Bunderan HI),122.9,61.2,27.5,30.1,44.6,7.6,98.3,PM10,SEDANG
2025-08-06,DKI2 (Kelapa Gading),101.2,83.8,20.8,22.2,40.0,21.3,100.6,PM25,TIDAK SEHAT
2025-08-06,DKI3 (Jagakarsa),140.9,87.7,15.5,22.5,27.8,39.2,112.8,PM10,TIDAK SEHAT
2025-08-06,DKI4 (Lubang Buaya),117.4,72.6,23.5,9.2,59.0,38.3,93.9,PM10,SEDANG
2025-08-06,DKI5 (Kebon Jeruk),77.5,84.8,19.1,27.3,55.4,35.4,101.8,PM25,TIDAK SEHAT
2025-08-07,DKI1 (Bunderan HI),86.3,75.8,14.6,30.1,52.1,21.7,90.9,PM25,SEDANG
2025-08-07,DKI2 (Kelapa Gading),104.9,88.0,21.0,33.0,42.8,22.9,105.6,PM25,TIDAK SEHAT
2025-08-07,DKI3 (Jagakarsa),120.4,61.6,17.2,24.4,56.2,31.9,96.3,PM10,SEDANG
2025-08-07,DKI4 (Lubang Buaya),141.1,97.1,17.4,18.4,62.3,27.8,116.5,PM25,TIDAK SEHAT
2025-08-07,DKI5 (Kebon Jeruk),101.2,42.9,22.7,33.3,57.0,32.1,80.9,PM10,SEDANG
2025-08-08,DKI1 (Bunderan HI),122.8,57.3,21.7,20.5,59.9,18.9,98.2,PM10,SEDANG
2025-08-08,DKI2 (Kelapa Gading),110.0,85.0,23.4,27.4,23.7,13.3,102.0,PM25,TIDAK SEHAT
2025-08-08,DKI3 (Jagakarsa),114.5,70.1,16.5,14.2,47.0,30.8,91.6,PM10,SEDANG
2025-08-08,DKI4 (Lubang Buaya),98.0,46.6,17.9,15.2,49.0,27.0,78.4,PM10,SEDANG
2025-08-08,DKI5 (Kebon Jeruk),106.6,49.3,9.9,19.8,75.5,20.8,85.3,PM10,SEDANG
2025-08-09,DKI1 (Bunderan HI),99.1,68.1,19.2,22.6,59.1,26.8,81.7,PM25,SEDANG
2025-08-09,DKI2 (Kelapa Gading),106.7,53.2,24.4,15.5,36.6,24.6,85.4,PM10,SEDANG
2025-08-09,DKI3 (Jagakarsa),134.9,82.9,21.0,33.0,37.3,27.1,107.9,PM10,TIDAK SEHAT
2025-08-09,DKI4 (Lubang Buaya),85.9,64.2,15.2,24.6,55.1,32.7,77.0,PM25,SEDANG
2025-08-09,DKI5 (Kebon Jeruk),133.8,104.6,22.1,16.9,73.6,15.8,125.6,PM25,TIDAK SEHAT
2025-08-10,DKI1 (Bunderan HI),149.9,100.5,24.8,26.2,51.5,36.8,120.5,PM25,TIDAK SEHAT
2025-08-10,DKI2 (Kelapa Gading),104.6,49.2,20.5,23.2,29.5,21.5,83.7,PM10,SEDANG
2025-08-10,DKI3 (Jagakarsa),84.9,73.0,10.3,20.1,49.8,13.4,87.5,PM25,SEDANG
2025-08-10,DKI4 (Lubang Buaya),136.1,67.1,24.6,21.0,68.4,32.8,108.8,PM10,TIDAK SEHAT
2025-08-10,DKI5 (Kebon Jeruk),110.7,69.2,20.5,15.3,44.5,22.5,88.6,PM10,SEDANG
2025-08-11,DKI1 (Bunderan HI),111.7,93.6,14.9,19.2,62.2,29.5,112.3,PM25,TIDAK SEHAT
2025-08-11,DKI2 (Kelapa Gading),120.8,36.5,14.8,21.7,47.4,27.6,96.6,PM10,SEDANG
2025-08-11,DKI3 (Jagakarsa),100.2,53.3,19.0,17.8,41.8,15.9,80.1,PM10,SEDANG
2025-08-11,DKI4 (Lubang Buaya),105.2,67.7,18.3,16.5,37.3,27.7,84.2,PM10,SEDANG
2025-08-11,DKI5 (Kebon Jeruk),142.5,59.7,17.5,11.5,41.5,33.8,114.0,PM10,TIDAK SEHAT
2025-08-12,DKI1 (Bunderan HI),107.7,63.0,22.8,35.3,70.7,18.6,86.1,PM10,SEDANG
2025-08-12,DKI2 (Kelapa Gading),123.7,70.5,19.3,21.2,53.7,26.1,98.9,PM10,SEDANG
2025-08-12,DKI3 (Jagakarsa),133.6,58.3,13.3,21.4,41.7,19.4,106.9,PM10,TIDAK SEHAT
2025-08-12,DKI4 (Lubang Buaya),88.8,25.8,21.3,26.7,55.3,29.5,71.0,PM10,SEDANG
2025-08-12,DKI5 (Kebon Jeruk),88.4,31.4,25.8,20.4,56.7,19.1,70.7,PM10,SEDANG
2025-08-13,DKI1 (Bunderan HI),69.0,40.1,19.7,26.8,43.5,33.3,55.2,PM10,SEDANG
2025-08-13,DKI2 (Kelapa Gading),66.1,26.7,19.7,20.6,61.6,26.5,55.4,O3,SEDANG
2025-08-13,DKI3 (Jagakarsa),45.9,88.0,20.5,22.2,73.9,18.5,105.6,PM25,TIDAK SEHAT
2025-08-13,DKI4 (Lubang Buaya),131.2,61.2,15.2,17.5,62.2,30.4,104.9,PM10,TIDAK SEHAT
2025-08-13,DKI5 (Kebon Jeruk),144.9,33.9,17.6,16.3,50.1,26.6,115.9,PM10,TIDAK SEHAT
2025-08-14,DKI1 (Bunderan HI),46.4,77.3,6.6,25.4,41.6,20.5,92.8,PM25,SEDANG
2025-08-14,DKI2 (Kelapa Gading),123.4,55.5,22.9,20.6,64.8,19.0,98.7,PM10,SEDANG
2025-08-14,DKI3 (Jagakarsa),97.9,53.3,19.3,26.6,54.2,9.1,78.3,PM10,SEDANG
2025-08-14,DKI4 (Lubang Buaya),134.3,54.8,13.2,29.0,53.1,22.0,107.4,PM10,TIDAK SEHAT
2025-08-14,DKI5 (Kebon Jeruk),116.4,67.7,17.0,18.8,46.0,14.4,93.1,PM10,SEDANG
2025-08-15,DKI1 (Bunderan HI),104.8,79.8,16.5,20.5,66.1,24.2,95.8,PM25,SEDANG
2025-08-15,DKI2 (Kelapa Gading),115.4,96.3,24.8,33.9,66.8,23.4,115.6,PM25,TIDAK SEHAT
2025-08-15,DKI3 (Jagakarsa),117.2,65.6,13.4,20.3,60.9,15.9,93.7,PM10,SEDANG
2025-08-15,DKI4 (Lubang Buaya),108.5,54.4,20.3,15.4,52.8,9.0,86.8,PM10,SEDANG
2025-08-15,DKI5 (Kebon Jeruk),78.7,63.5,16.7,16.3,58.4,16.2,76.3,PM25,SEDANG
2025-08-16,DKI1 (Bunderan HI),88.8,71.5,14.2,37.4,50.1,28.0,85.8,PM25,SEDANG
2025-08-16,DKI2 (Kelapa Gading),65.8,80.9,13.2,20.6,64.7,22.1,97.0,PM25,SEDANG
2025-08-16,DKI3 (Jagakarsa),79.8,64.5,12.7,19.5,55.5,27.2,77.4,PM25,SEDANG
2025-08-16,DKI4 (Lubang Buaya),125.1,57.4,9.4,10.1,57.1,18.4,100.1,PM10,TIDAK SEHAT
2025-08-16,DKI5 (Kebon Jeruk),97.2,30.4,17.8,19.0,44.4,26.7,77.8,PM10,SEDANG
2025-08-17,DKI1 (Bunderan HI),72.4,74.9,8.4,33.4,53.8,40.1,89.9,PM25,SEDANG
2025-08-17,DKI2 (Kelapa Gading),67.6,60.4,23.9,26.0,60.9,22.8,72.5,PM25,SEDANG
2025-08-17,DKI3 (Jagakarsa),90.5,68.9,18.0,23.5,67.7,22.3,82.6,PM25,SEDANG
2025-08-17,DKI4 (Lubang Buaya),97.1,42.8,9.7,14.4,66.2,32.4,77.7,PM10,SEDANG
2025-08-17,DKI5 (Kebon Jeruk),75.0,56.7,20.0,24.0,65.8,29.7,68.1,PM25,SEDANG
2025-08-18,DKI1 (Bunderan HI),99.2,42.6,23.6,31.1,57.5,26.2,79.4,PM10,SEDANG
2025-08-18,DKI2 (Kelapa Gading),68.5,80.5,22.7,38.1,57.4,16.8,96.6,PM25,SEDANG
2025-08-18,DKI3 (Jagakarsa),70.9,61.8,12.3,16.1,38.4,22.0,74.2,PM25,SEDANG
2025-08-18,DKI4 (Lubang Buaya),104.3,112.8,19.6,29.0,53.6,20.4,135.4,PM25,TIDAK SEHAT
2025-08-18,DKI5 (Kebon Jeruk),105.9,61.0,25.3,24.3,69.2,34.1,84.7,PM10,SEDANG
2025-08-19,DKI1 (Bunderan HI),95.0,92.3,4.9,6.4,50.3,13.9,110.8,PM25,TIDAK SEHAT
2025-08-19,DKI2 (Kelapa Gading),108.4,33.0,13.3,20.4,57.5,33.3,86.8,PM10,SEDANG
2025-08-19,DKI4 (Lubang Buaya),92.3,77.7,16.7,26.8,44.0,27.2,93.2,PM25,SEDANG
2025-08-20,DKI1 (Bunderan HI),82.1,66.8,14.1,24.1,59.3,23.3,80.2,PM25,SEDANG
2025-08-20,DKI2 (Kelapa Gading),128.7,84.7,13.9,23.1,72.4,17.3,103.0,PM10,TIDAK SEHAT
2025-08-20,DKI3 (Jagakarsa),108.1,75.1,10.2,33.8,44.2,20.4,90.1,PM25,SEDANG
2025-08-20,DKI4 (Lubang Buaya),104.0,48.5,20.4,29.8,61.6,27.3,83.2,PM10,SEDANG
2025-08-20,DKI5 (Kebon Jeruk),128.2,56.9,14.9,31.4,63.2,13.9,102.6,PM10,TIDAK SEHAT
2025-08-21,DKI1 (Bunderan HI),150.8,92.0,21.5,29.4,72.2,23.6,120.7,PM10,TIDAK SEHAT
2025-08-21,DKI2 (Kelapa Gading),133.0,114.2,14.9,20.6,40.6,22.4,137.1,PM25,TIDAK SEHAT
2025-08-21,DKI3 (Jagakarsa),142.5,48.6,23.0,30.7,30.8,19.3,114.0,PM10,TIDAK SEHAT
2025-08-21,DKI4 (Lubang Buaya),146.2,75.3,13.3,19.0,58.2,31.0,117.0,PM10,TIDAK SEHAT
2025-08-21,DKI5 (Kebon Jeruk),158.8,63.4,21.7,20.5,57.3,30.1,127.1,PM10,TIDAK SEHAT
2025-08-22,DKI1 (Bunderan HI),88.6,78.7,11.0,25.0,80.9,24.7,94.4,PM25,SEDANG
2025-08-22,DKI2 (Kelapa Gading),75.0,45.6,21.8,9.1,47.9,25.1,60.0,PM10,SEDANG
2025-08-22,DKI3 (Jagakarsa),168.3,106.8,18.3,16.0,69.1,22.0,134.7,PM10,TIDAK SEHAT
2025-08-22,DKI4 (Lubang Buaya),115.1,77.8,24.4,22.6,63.1,19.9,93.4,PM25,SEDANG
2025-08-22,DKI5 (Kebon Jeruk),85.6,61.7,14.2,26.8,82.5,23.2,74.2,O3,SEDANG
2025-08-23,DKI1 (Bunderan HI),107.0,97.7,30.1,14.6,39.0,28.9,117.2,PM25,TIDAK SEHAT
2025-08-23,DKI2 (Kelapa Gading),109.9,87.6,21.7,21.6,58.1,28.7,105.2,PM25,TIDAK SEHAT
2025-08-23,DKI3 (Jagakarsa),84.0,68.1,14.9,20.4,63.2,18.2,81.7,PM25,SEDANG
2025-08-23,DKI4 (Lubang Buaya),106.5,50.2,15.8,29.7,52.2,22.4,85.2,PM10,SEDANG
2025-08-23,DKI5 (Kebon Jeruk),57.1,49.4,14.0,27.8,51.3,13.9,59.3,PM25,SEDANG
2025-08-24,DKI1 (Bunderan HI),98.8,96.3,18.5,14.6,52.6,22.5,115.6,PM25,TIDAK SEHAT
2025-08-24,DKI2 (Kelapa Gading),115.0,69.9,14.3,25.1,71.3,35.3,92.0,PM10,SEDANG
2025-08-24,DKI3 (Jagakarsa),85.7,67.8,14.8,13.9,48.5,32.1,81.3,PM25,SEDANG
2025-08-24,DKI4 (Lubang Buaya),84.9,70.9,23.8,21.9,50.5,32.8,85.0,PM25,SEDANG
2025-08-24,DKI5 (Kebon Jeruk),85.5,75.7,18.0,21.1,53.2,29.2,90.8,PM25,SEDANG
2025-08-25,DKI1 (Bunderan HI),119.6,68.4,18.9,28.4,51.8,15.5,95.7,PM10,SEDANG
2025-08-25,DKI2 (Kelapa Gading),150.9,69.2,19.7,24.9,67.1,14.9,120.8,PM10,TIDAK SEHAT
2025-08-25,DKI3 (Jagakarsa),127.9,64.4,16.1,32.2,61.9,21.8,102.3,PM10,TIDAK SEHAT
2025-08-25,DKI4 (Lubang Buaya),100.2,75.3,19.6,15.3,41.3,26.5,90.4,PM25,SEDANG
2025-08-25,DKI5 (Kebon Jeruk),113.2,89.2,26.9,21.3,38.1,35.1,107.0,PM25,TIDAK SEHAT
2025-08-26,DKI1 (Bunderan HI),49.0,26.5,18.0,16.7,54.8,22.2,49.3,O3,BAIK
2025-08-26,DKI2 (Kelapa Gading),103.7,76.8,18.5,25.1,62.7,29.2,92.2,PM25,SEDANG
2025-08-26,DKI3 (Jagakarsa),85.6,94.8,13.6,20.9,49.3,34.9,113.7,PM25,TIDAK SEHAT
2025-08-26,DKI4 (Lubang Buaya),64.6,40.3,19.8,20.0,63.0,33.2,56.7,O3,SEDANG
2025-08-26,DKI5 (Kebon Jeruk),132.2,53.3,7.5,25.6,72.7,28.9,105.8,PM10,TIDAK SEHAT
2025-08-27,DKI1 (Bunderan HI),116.1,50.9,20.2,25.6,54.9,30.5,92.9,PM10,SEDANG
2025-08-27,DKI2 (Kelapa Gading),137.2,57.3,16.2,20.8,72.3,34.4,109.7,PM10,TIDAK SEHAT
2025-08-27,DKI3 (Jagakarsa),134.4,63.6,20.5,18.4,39.0,22.4,107.5,PM10,TIDAK SEHAT
2025-08-27,DKI4 (Lubang Buaya),132.1,71.0,19.3,19.2,62.8,34.4,105.7,PM10,TIDAK SEHAT
2025-08-27,DKI5 (Kebon Jeruk),139.9,80.3,10.6,7.1,55.5,25.7,111.9,PM10,TIDAK SEHAT
2025-08-28,DKI1 (Bunderan HI),55.1,50.2,26.5,24.0,50.6,23.1,60.2,PM25,SEDANG
2025-08-28,DKI2 (Kelapa Gading),115.6,60.6,19.4,20.3,57.5,23.1,92.5,PM10,SEDANG
2025-08-28,DKI3 (Jagakarsa),53.6,70.5,23.1,21.8,47.7,31.5,84.6,PM25,SEDANG
2025-08-28,DKI4 (Lubang Buaya),112.2,65.5,17.3,14.9,49.8,33.1,89.8,PM10,SEDANG
2025-08-28,DKI5 (Kebon Jeruk),102.5,55.1,19.7,29.0,51.2,24.1,82.0,PM10,SEDANG
2025-08-29,DKI1 (Bunderan HI),128.0,77.4,19.5,14.1,56.9,32.5,102.4,PM10,TIDAK SEHAT
2025-08-29,DKI2 (Kelapa Gading),83.4,61.9,18.1,22.3,63.6,18.7,74.3,PM25,SEDANG
2025-08-29,DKI3 (Jagakarsa),67.4,58.0,18.6,22.1,63.6,29.1,69.6,PM25,SEDANG
2025-08-29,DKI4 (Lubang Buaya),75.9,74.8,13.0,13.8,64.0,28.6,89.8,PM25,SEDANG
2025-08-29,DKI5 (Kebon Jeruk),77.8,61.1,23.7,20.4,52.6,35.1,73.3,PM25,SEDANG
2025-08-30,DKI1 (Bunderan HI),122.1,76.1,15.5,15.8,62.4,16.4,97.7,PM10,SEDANG
2025-08-30,DKI2 (Kelapa Gading),120.9,76.9,14.5,15.9,55.4,14.4,96.7,PM10,SEDANG
2025-08-30,DKI3 (Jagakarsa),164.4,93.0,24.7,21.5,42.2,11.9,131.5,PM10,TIDAK SEHAT
2025-08-30,DKI4 (Lubang Buaya),70.4,84.3,25.0,13.6,62.5,43.0,101.2,PM25,TIDAK SEHAT
2025-08-30,DKI5 (Kebon Jeruk),113.9,56.6,17.4,22.1,51.1,21.4,91.1,PM10,SEDANG
2025-08-31,DKI1 (Bunderan HI),57.6,68.3,22.6,26.8,32.9,28.8,82.0,PM25,SEDANG
2025-08-31,DKI2 (Kelapa Gading),113.0,53.4,17.9,17.7,63.7,23.4,90.4,PM10,SEDANG
2025-08-31,DKI3 (Jagakarsa),123.3,76.5,13.2,15.8,46.2,22.4,98.6,PM10,SEDANG
2025-08-31,DKI4 (Lubang Buaya),145.4,71.1,20.0,23.0,68.4,24.4,116.3,PM10,TIDAK SEHAT
2025-09-01,DKI1 (Bunderan HI),98.8,60.7,22.6,35.1,50.8,23.3,79.0,PM10,SEDANG
2025-09-01,DKI2 (Kelapa Gading),102.0,57.5,24.3,26.7,55.5,30.7,81.6,PM10,SEDANG
2025-09-01,DKI3 (Jagakarsa),132.4,62.0,15.6,7.4,74.0,18.2,106.0,PM10,TIDAK SEHAT
2025-09-01,DKI4 (Lubang Buaya),120.4,98.7,13.4,23.8,61.5,29.4,118.4,PM25,TIDAK SEHAT
2025-09-01,DKI5 (Kebon Jeruk),112.8,51.0,23.3,16.0,67.5,27.6,90.2,PM10,SEDANG
2025-09-02,DKI1 (Bunderan HI),93.6,56.0,11.7,22.8,31.7,14.8,74.9,PM10,SEDANG
2025-09-02,DKI2 (Kelapa Gading),137.7,64.6,23.4,16.9,61.6,22.7,110.1,PM10,TIDAK SEHAT
2025-09-02,DKI3 (Jagakarsa),83.6,54.9,15.4,26.8,57.1,39.1,66.9,PM10,SEDANG
2025-09-02,DKI4 (Lubang Buaya),123.4,49.0,10.5,32.8,46.8,24.1,98.7,PM10,SEDANG
2025-09-02,DKI5 (Kebon Jeruk),77.3,63.7,23.0,37.9,40.2,21.3,76.4,PM25,SEDANG
2025-09-03,DKI1 (Bunderan HI),102.9,112.3,11.7,25.5,29.8,12.7,134.8,PM25,TIDAK SEHAT
2025-09-03,DKI2 (Kelapa Gading),112.6,77.9,19.7,26.8,63.7,22.8,93.4,PM25,SEDANG
2025-09-03,DKI3 (Jagakarsa),90.7,61.6,17.2,15.9,64.6,17.5,73.9,PM25,SEDANG
2025-09-03,DKI4 (Lubang Buaya),129.8,67.1,19.5,21.9,57.0,19.8,103.9,PM10,TIDAK SEHAT
2025-09-03,DKI5 (Kebon Jeruk),147.2,84.4,15.1,20.1,59.5,21.6,117.8,PM10,TIDAK SEHAT
2025-09-04,DKI1 (Bunderan HI),95.7,76.9,18.2,21.2,53.7,13.4,92.3,PM25,SEDANG
2025-09-04,DKI3 (Jagakarsa),156.2,53.3,13.9,9.9,47.9,30.5,125.0,PM10,TIDAK SEHAT
2025-09-04,DKI4 (Lubang Buaya),97.1,44.7,20.2,20.1,44.4,17.6,77.7,PM10,SEDANG
2025-09-04,DKI5 (Kebon Jeruk),109.6,48.5,17.6,18.2,65.1,30.9,87.7,PM10,SEDANG
2025-09-05,DKI1 (Bunderan HI),98.8,50.7,15.7,23.9,47.0,20.2,79.1,PM10,SEDANG
2025-09-05,DKI2 (Kelapa Gading),132.6,84.5,22.4,13.3,30.5,21.0,106.1,PM10,TIDAK SEHAT
2025-09-05,DKI3 (Jagakarsa),109.0,51.9,26.8,22.1,56.3,22.9,87.2,PM10,SEDANG
2025-09-05,DKI4 (Lubang Buaya),118.1,91.0,10.0,28.5,60.1,27.9,109.2,PM25,TIDAK SEHAT
2025-09-05,DKI5 (Kebon Jeruk),141.8,69.4,7.6,32.0,45.5,17.7,113.5,PM10,TIDAK SEHAT
2025-09-06,DKI1 (Bunderan HI),138.5,80.9,20.2,15.4,53.4,33.5,110.8,PM10,TIDAK SEHAT
2025-09-06,DKI2 (Kelapa Gading),59.9,89.2,20.2,16.7,80.5,15.3,107.0,PM25,TIDAK SEHAT
2025-09-06,DKI3 (Jagakarsa),84.6,51.2,8.9,25.4,44.5,17.9,67.7,PM10,SEDANG
2025-09-06,DKI4 (Lubang Buaya),99.7,69.2,17.7,18.4,69.3,20.5,83.0,PM25,SEDANG
2025-09-06,DKI5 (Kebon Jeruk),105.0,88.4,14.7,16.0,49.5,25.9,106.1,PM25,TIDAK SEHAT
2025-09-07,DKI1 (Bunderan HI),130.4,65.8,7.5,20.6,63.6,27.6,104.3,PM10,TIDAK SEHAT
2025-09-07,DKI2 (Kelapa Gading),88.8,46.8,18.4,19.7,48.0,43.7,71.1,PM10,SEDANG
2025-09-07,DKI3 (Jagakarsa),121.1,40.1,23.7,24.1,65.8,21.1,96.9,PM10,SEDANG
2025-09-07,DKI4 (Lubang Buaya),122.2,74.8,16.2,19.3,56.9,32.5,97.7,PM10,SEDANG
2025-09-08,DKI1 (Bunderan HI),102.6,106.6,20.9,31.9,50.6,20.4,127.9,PM25,TIDAK SEHAT
2025-09-08,DKI2 (Kelapa Gading),105.7,80.7,15.4,14.6,64.7,14.5,96.8,PM25,SEDANG
2025-09-08,DKI3 (Jagakarsa),83.8,68.6,16.5,26.5,48.9,36.7,82.3,PM25,SEDANG
2025-09-08,DKI4 (Lubang Buaya),109.6,69.4,27.0,28.8,66.8,32.7,87.7,PM10,SEDANG
2025-09-08,DKI5 (Kebon Jeruk),113.3,53.1,13.3,13.3,55.2,23.0,90.6,PM10,SEDANG
2025-09-09,DKI1 (Bunderan HI),87.2,38.0,23.7,17.0,39.0,15.4,69.8,PM10,SEDANG
2025-09-09,DKI2 (Kelapa Gading),129.2,48.4,15.5,21.7,53.6,19.8,103.3,PM10,TIDAK SEHAT
2025-09-09,DKI3 (Jagakarsa),104.4,64.2,16.3,24.7,46.5,24.5,83.5,PM10,SEDANG
2025-09-09,DKI4 (Lubang Buaya),123.2,46.8,17.3,18.3,77.6,23.4,98.5,PM10,SEDANG
2025-09-09,DKI5 (Kebon Jeruk),102.6,87.1,13.2,25.5,51.9,28.5,104.5,PM25,TIDAK SEHAT
2025-09-10,DKI1 (Bunderan HI),99.7,47.9,15.5,15.6,50.2,25.6,79.8,PM10,SEDANG
2025-09-10,DKI2 (Kelapa Gading),80.5,62.1,21.7,28.4,65.8,9.3,74.6,PM25,SEDANG
2025-09-10,DKI4 (Lubang Buaya),133.2,89.3,18.2,18.1,27.7,27.1,107.2,PM25,TIDAK SEHAT
2025-09-10,DKI5 (Kebon Jeruk),100.7,28.3,21.3,18.0,58.5,23.5,80.6,PM10,SEDANG
2025-09-11,DKI1 (Bunderan HI),116.7,39.5,16.5,6.5,58.4,37.8,93.4,PM10,SEDANG
2025-09-11,DKI2 (Kelapa Gading),148.5,60.9,15.9,15.0,45.7,31.3,118.8,PM10,TIDAK SEHAT
2025-09-11,DKI3 (Jagakarsa),124.4,61.4,19.8,27.5,47.1,25.0,99.5,PM10,SEDANG
2025-09-11,DKI4 (Lubang Buaya),81.7,67.5,22.0,14.9,48.6,16.2,80.9,PM25,SEDANG
2025-09-11,DKI5 (Kebon Jeruk),110.5,32.6,16.0,24.8,28.4,29.0,88.4,PM10,SEDANG
2025-09-12,DKI1 (Bunderan HI),167.0,61.0,17.5,12.1,48.2,26.8,133.6,PM10,TIDAK SEHAT
2025-09-12,DKI3 (Jagakarsa),120.7,62.4,16.3,16.8,50.5,21.8,96.5,PM10,SEDANG
2025-09-12,DKI4 (Lubang Buaya),93.7,15.0,14.3,18.7,54.6,22.9,75.0,PM10,SEDANG
2025-09-12,DKI5 (Kebon Jeruk),122.7,96.7,31.1,29.7,38.0,26.0,116.0,PM25,TIDAK SEHAT
2025-09-13,DKI1 (Bunderan HI),122.9,83.3,17.7,13.8,34.0,20.7,99.9,PM25,SEDANG
2025-09-13,DKI2 (Kelapa Gading),130.9,71.8,11.3,27.5,68.3,12.4,104.7,PM10,TIDAK SEHAT
2025-09-13,DKI3 (Jagakarsa),106.4,78.9,11.1,26.0,53.2,30.8,94.7,PM25,SEDANG
2025-09-13,DKI4 (Lubang Buaya),108.6,98.4,16.7,21.4,42.5,26.6,118.1,PM25,TIDAK SEHAT
2025-09-13,DKI5 (Kebon Jeruk),123.2,86.8,21.0,24.2,30.5,29.2,104.1,PM25,TIDAK SEHAT
2025-09-14,DKI1 (Bunderan HI),78.2,57.0,10.6,20.3,63.5,34.7,68.4,PM25,SEDANG
2025-09-14,DKI2 (Kelapa Gading),93.1,58.2,14.5,25.1,40.4,13.9,74.5,PM10,SEDANG
2025-09-14,DKI3 (Jagakarsa),142.3,22.3,18.2,14.4,66.8,29.1,113.8,PM10,TIDAK SEHAT
2025-09-14,DKI4 (Lubang Buaya),101.1,27.0,13.9,20.7,62.4,28.5,80.9,PM10,SEDANG
2025-09-14,DKI5 (Kebon Jeruk),122.9,36.7,15.3,17.7,51.2,24.7,98.3,PM10,SEDANG
2025-09-15,DKI2 (Kelapa Gading),144.3,58.6,19.6,28.0,38.2,25.5,115.4,PM10,TIDAK SEHAT
2025-09-15,DKI3 (Jagakarsa),125.1,45.4,24.0,23.5,69.4,32.3,100.1,PM10,TIDAK SEHAT
2025-09-15,DKI4 (Lubang Buaya),114.8,57.1,21.8,5.8,41.9,23.3,91.8,PM10,SEDANG
2025-09-15,DKI5 (Kebon Jeruk),115.4,115.5,22.9,36.3,50.6,17.6,138.6,PM25,TIDAK SEHAT
2025-09-16,DKI1 (Bunderan HI),97.4,64.7,9.2,21.6,55.7,10.3,77.9,PM10,SEDANG
2025-09-16,DKI2 (Kelapa Gading),108.5,38.2,16.6,25.0,33.6,20.9,86.8,PM10,SEDANG
2025-09-16,DKI3 (Jagakarsa),134.4,74.9,18.6,24.0,39.5,18.5,107.5,PM10,TIDAK SEHAT
2025-09-16,DKI4 (Lubang Buaya),104.4,58.0,20.9,25.1,50.4,31.7,83.5,PM10,SEDANG
2025-09-17,DKI1 (Bunderan HI),82.7,73.5,25.8,29.1,34.8,31.5,88.2,PM25,SEDANG
2025-09-17,DKI2 (Kelapa Gading),77.2,22.4,20.4,27.2,38.0,34.5,61.7,PM10,SEDANG
2025-09-17,DKI3 (Jagakarsa),102.1,50.4,19.8,26.0,64.7,18.8,81.7,PM10,SEDANG
2025-09-17,DKI4 (Lubang Buaya),117.4,69.1,11.6,15.3,60.2,21.0,93.9,PM10,SEDANG
2025-09-17,DKI5 (Kebon Jeruk),120.2,85.6,19.0,27.5,58.3,33.5,102.7,PM25,TIDAK SEHAT
2025-09-18,DKI1 (Bunderan HI),128.5,85.3,17.4,18.5,58.4,20.2,102.8,PM10,TIDAK SEHAT
2025-09-18,DKI2 (Kelapa Gading),144.9,73.0,21.4,21.2,60.9,4.9,115.9,PM10,TIDAK SEHAT
2025-09-18,DKI3 (Jagakarsa),137.5,19.4,14.2,22.2,60.3,36.2,110.0,PM10,TIDAK SEHAT
2025-09-18,DKI4 (Lubang Buaya),106.8,78.3,13.6,29.3,52.6,19.4,93.9,PM25,SEDANG
2025-09-18,DKI5 (Kebon Jeruk),112.5,67.9,23.1,34.3,47.2,7.1,90.0,PM10,SEDANG
2025-09-19,DKI1 (Bunderan HI),149.8,84.4,21.5,23.0,66.1,19.1,119.8,PM10,TIDAK SEHAT
2025-09-19,DKI2 (Kelapa Gading),127.8,55.5,28.3,18.3,38.3,29.0,102.2,PM10,TIDAK SEHAT
2025-09-19,DKI3 (Jagakarsa),130.0,70.8,15.4,16.6,77.4,22.8,104.0,PM10,TIDAK SEHAT
2025-09-19,DKI4 (Lubang Buaya),78.3,46.3,20.5,24.0,39.8,19.5,62.6,PM10,SEDANG
2025-09-19,DKI5 (Kebon Jeruk),121.9,84.2,21.9,20.6,55.7,25.7,101.0,PM25,TIDAK SEHAT
2025-09-20,DKI1 (Bunderan HI),103.6,76.0,19.2,29.4,52.5,16.0,91.2,PM25,SEDANG
2025-09-20,DKI2 (Kelapa Gading),91.5,69.3,12.1,22.0,59.4,24.0,83.1,PM25,SEDANG
2025-09-20,DKI3 (Jagakarsa),75.7,61.6,22.2,18.9,58.0,20.1,73.9,PM25,SEDANG
2025-09-20,DKI4 (Lubang Buaya),100.3,72.0,14.0,30.9,60.5,19.7,86.5,PM25,SEDANG
2025-09-20,DKI5 (Kebon Jeruk),87.8,84.3,29.2,19.1,18.7,22.7,101.2,PM25,TIDAK SEHAT
2025-09-21,DKI1 (Bunderan HI),133.7,54.0,20.5,15.2,67.9,22.3,107.0,PM10,TIDAK SEHAT
2025-09-21,DKI2 (Kelapa Gading),120.2,81.7,21.2,28.5,55.5,19.6,98.0,PM25,SEDANG
2025-09-21,DKI3 (Jagakarsa),107.1,25.5,24.1,23.6,71.4,23.7,85.7,PM10,SEDANG
2025-09-21,DKI4 (Lubang Buaya),136.4,65.1,19.3,21.0,54.8,19.8,109.1,PM10,TIDAK SEHAT
2025-09-21,DKI5 (Kebon Jeruk),164.6,74.8,29.4,23.5,52.7,25.8,131.7,PM10,TIDAK SEHAT
2025-09-22,DKI1 (Bunderan HI),121.1,96.0,14.2,35.4,37.8,12.7,115.1,PM25,TIDAK SEHAT
2025-09-22,DKI2 (Kelapa Gading),128.9,62.0,15.7,16.9,63.0,18.4,103.1,PM10,TIDAK SEHAT
2025-09-22,DKI3 (Jagakarsa),108.5,61.4,12.0,26.4,24.4,22.8,86.8,PM10,SEDANG
2025-09-22,DKI4 (Lubang Buaya),157.6,61.1,24.0,11.6,53.8,18.1,126.1,PM10,TIDAK SEHAT
2025-09-22,DKI5 (Kebon Jeruk),64.8,81.1,17.0,22.3,35.8,19.0,97.4,PM25,SEDANG
2025-09-23,DKI1 (Bunderan HI),124.4,43.9,10.9,31.5,32.3,24.7,99.5,PM10,SEDANG
2025-09-23,DKI2 (Kelapa Gading),144.8,61.9,12.9,15.7,67.2,27.3,115.8,PM10,TIDAK SEHAT
2025-09-23,DKI3 (Jagakarsa),97.5,86.9,16.5,19.9,52.7,26.7,104.3,PM25,TIDAK SEHAT
2025-09-23,DKI4 (Lubang Buaya),67.4,99.8,19.1,23.8,50.5,36.3,119.7,PM25,TIDAK SEHAT
2025-09-23,DKI5 (Kebon Jeruk),127.6,77.5,12.9,25.2,38.4,28.8,102.1,PM10,TIDAK SEHAT
2025-09-24,DKI1 (Bunderan HI),109.3,64.9,11.0,18.0,48.3,33.5,87.4,PM10,SEDANG
2025-09-24,DKI2 (Kelapa Gading),122.8,43.3,23.2,21.8,52.5,18.9,98.3,PM10,SEDANG
2025-09-24,DKI3 (Jagakarsa),108.9,61.5,24.1,17.2,53.1,18.7,87.1,PM10,SEDANG
2025-09-24,DKI4 (Lubang Buaya),87.7,41.0,12.5,26.6,47.2,28.7,70.2,PM10,SEDANG
2025-09-24,DKI5 (Kebon Jeruk),146.8,89.0,15.1,10.7,51.4,16.9,117.5,PM10,TIDAK SEHAT
2025-09-25,DKI1 (Bunderan HI),94.3,102.0,8.6,22.2,50.9,27.3,122.4,PM25,TIDAK SEHAT
2025-09-25,DKI2 (Kelapa Gading),59.3,56.1,15.7,27.1,56.5,21.1,67.3,PM25,SEDANG
2025-09-25,DKI3 (Jagakarsa),71.3,107.3,15.8,15.9,49.1,24.1,128.7,PM25,TIDAK SEHAT
2025-09-25,DKI4 (Lubang Buaya),111.4,49.3,11.9,14.5,36.4,22.9,89.1,PM10,SEDANG
2025-09-25,DKI5 (Kebon Jeruk),97.5,59.1,21.4,19.9,22.2,19.8,78.0,PM10,SEDANG
2025-09-26,DKI1 (Bunderan HI),116.9,67.3,17.0,20.2,65.2,24.8,93.5,PM10,SEDANG
2025-09-26,DKI2 (Kelapa Gading),100.1,77.8,10.8,20.1,54.2,24.3,93.3,PM25,SEDANG
2025-09-26,DKI3 (Jagakarsa),104.6,56.2,15.1,8.1,44.4,18.8,83.7,PM10,SEDANG
2025-09-26,DKI4 (Lubang Buaya),138.3,79.7,18.5,13.1,53.4,20.1,110.6,PM10,TIDAK SEHAT
2025-09-26,DKI5 (Kebon Jeruk),88.6,24.3,17.6,16.7,59.9,32.8,70.8,PM10,SEDANG
2025-09-27,DKI1 (Bunderan HI),159.4,57.9,15.7,27.8,40.4,31.3,127.5,PM10,TIDAK SEHAT
2025-09-27,DKI2 (Kelapa Gading),104.2,54.4,18.4,18.6,66.9,32.4,83.4,PM10,SEDANG
2025-09-27,DKI3 (Jagakarsa),92.3,61.3,15.4,21.9,66.2,18.4,73.8,PM10,SEDANG
2025-09-27,DKI4 (Lubang Buaya),91.7,70.2,17.9,23.9,66.2,26.6,84.2,PM25,SEDANG
2025-09-27,DKI5 (Kebon Jeruk),63.4,73.3,15.2,24.6,64.9,26.6,87.9,PM25,SEDANG
2025-09-28,DKI1 (Bunderan HI),35.9,59.8,17.4,15.8,63.8,25.8,71.8,PM25,SEDANG
2025-09-28,DKI2 (Kelapa Gading),117.5,74.6,13.3,21.0,78.8,16.8,94.0,PM10,SEDANG
2025-09-28,DKI3 (Jagakarsa),92.3,59.3,15.2,21.6,32.1,25.6,73.9,PM10,SEDANG
2025-09-28,DKI4 (Lubang Buaya),139.7,70.4,23.6,24.7,44.9,9.3,111.7,PM10,TIDAK SEHAT
2025-09-28,DKI5 (Kebon Jeruk),106.3,70.4,18.5,36.1,63.3,14.1,85.0,PM10,SEDANG
2025-09-29,DKI1 (Bunderan HI),99.6,75.8,24.5,18.1,43.9,12.6,90.9,PM25,SEDANG
2025-09-29,DKI2 (Kelapa Gading),127.0,75.0,15.6,16.8,51.2,14.6,101.6,PM10,TIDAK SEHAT
2025-09-29,DKI3 (Jagakarsa),86.9,32.2,12.9,22.7,74.6,19.7,69.5,PM10,SEDANG
2025-09-29,DKI4 (Lubang Buaya),124.3,51.1,17.2,23.6,64.5,23.2,99.4,PM10,SEDANG
2025-09-29,DKI5 (Kebon Jeruk),116.9,59.1,21.6,30.6,62.6,21.6,93.5,PM10,SEDANG
2025-09-30,DKI1 (Bunderan HI),110.0,70.5,18.0,15.8,42.1,18.9,88.0,PM10,SEDANG
2025-09-30,DKI2 (Kelapa Gading),119.4,73.6,18.0,9.7,89.8,19.1,95.5,PM10,SEDANG
2025-09-30,DKI3 (Jagakarsa),86.7,111.6,23.7,23.7,25.3,10.1,133.9,PM25,TIDAK SEHAT
2025-09-30,DKI4 (Lubang Buaya),102.7,36.6,19.4,22.8,50.2,16.3,82.2,PM10,SEDANG
2025-09-30,DKI5 (Kebon Jeruk),83.1,61.8,22.3,23.9,46.4,28.3,74.2,PM25,SEDANG
2025-10-01,DKI1 (Bunderan HI),64.7,46.0,9.1,17.4,50.6,24.4,55.2,PM25,SEDANG
2025-10-01,DKI2 (Kelapa Gading),88.5,94.2,15.8,15.6,38.2,25.7,113.1,PM25,TIDAK SEHAT
2025-10-01,DKI3 (Jagakarsa),92.4,42.8,11.3,15.5,36.7,20.7,73.9,PM10,SEDANG
2025-10-01,DKI4 (Lubang Buaya),72.9,59.0,20.2,7.9,37.0,9.5,70.8,PM25,SEDANG
2025-10-01,DKI5 (Kebon Jeruk),100.6,68.5,20.5,18.2,45.0,23.2,82.2,PM25,SEDANG
2025-10-02,DKI1 (Bunderan HI),109.9,23.2,17.9,8.8,39.7,20.4,87.9,PM10,SEDANG
2025-10-02,DKI2 (Kelapa Gading),108.5,58.2,16.8,16.9,32.8,9.8,86.8,PM10,SEDANG
2025-10-02,DKI3 (Jagakarsa),96.1,37.4,17.5,17.6,42.6,16.8,76.8,PM10,SEDANG
2025-10-02,DKI4 (Lubang Buaya),81.0,37.1,24.4,25.8,47.3,7.9,64.8,PM10,SEDANG
2025-10-02,DKI5 (Kebon Jeruk),93.3,53.2,16.5,24.8,36.6,15.2,74.6,PM10,SEDANG
2025-10-03,DKI1 (Bunderan HI),109.0,71.8,14.8,25.0,18.4,21.6,87.2,PM10,SEDANG
2025-10-03,DKI2 (Kelapa Gading),90.4,74.5,8.6,23.4,34.3,17.4,89.4,PM25,SEDANG
2025-10-03,DKI3 (Jagakarsa),63.6,26.6,17.5,14.0,31.3,12.3,50.9,PM10,SEDANG
2025-10-03,DKI4 (Lubang Buaya),79.4,57.6,21.6,4.9,39.6,20.7,69.1,PM25,SEDANG
2025-10-03,DKI5 (Kebon Jeruk),72.6,74.1,12.5,16.1,28.7,21.8,88.9,PM25,SEDANG
2025-10-04,DKI1 (Bunderan HI),79.4,70.6,9.8,17.9,46.2,22.8,84.8,PM25,SEDANG
2025-10-04,DKI2 (Kelapa Gading),93.8,83.7,1.0,16.2,32.6,9.5,100.5,PM25,TIDAK SEHAT
2025-10-04,DKI3 (Jagakarsa),96.3,65.0,24.4,23.0,29.4,6.4,78.0,PM25,SEDANG
2025-10-04,DKI5 (Kebon Jeruk),89.4,54.5,13.8,15.8,40.3,13.2,71.5,PM10,SEDANG
2025-10-05,DKI1 (Bunderan HI),96.2,39.0,18.5,18.6,28.9,12.7,77.0,PM10,SEDANG
2025-10-05,DKI2 (Kelapa Gading),39.1,79.5,7.5,12.0,44.1,32.9,95.4,PM25,SEDANG
2025-10-05,DKI3 (Jagakarsa),85.8,42.7,16.2,11.4,18.5,38.6,68.7,PM10,SEDANG
2025-10-05,DKI4 (Lubang Buaya),78.8,45.5,17.9,7.4,46.2,10.4,63.0,PM10,SEDANG
2025-10-05,DKI5 (Kebon Jeruk),87.5,39.0,14.5,8.0,30.2,18.5,70.0,PM10,SEDANG
2025-10-06,DKI1 (Bunderan HI),92.5,52.9,5.6,22.5,50.0,10.2,74.0,PM10,SEDANG
2025-10-06,DKI2 (Kelapa Gading),85.3,35.7,1.7,17.6,60.9,14.8,68.2,PM10,SEDANG
2025-10-06,DKI3 (Jagakarsa),102.8,62.5,17.7,13.2,49.0,18.6,82.3,PM10,SEDANG
2025-10-06,DKI4 (Lubang Buaya),89.7,17.4,10.6,17.5,44.0,7.1,71.8,PM10,SEDANG
2025-10-06,DKI5 (Kebon Jeruk),147.6,53.1,13.6,16.3,35.8,15.0,118.1,PM10,TIDAK SEHAT
2025-10-07,DKI1 (Bunderan HI),49.2,65.5,12.4,23.7,28.9,29.4,78.7,PM25,SEDANG
2025-10-07,DKI2 (Kelapa Gading),73.1,68.9,11.7,8.9,39.1,15.0,82.7,PM25,SEDANG
2025-10-07,DKI3 (Jagakarsa),103.2,58.9,15.0,27.7,38.4,13.6,82.6,PM10,SEDANG
2025-10-07,DKI4 (Lubang Buaya),47.7,29.9,12.0,17.9,46.9,16.6,42.2,O3,BAIK
2025-10-07,DKI5 (Kebon Jeruk),114.7,38.7,17.4,1.0,37.3,21.0,91.8,PM10,SEDANG
2025-10-08,DKI1 (Bunderan HI),141.9,66.1,3.6,21.9,50.1,24.7,113.5,PM10,TIDAK SEHAT
2025-10-08,DKI2 (Kelapa Gading),112.1,49.3,13.8,6.1,48.0,14.7,89.7,PM10,SEDANG
2025-10-08,DKI3 (Jagakarsa),64.2,33.3,6.0,15.4,60.7,17.6,54.6,O3,SEDANG
2025-10-08,DKI4 (Lubang Buaya),66.7,51.3,14.3,21.0,38.1,10.6,61.6,PM25,SEDANG
2025-10-08,DKI5 (Kebon Jeruk),74.1,58.4,8.1,11.3,61.5,19.2,70.1,PM25,SEDANG
2025-10-09,DKI2 (Kelapa Gading),104.4,16.9,15.7,12.0,37.6,11.7,83.5,PM10,SEDANG
2025-10-09,DKI3 (Jagakarsa),69.0,57.0,20.5,19.1,48.2,15.0,68.4,PM25,SEDANG
2025-10-09,DKI4 (Lubang Buaya),65.6,79.3,15.9,20.7,52.2,23.0,95.2,PM25,SEDANG
2025-10-09,DKI5 (Kebon Jeruk),80.6,47.7,9.4,11.2,44.7,7.9,64.5,PM10,SEDANG
2025-10-10,DKI1 (Bunderan HI),105.0,68.8,15.0,19.2,28.1,27.8,84.0,PM10,SEDANG
2025-10-10,DKI2 (Kelapa Gading),76.3,68.4,18.1,7.4,43.8,23.0,82.0,PM25,SEDANG
2025-10-10,DKI3 (Jagakarsa),83.8,44.3,8.7,9.1,46.1,18.0,67.0,PM10,SEDANG
2025-10-10,DKI4 (Lubang Buaya),135.9,37.7,17.6,12.5,41.5,9.4,108.7,PM10,TIDAK SEHAT
2025-10-10,DKI5 (Kebon Jeruk),127.1,17.2,16.3,21.7,50.9,30.0,101.7,PM10,TIDAK SEHAT
2025-10-11,DKI1 (Bunderan HI),85.7,62.4,15.4,21.1,50.7,9.2,74.8,PM25,SEDANG
2025-10-11,DKI2 (Kelapa Gading),92.9,67.5,15.7,16.1,64.2,26.1,81.0,PM25,SEDANG
2025-10-11,DKI3 (Jagakarsa),78.7,32.1,10.2,15.9,43.4,11.1,62.9,PM10,SEDANG
2025-10-11,DKI4 (Lubang Buaya),57.3,83.3,11.5,24.6,49.2,20.0,100.0,PM25,TIDAK SEHAT
2025-10-11,DKI5 (Kebon Jeruk),116.8,51.3,12.0,27.6,37.7,22.6,93.4,PM10,SEDANG
2025-10-12,DKI1 (Bunderan HI),87.6,43.3,13.6,26.2,13.5,24.9,70.1,PM10,SEDANG
2025-10-12,DKI2 (Kelapa Gading),70.6,66.3,26.9,12.6,51.4,18.6,79.6,PM25,SEDANG
2025-10-12,DKI3 (Jagakarsa),95.2,58.9,14.2,4.1,46.9,17.5,76.2,PM10,SEDANG
2025-10-12,DKI4 (Lubang Buaya),96.9,71.0,15.8,15.1,20.3,12.4,85.3,PM25,SEDANG
2025-10-12,DKI5 (Kebon Jeruk),100.6,56.0,18.5,19.5,44.9,16.1,80.5,PM10,SEDANG
2025-10-13,DKI1 (Bunderan HI),88.4,47.4,14.4,9.7,58.7,16.5,70.7,PM10,SEDANG
2025-10-13,DKI2 (Kelapa Gading),26.5,32.7,12.3,22.4,48.5,22.6,43.7,O3,BAIK
2025-10-13,DKI3 (Jagakarsa),20.4,57.8,17.0,5.7,32.1,29.0,69.3,PM25,SEDANG
2025-10-13,DKI4 (Lubang Buaya),86.4,58.7,8.5,26.5,44.1,26.2,70.4,PM25,SEDANG
2025-10-13,DKI5 (Kebon Jeruk),65.0,38.9,15.9,24.5,47.5,13.9,52.0,PM10,SEDANG
2025-10-14,DKI2 (Kelapa Gading),60.7,49.2,14.6,16.7,32.3,11.4,59.0,PM25,SEDANG
2025-10-14,DKI3 (Jagakarsa),81.3,28.0,16.6,19.1,53.9,31.4,65.0,PM10,SEDANG
2025-10-14,DKI4 (Lubang Buaya),71.6,24.9,11.0,14.8,53.6,15.1,57.3,PM10,SEDANG
2025-10-14,DKI5 (Kebon Jeruk),106.4,41.3,15.3,13.6,15.7,9.0,85.1,PM10,SEDANG
2025-10-15,DKI1 (Bunderan HI),50.0,41.7,21.2,17.7,35.0,21.1,50.1,PM25,SEDANG
2025-10-15,DKI2 (Kelapa Gading),124.0,6.0,14.3,8.9,57.7,21.0,99.2,PM10,SEDANG
2025-10-15,DKI3 (Jagakarsa),46.3,50.7,14.0,23.9,48.7,20.0,60.8,PM25,SEDANG
2025-10-15,DKI4 (Lubang Buaya),84.8,69.2,19.0,12.7,48.6,12.3,83.0,PM25,SEDANG
2025-10-15,DKI5 (Kebon Jeruk),108.6,62.6,11.4,18.5,36.3,4.6,86.9,PM10,SEDANG
2025-10-16,DKI2 (Kelapa Gading),117.3,25.2,6.7,18.9,40.4,16.4,93.9,PM10,SEDANG
2025-10-16,DKI3 (Jagakarsa),89.6,48.1,8.3,21.0,50.0,19.4,71.7,PM10,SEDANG
2025-10-16,DKI4 (Lubang Buaya),76.1,57.6,14.6,20.3,28.0,7.0,69.1,PM25,SEDANG
2025-10-16,DKI5 (Kebon Jeruk),102.8,61.8,13.8,19.1,29.2,13.6,82.2,PM10,SEDANG
2025-10-17,DKI1 (Bunderan HI),93.2,36.5,9.9,1.0,36.2,14.8,74.6,PM10,SEDANG
2025-10-17,DKI2 (Kelapa Gading),90.2,50.3,12.0,15.1,32.7,22.9,72.2,PM10,SEDANG
2025-10-17,DKI3 (Jagakarsa),89.0,30.4,15.0,23.1,38.9,24.0,71.2,PM10,SEDANG
2025-10-17,DKI4 (Lubang Buaya),110.1,25.1,16.6,13.5,42.6,13.6,88.1,PM10,SEDANG
2025-10-17,DKI5 (Kebon Jeruk),81.4,35.0,10.4,9.8,46.4,26.2,65.1,PM10,SEDANG
2025-10-18,DKI1 (Bunderan HI),55.6,82.3,10.6,15.8,32.4,24.7,98.7,PM25,SEDANG
2025-10-18,DKI2 (Kelapa Gading),88.2,54.3,10.0,18.0,49.1,16.9,70.6,PM10,SEDANG
2025-10-18,DKI3 (Jagakarsa),89.9,49.1,18.0,7.4,34.3,13.0,71.9,PM10,SEDANG
2025-10-18,DKI4 (Lubang Buaya),86.3,17.4,6.4,27.8,36.2,7.6,69.1,PM10,SEDANG
2025-10-18,DKI5 (Kebon Jeruk),89.4,82.1,15.2,14.9,45.1,22.9,98.5,PM25,SEDANG
2025-10-19,DKI2 (Kelapa Gading),74.6,46.5,15.6,17.5,10.0,23.6,59.7,PM10,SEDANG
2025-10-19,DKI3 (Jagakarsa),107.4,50.7,18.2,13.8,39.9,15.9,85.9,PM10,SEDANG
2025-10-19,DKI4 (Lubang Buaya),84.2,31.3,18.1,22.1,60.6,21.6,67.4,PM10,SEDANG
2025-10-19,DKI5 (Kebon Jeruk),80.0,52.9,16.8,16.5,55.6,25.8,64.0,PM10,SEDANG
2025-10-20,DKI1 (Bunderan HI),29.1,48.6,12.4,7.8,51.0,19.1,58.3,PM25,SEDANG
2025-10-20,DKI2 (Kelapa Gading),74.6,45.0,15.9,17.5,59.8,30.7,59.7,PM10,SEDANG
2025-10-20,DKI3 (Jagakarsa),47.8,50.7,11.6,18.2,33.6,29.9,60.9,PM25,SEDANG
2025-10-20,DKI4 (Lubang Buaya),118.3,61.0,11.2,11.6,56.3,10.4,94.6,PM10,SEDANG
2025-10-20,DKI5 (Kebon Jeruk),90.0,48.8,9.4,16.5,36.3,17.7,72.0,PM10,SEDANG
2025-10-21,DKI1 (Bunderan HI),52.0,21.1,19.4,17.2,36.7,23.9,41.6,PM10,BAIK
2025-10-21,DKI2 (Kelapa Gading),83.0,27.7,5.5,14.9,44.8,17.1,66.4,PM10,SEDANG
2025-10-21,DKI3 (Jagakarsa),42.1,36.1,11.9,26.9,55.0,21.0,49.5,O3,BAIK
2025-10-21,DKI4 (Lubang Buaya),90.6,55.4,20.3,6.8,49.8,16.9,72.5,PM10,SEDANG
2025-10-21,DKI5 (Kebon Jeruk),98.2,54.0,13.0,16.7,41.5,13.7,78.6,PM10,SEDANG
2025-10-22,DKI1 (Bunderan HI),79.8,24.7,10.9,15.0,38.6,20.4,63.9,PM10,SEDANG
2025-10-22,DKI2 (Kelapa Gading),61.8,41.0,16.5,24.4,53.6,17.4,49.4,PM10,BAIK
2025-10-22,DKI3 (Jagakarsa),72.5,43.3,11.4,20.3,34.1,22.8,58.0,PM10,SEDANG
2025-10-22,DKI4 (Lubang Buaya),84.3,60.4,8.8,14.7,31.1,33.3,72.5,PM25,SEDANG
2025-10-22,DKI5 (Kebon Jeruk),76.1,29.9,9.4,12.9,47.1,18.6,60.9,PM10,SEDANG
2025-10-23,DKI2 (Kelapa Gading),107.2,61.5,20.1,11.5,28.7,21.9,85.8,PM10,SEDANG
2025-10-23,DKI3 (Jagakarsa),121.9,63.5,13.9,16.4,19.6,21.3,97.6,PM10,SEDANG
2025-10-23,DKI4 (Lubang Buaya),47.3,92.4,19.6,27.7,34.7,11.5,110.8,PM25,TIDAK SEHAT
2025-10-23,DKI5 (Kebon Jeruk),110.1,63.3,17.6,23.4,53.9,21.0,88.1,PM10,SEDANG
2025-10-24,DKI1 (Bunderan HI),87.9,37.8,10.6,20.4,41.5,22.5,70.3,PM10,SEDANG
2025-10-24,DKI2 (Kelapa Gading),127.7,64.7,12.9,11.1,37.5,11.7,102.2,PM10,TIDAK SEHAT
2025-10-24,DKI3 (Jagakarsa),70.4,19.5,8.6,18.1,26.7,12.6,56.3,PM10,SEDANG
2025-10-24,DKI4 (Lubang Buaya),108.4,61.3,11.4,31.0,46.0,13.1,86.7,PM10,SEDANG
2025-10-24,DKI5 (Kebon Jeruk),132.7,66.2,28.2,25.5,51.3,13.7,106.2,PM10,TIDAK SEHAT
2025-10-25,DKI1 (Bunderan HI),129.0,15.3,3.5,31.3,28.3,10.5,103.2,PM10,TIDAK SEHAT
2025-10-25,DKI2 (Kelapa Gading),52.7,38.6,18.3,17.5,43.2,15.9,46.3,PM25,BAIK
2025-10-25,DKI3 (Jagakarsa),105.6,43.7,24.5,12.4,67.7,21.1,84.5,PM10,SEDANG
2025-10-25,DKI4 (Lubang Buaya),131.3,80.8,12.2,17.5,36.0,16.9,105.0,PM10,TIDAK SEHAT
2025-10-26,DKI1 (Bunderan HI),115.7,27.2,14.5,9.7,44.9,19.5,92.6,PM10,SEDANG
2025-10-26,DKI2 (Kelapa Gading),88.1,37.9,17.5,21.0,55.3,17.4,70.5,PM10,SEDANG
2025-10-26,DKI3 (Jagakarsa),114.8,42.8,7.7,19.0,42.1,13.6,91.9,PM10,SEDANG
2025-10-26,DKI4 (Lubang Buaya),88.8,28.4,14.7,21.2,39.5,12.2,71.0,PM10,SEDANG
2025-10-26,DKI5 (Kebon Jeruk),80.8,68.7,13.3,20.7,51.5,12.2,82.5,PM25,SEDANG
2025-10-27,DKI2 (Kelapa Gading),67.7,75.3,17.4,15.0,52.3,28.4,90.3,PM25,SEDANG
2025-10-27,DKI3 (Jagakarsa),56.7,43.1,11.1,15.8,56.6,28.0,51.7,PM25,SEDANG
2025-10-27,DKI4 (Lubang Buaya),104.5,78.7,4.6,11.5,40.9,24.9,94.5,PM25,SEDANG
2025-10-27,DKI5 (Kebon Jeruk),79.9,56.2,9.5,19.3,43.7,4.8,67.5,PM25,SEDANG
2025-10-28,DKI1 (Bunderan HI),41.2,57.9,9.3,20.4,65.4,27.2,69.4,PM25,SEDANG
2025-10-28,DKI2 (Kelapa Gading),103.4,94.0,17.0,15.6,36.2,21.5,112.8,PM25,TIDAK SEHAT
2025-10-28,DKI3 (Jagakarsa),66.6,76.8,16.8,25.5,53.2,17.9,92.1,PM25,SEDANG
2025-10-28,DKI4 (Lubang Buaya),101.3,50.8,8.1,18.2,53.3,24.9,81.0,PM10,SEDANG
2025-10-28,DKI5 (Kebon Jeruk),121.5,34.8,15.9,5.6,45.8,21.8,97.2,PM10,SEDANG
2025-10-29,DKI1 (Bunderan HI),50.7,21.2,16.1,11.8,35.6,16.5,40.5,PM10,BAIK
2025-10-29,DKI2 (Kelapa Gading),68.3,56.3,17.9,8.7,40.4,37.3,67.6,PM25,SEDANG
2025-10-29,DKI3 (Jagakarsa),101.6,65.4,11.7,19.5,56.6,23.1,81.2,PM10,SEDANG
2025-10-29,DKI4 (Lubang Buaya),92.4,44.8,11.8,13.7,20.9,24.6,74.0,PM10,SEDANG
2025-10-29,DKI5 (Kebon Jeruk),122.8,38.6,11.3,13.4,48.6,6.9,98.2,PM10,SEDANG
2025-10-30,DKI1 (Bunderan HI),100.5,22.0,15.2,30.1,46.9,27.2,80.4,PM10,SEDANG
2025-10-30,DKI2 (Kelapa Gading),70.1,50.8,16.7,10.8,38.7,11.9,60.9,PM25,SEDANG
2025-10-30,DKI3 (Jagakarsa),83.3,23.9,7.9,13.5,49.8,24.8,66.6,PM10,SEDANG
2025-10-30,DKI4 (Lubang Buaya),106.7,48.5,12.0,11.0,47.9,10.7,85.4,PM10,SEDANG
2025-10-30,DKI5 (Kebon Jeruk),121.6,48.1,7.1,16.1,36.8,9.4,97.3,PM10,SEDANG
2025-10-31,DKI1 (Bunderan HI),126.8,57.7,9.2,10.2,48.0,25.6,101.5,PM10,TIDAK SEHAT
2025-10-31,DKI2 (Kelapa Gading),104.4,63.1,15.1,25.7,52.8,19.7,83.5,PM10,SEDANG
2025-10-31,DKI3 (Jagakarsa),90.8,22.9,11.0,8.6,43.7,5.6,72.6,PM10,SEDANG
2025-10-31,DKI4 (Lubang Buaya),112.9,95.5,13.1,13.0,33.1,5.4,114.6,PM25,TIDAK SEHAT
2025-10-31,DKI5 (Kebon Jeruk),99.7,50.1,15.6,17.1,42.0,8.2,79.8,PM10,SEDANG
2025-11-01,DKI1 (Bunderan HI),95.8,81.5,11.6,11.9,57.1,10.0,97.8,PM25,SEDANG
2025-11-01,DKI2 (Kelapa Gading),99.1,71.9,19.3,7.5,42.2,15.1,86.3,PM25,SEDANG
2025-11-01,DKI3 (Jagakarsa),50.0,52.5,17.2,18.5,72.0,33.1,64.8,O3,SEDANG
2025-11-01,DKI4 (Lubang Buaya),85.5,49.8,13.3,23.8,21.9,19.8,68.4,PM10,SEDANG
2025-11-01,DKI5 (Kebon Jeruk),32.5,56.0,14.7,26.1,45.5,23.2,67.2,PM25,SEDANG
2025-11-02,DKI1 (Bunderan HI),116.6,60.5,12.7,8.7,33.6,31.0,93.3,PM10,SEDANG
2025-11-02,DKI2 (Kelapa Gading),72.1,41.3,19.5,14.8,14.2,6.3,57.6,PM10,SEDANG
2025-11-02,DKI3 (Jagakarsa),65.3,66.8,16.8,13.5,42.2,21.1,80.2,PM25,SEDANG
2025-11-02,DKI4 (Lubang Buaya),31.2,16.9,14.1,16.0,50.8,2.6,45.7,O3,BAIK
2025-11-02,DKI5 (Kebon Jeruk),92.2,32.5,15.2,9.6,54.3,25.0,73.7,PM10,SEDANG
2025-11-03,DKI1 (Bunderan HI),71.1,16.8,19.4,17.9,67.3,20.9,60.5,O3,SEDANG
2025-11-03,DKI2 (Kelapa Gading),118.0,58.6,2.7,11.6,26.5,5.5,94.4,PM10,SEDANG
2025-11-03,DKI3 (Jagakarsa),89.0,53.8,8.5,18.8,25.9,25.4,71.2,PM10,SEDANG
2025-11-03,DKI4 (Lubang Buaya),126.3,83.0,15.1,13.1,36.8,16.0,101.0,PM10,TIDAK SEHAT
2025-11-03,DKI5 (Kebon Jeruk),126.6,64.7,7.9,25.4,35.5,20.1,101.3,PM10,TIDAK SEHAT
2025-11-04,DKI2 (Kelapa Gading),112.3,51.4,11.1,13.5,30.9,13.4,89.8,PM10,SEDANG
2025-11-04,DKI3 (Jagakarsa),77.5,49.5,17.4,16.6,36.8,22.4,62.0,PM10,SEDANG
2025-11-04,DKI4 (Lubang Buaya),86.0,71.3,17.6,2.9,42.6,24.6,85.6,PM25,SEDANG
2025-11-04,DKI5 (Kebon Jeruk),79.8,59.1,8.1,19.6,58.1,11.9,70.9,PM25,SEDANG
2025-11-05,DKI1 (Bunderan HI),90.6,35.8,14.9,6.8,35.0,24.0,72.5,PM10,SEDANG
2025-11-05,DKI2 (Kelapa Gading),71.6,50.3,19.6,18.5,49.3,10.1,60.3,PM25,SEDANG
2025-11-05,DKI3 (Jagakarsa),77.8,44.2,15.1,17.1,40.6,21.0,62.2,PM10,SEDANG
2025-11-05,DKI4 (Lubang Buaya),119.6,34.3,13.8,12.3,71.4,3.6,95.6,PM10,SEDANG
2025-11-05,DKI5 (Kebon Jeruk),54.6,30.8,18.9,26.6,45.9,19.8,43.7,PM10,BAIK
2025-11-06,DKI1 (Bunderan HI),82.4,49.6,19.6,10.8,50.5,6.0,65.9,PM10,SEDANG
2025-11-06,DKI2 (Kelapa Gading),107.3,32.5,9.7,25.3,21.8,25.5,85.8,PM10,SEDANG
2025-11-06,DKI3 (Jagakarsa),76.7,68.9,15.4,14.3,31.3,7.0,82.7,PM25,SEDANG
2025-11-06,DKI5 (Kebon Jeruk),57.5,35.4,8.4,21.1,53.8,20.2,48.5,O3,BAIK
2025-11-07,DKI1 (Bunderan HI),94.6,55.4,17.7,15.7,50.1,21.0,75.6,PM10,SEDANG
2025-11-07,DKI2 (Kelapa Gading),93.2,56.9,14.6,12.3,40.3,21.4,74.5,PM10,SEDANG
2025-11-07,DKI5 (Kebon Jeruk),64.9,51.6,12.6,23.3,34.9,15.1,61.9,PM25,SEDANG
2025-11-08,DKI1 (Bunderan HI),112.5,66.8,10.1,14.1,45.2,23.0,90.0,PM10,SEDANG
2025-11-08,DKI2 (Kelapa Gading),83.7,41.3,9.4,16.5,36.3,27.8,67.0,PM10,SEDANG
2025-11-08,DKI3 (Jagakarsa),50.2,81.2,14.2,9.7,36.4,10.9,97.4,PM25,SEDANG
2025-11-08,DKI4 (Lubang Buaya),89.5,96.9,13.4,22.0,67.3,28.4,116.3,PM25,TIDAK SEHAT
2025-11-08,DKI5 (Kebon Jeruk),90.0,54.8,16.7,10.1,29.5,12.8,72.0,PM10,SEDANG
2025-11-09,DKI1 (Bunderan HI),89.6,46.8,19.4,29.3,37.9,33.0,71.7,PM10,SEDANG
2025-11-09,DKI2 (Kelapa Gading),100.8,26.2,21.4,19.3,25.7,17.1,80.7,PM10,SEDANG
2025-11-09,DKI4 (Lubang Buaya),78.4,34.7,16.8,29.7,38.9,24.4,62.8,PM10,SEDANG
2025-11-09,DKI5 (Kebon Jeruk),59.3,63.5,20.3,14.3,21.6,27.8,76.2,PM25,SEDANG
2025-11-10,DKI1 (Bunderan HI),24.5,62.0,22.0,11.0,32.7,22.4,74.5,PM25,SEDANG
2025-11-10,DKI2 (Kelapa Gading),89.5,46.4,18.4,7.6,50.5,23.4,71.6,PM10,SEDANG
2025-11-10,DKI3 (Jagakarsa),66.1,74.3,14.5,20.0,15.5,1.9,89.2,PM25,SEDANG
2025-11-10,DKI4 (Lubang Buaya),78.9,44.7,10.4,20.7,45.6,7.1,63.2,PM10,SEDANG
2025-11-10,DKI5 (Kebon Jeruk),115.4,47.2,9.7,19.7,62.7,4.4,92.3,PM10,SEDANG
2025-11-11,DKI1 (Bunderan HI),57.9,56.2,14.6,23.5,46.4,8.9,67.4,PM25,SEDANG
2025-11-11,DKI2 (Kelapa Gading),53.4,36.2,18.8,14.8,41.1,21.2,43.4,PM25,BAIK
2025-11-11,DKI3 (Jagakarsa),127.8,36.7,8.5,15.9,32.5,13.0,102.2,PM10,TIDAK SEHAT
2025-11-11,DKI4 (Lubang Buaya),76.0,66.1,13.0,20.0,28.1,31.9,79.4,PM25,SEDANG
2025-11-11,DKI5 (Kebon Jeruk),88.2,47.0,4.4,17.0,44.7,17.1,70.5,PM10,SEDANG
2025-11-12,DKI1 (Bunderan HI),95.7,55.6,9.3,23.2,40.0,20.1,76.5,PM10,SEDANG
2025-11-12,DKI2 (Kelapa Gading),118.1,32.4,13.8,15.5,20.2,20.4,94.5,PM10,SEDANG
2025-11-12,DKI3 (Jagakarsa),138.6,63.6,13.6,7.8,44.5,6.7,110.8,PM10,TIDAK SEHAT
2025-11-12,DKI4 (Lubang Buaya),104.5,39.2,13.5,17.9,36.0,23.4,83.6,PM10,SEDANG
2025-11-12,DKI5 (Kebon Jeruk),111.1,34.9,20.9,25.5,60.4,11.1,88.9,PM10,SEDANG
2025-11-13,DKI1 (Bunderan HI),67.7,53.0,10.8,25.4,25.1,21.5,63.6,PM25,SEDANG
2025-11-13,DKI2 (Kelapa Gading),103.8,62.4,14.2,23.8,57.0,16.5,83.1,PM10,SEDANG
2025-11-13,DKI3 (Jagakarsa),62.0,35.6,8.4,12.0,56.3,7.0,50.6,O3,SEDANG
2025-11-13,DKI4 (Lubang Buaya),107.0,32.9,21.8,21.7,51.1,18.1,85.6,PM10,SEDANG
2025-11-13,DKI5 (Kebon Jeruk),117.5,28.5,17.8,17.0,45.3,18.4,94.0,PM10,SEDANG
2025-11-14,DKI1 (Bunderan HI),102.3,42.5,20.8,11.0,45.0,21.7,81.9,PM10,SEDANG
2025-11-14,DKI2 (Kelapa Gading),86.4,33.5,10.0,15.0,28.9,29.6,69.1,PM10,SEDANG
2025-11-14,DKI3 (Jagakarsa),82.0,63.9,16.5,27.9,20.6,20.7,76.7,PM25,SEDANG
2025-11-14,DKI4 (Lubang Buaya),75.5,57.4,16.6,17.7,53.0,28.9,68.9,PM25,SEDANG
2025-11-14,DKI5 (Kebon Jeruk),72.6,15.1,15.0,26.4,47.0,23.0,58.1,PM10,SEDANG
2025-11-15,DKI1 (Bunderan HI),77.3,23.5,8.9,9.6,40.8,23.8,61.8,PM10,SEDANG
2025-11-15,DKI2 (Kelapa Gading),89.9,23.4,13.7,27.3,52.3,8.8,71.9,PM10,SEDANG
2025-11-15,DKI3 (Jagakarsa),99.0,81.7,11.3,8.8,45.4,19.7,98.0,PM25,SEDANG
2025-11-15,DKI4 (Lubang Buaya),63.8,55.2,10.9,22.7,41.7,6.4,66.2,PM25,SEDANG
2025-11-15,DKI5 (Kebon Jeruk),50.3,50.1,10.6,11.6,40.4,14.2,60.2,PM25,SEDANG
2025-11-16,DKI1 (Bunderan HI),50.4,33.2,12.6,20.0,27.4,6.2,40.3,PM10,BAIK
2025-11-16,DKI2 (Kelapa Gading),114.2,28.1,10.8,24.4,60.0,19.2,91.3,PM10,SEDANG
2025-11-16,DKI3 (Jagakarsa),76.1,38.3,17.8,24.3,22.2,7.5,60.9,PM10,SEDANG
2025-11-16,DKI4 (Lubang Buaya),83.4,58.9,21.9,21.8,21.5,9.6,70.7,PM25,SEDANG
2025-11-16,DKI5 (Kebon Jeruk),69.2,26.9,6.9,12.1,53.5,19.2,55.3,PM10,SEDANG
2025-11-17,DKI1 (Bunderan HI),92.4,24.1,17.7,19.2,45.9,16.2,73.9,PM10,SEDANG
2025-11-17,DKI2 (Kelapa Gading),70.6,46.7,11.1,19.9,37.4,12.5,56.4,PM10,SEDANG
2025-11-17,DKI3 (Jagakarsa),63.5,60.5,2.8,16.1,24.3,18.0,72.6,PM25,SEDANG
2025-11-17,DKI4 (Lubang Buaya),75.1,46.8,18.2,8.0,44.2,19.3,60.1,PM10,SEDANG
2025-11-17,DKI5 (Kebon Jeruk),89.7,80.5,4.4,19.1,63.2,16.7,96.5,PM25,SEDANG
2025-11-18,DKI1 (Bunderan HI),75.9,78.9,19.1,22.8,39.8,24.3,94.6,PM25,SEDANG
2025-11-18,DKI2 (Kelapa Gading),65.6,28.9,7.3,14.6,45.5,17.4,52.5,PM10,SEDANG
2025-11-18,DKI3 (Jagakarsa),57.3,70.4,8.3,10.6,33.8,17.9,84.5,PM25,SEDANG
2025-11-18,DKI4 (Lubang Buaya),80.0,37.3,13.3,13.2,38.0,26.0,64.0,PM10,SEDANG
2025-11-19,DKI1 (Bunderan HI),65.6,29.3,10.7,17.1,68.6,8.6,61.8,O3,SEDANG
2025-11-19,DKI2 (Kelapa Gading),96.2,69.8,19.6,14.1,38.3,15.4,83.8,PM25,SEDANG
2025-11-19,DKI3 (Jagakarsa),105.0,53.1,19.3,15.3,34.9,7.7,84.0,PM10,SEDANG
2025-11-19,DKI4 (Lubang Buaya),136.7,25.9,6.6,3.6,45.4,14.3,109.3,PM10,TIDAK SEHAT
2025-11-19,DKI5 (Kebon Jeruk),128.4,34.0,13.4,9.1,51.1,4.5,102.7,PM10,TIDAK SEHAT
2025-11-20,DKI1 (Bunderan HI),64.3,20.0,13.8,8.9,36.2,15.8,51.5,PM10,SEDANG
2025-11-20,DKI2 (Kelapa Gading),75.3,28.4,11.5,7.0,33.7,14.5,60.2,PM10,SEDANG
2025-11-20,DKI3 (Jagakarsa),81.9,43.4,12.1,19.6,38.4,9.9,65.5,PM10,SEDANG
2025-11-20,DKI4 (Lubang Buaya),76.7,64.0,18.4,15.2,67.9,12.6,76.9,PM25,SEDANG
2025-11-20,DKI5 (Kebon Jeruk),83.0,21.1,7.8,27.0,44.3,24.4,66.4,PM10,SEDANG
2025-11-21,DKI1 (Bunderan HI),80.9,53.3,22.3,22.9,11.6,31.3,64.7,PM10,SEDANG
2025-11-21,DKI2 (Kelapa Gading),83.3,57.4,19.6,4.4,43.3,25.1,68.9,PM25,SEDANG
2025-11-21,DKI3 (Jagakarsa),72.0,40.6,15.4,20.6,41.0,11.0,57.6,PM10,SEDANG
2025-11-21,DKI4 (Lubang Buaya),116.7,73.8,15.6,12.0,68.0,28.7,93.4,PM10,SEDANG
2025-11-22,DKI1 (Bunderan HI),68.4,15.7,13.8,13.5,26.3,21.4,54.7,PM10,SEDANG
2025-11-22,DKI2 (Kelapa Gading),96.2,58.4,14.3,5.8,55.8,15.5,76.9,PM10,SEDANG
2025-11-22,DKI3 (Jagakarsa),103.4,27.7,19.6,16.9,28.4,12.0,82.7,PM10,SEDANG
2025-11-22,DKI4 (Lubang Buaya),62.4,22.1,5.7,12.8,48.3,18.9,49.9,PM10,BAIK
2025-11-22,DKI5 (Kebon Jeruk),90.2,67.2,12.9,22.5,54.3,26.9,80.7,PM25,SEDANG
2025-11-23,DKI1 (Bunderan HI),81.2,25.5,8.6,15.6,40.1,13.2,64.9,PM10,SEDANG
2025-11-23,DKI2 (Kelapa Gading),93.4,40.2,17.8,9.8,38.0,23.7,74.7,PM10,SEDANG
2025-11-23,DKI3 (Jagakarsa),104.5,45.9,16.2,18.9,13.9,19.5,83.6,PM10,SEDANG
2025-11-23,DKI4 (Lubang Buaya),54.9,65.3,23.1,21.6,69.8,16.3,78.4,PM25,SEDANG
2025-11-23,DKI5 (Kebon Jeruk),74.1,60.4,20.8,27.2,61.7,23.9,72.5,PM25,SEDANG
2025-11-24,DKI1 (Bunderan HI),118.8,55.3,23.0,7.2,55.0,23.9,95.0,PM10,SEDANG
2025-11-24,DKI2 (Kelapa Gading),53.5,47.7,16.6,3.4,22.1,8.7,57.2,PM25,SEDANG
2025-11-24,DKI3 (Jagakarsa),52.2,75.4,10.1,27.5,48.6,13.4,90.5,PM25,SEDANG
2025-11-24,DKI4 (Lubang Buaya),86.4,22.2,9.4,18.7,55.9,8.4,69.1,PM10,SEDANG
2025-11-24,DKI5 (Kebon Jeruk),57.7,45.6,24.2,20.2,41.6,14.2,54.7,PM25,SEDANG
2025-11-25,DKI1 (Bunderan HI),78.2,50.5,24.6,6.8,24.4,14.8,62.6,PM10,SEDANG
2025-11-25,DKI2 (Kelapa Gading),118.1,54.4,19.3,15.5,44.6,23.8,94.5,PM10,SEDANG
2025-11-25,DKI3 (Jagakarsa),74.5,51.6,16.9,31.6,35.2,15.0,61.9,PM25,SEDANG
2025-11-25,DKI4 (Lubang Buaya),100.6,31.7,19.9,16.6,37.1,19.2,80.4,PM10,SEDANG
2025-11-25,DKI5 (Kebon Jeruk),145.3,36.5,5.6,23.7,38.5,12.9,116.2,PM10,TIDAK SEHAT
2025-11-26,DKI1 (Bunderan HI),49.1,80.2,22.8,11.9,43.2,28.7,96.2,PM25,SEDANG
2025-11-26,DKI2 (Kelapa Gading),71.4,55.6,18.8,13.8,54.3,8.8,66.7,PM25,SEDANG
2025-11-26,DKI3 (Jagakarsa),70.7,55.5,13.6,16.0,36.7,18.0,66.6,PM25,SEDANG
2025-11-26,DKI4 (Lubang Buaya),38.9,58.7,18.0,26.0,58.8,24.4,70.4,PM25,SEDANG
2025-11-26,DKI5 (Kebon Jeruk),59.4,63.3,13.3,15.6,38.4,21.2,76.0,PM25,SEDANG
2025-11-27,DKI1 (Bunderan HI),62.0,59.4,11.0,9.9,55.3,19.1,71.3,PM25,SEDANG
2025-11-27,DKI2 (Kelapa Gading),99.3,36.8,10.5,27.6,34.5,27.6,79.4,PM10,SEDANG
2025-11-27,DKI3 (Jagakarsa),78.0,53.1,23.1,15.9,43.5,3.3,63.7,PM25,SEDANG
2025-11-27,DKI4 (Lubang Buaya),106.4,55.9,10.3,32.2,34.1,12.7,85.1,PM10,SEDANG
2025-11-27,DKI5 (Kebon Jeruk),80.7,28.0,14.1,4.7,54.2,18.4,64.6,PM10,SEDANG
2025-11-28,DKI1 (Bunderan HI),78.2,55.3,8.5,9.9,51.7,22.1,66.3,PM25,SEDANG
2025-11-28,DKI3 (Jagakarsa),59.5,64.3,29.3,13.9,58.3,19.4,77.1,PM25,SEDANG
2025-11-28,DKI4 (Lubang Buaya),77.1,37.7,18.6,19.6,54.7,24.6,61.7,PM10,SEDANG
2025-11-28,DKI5 (Kebon Jeruk),112.3,73.5,12.2,18.9,43.8,14.1,89.8,PM10,SEDANG
2025-11-29,DKI1 (Bunderan HI),57.3,78.8,17.6,27.4,47.9,17.3,94.6,PM25,SEDANG
2025-11-29,DKI2 (Kelapa Gading),75.8,43.3,13.1,15.9,49.8,9.8,60.6,PM10,SEDANG
2025-11-29,DKI3 (Jagakarsa),68.0,23.8,16.0,21.1,50.2,12.4,54.4,PM10,SEDANG
2025-11-29,DKI4 (Lubang Buaya),60.7,37.7,8.3,20.1,32.4,20.8,48.6,PM10,BAIK
2025-11-29,DKI5 (Kebon Jeruk),110.8,46.9,13.2,12.0,49.8,16.1,88.7,PM10,SEDANG
2025-11-30,DKI1 (Bunderan HI),83.1,70.3,13.7,10.4,40.8,18.2,84.3,PM25,SEDANG
2025-11-30,DKI2 (Kelapa Gading),93.9,76.6,8.0,16.6,36.0,22.2,92.0,PM25,SEDANG
2025-11-30,DKI3 (Jagakarsa),94.0,46.2,10.3,26.0,40.5,13.4,75.2,PM10,SEDANG
2025-11-30,DKI4 (Lubang Buaya),19.2,54.3,13.7,21.0,45.5,22.0,65.2,PM25,SEDANG
2025-11-30,DKI5 (Kebon Jeruk),55.6,34.5,17.4,13.3,42.3,7.0,44.5,PM10,BAIK
2025-12-01,DKI1 (Bunderan HI),22.5,26.8,11.1,16.1,41.8,12.1,37.6,O3,BAIK
2025-12-01,DKI2 (Kelapa Gading),61.9,44.3,11.2,13.6,48.1,26.1,53.2,PM25,SEDANG
2025-12-01,DKI3 (Jagakarsa),15.1,45.4,9.5,10.4,28.4,25.5,54.4,PM25,SEDANG
2025-12-01,DKI4 (Lubang Buaya),77.7,70.1,16.1,22.2,34.3,9.6,84.1,PM25,SEDANG
2025-12-01,DKI5 (Kebon Jeruk),68.5,34.1,12.4,1.0,25.9,15.1,54.8,PM10,SEDANG
2025-12-02,DKI1 (Bunderan HI),64.0,23.6,18.0,10.1,42.3,1.0,51.2,PM10,SEDANG
2025-12-02,DKI2 (Kelapa Gading),31.4,7.5,5.6,10.3,29.5,8.6,26.5,O3,BAIK
2025-12-02,DKI3 (Jagakarsa),26.2,42.6,10.7,18.3,31.3,13.0,51.1,PM25,SEDANG
2025-12-02,DKI4 (Lubang Buaya),99.5,25.0,3.8,20.5,44.2,28.6,79.6,PM10,SEDANG
2025-12-02,DKI5 (Kebon Jeruk),83.4,12.8,7.7,9.7,21.0,26.2,66.7,PM10,SEDANG
2025-12-03,DKI1 (Bunderan HI),10.0,47.0,11.2,9.2,23.4,1.4,56.4,PM25,SEDANG
2025-12-03,DKI2 (Kelapa Gading),103.0,38.4,3.2,9.8,47.9,11.8,82.4,PM10,SEDANG
2025-12-03,DKI3 (Jagakarsa),82.3,52.2,11.9,1.1,30.1,21.2,65.8,PM10,SEDANG
2025-12-03,DKI4 (Lubang Buaya),10.0,42.2,11.6,12.6,48.2,15.0,50.7,PM25,SEDANG
2025-12-03,DKI5 (Kebon Jeruk),25.2,39.8,10.9,9.9,5.0,20.8,47.7,PM25,BAIK
2025-12-04,DKI2 (Kelapa Gading),36.3,31.3,8.7,17.4,39.5,16.2,37.6,PM25,BAIK
2025-12-04,DKI3 (Jagakarsa),60.1,63.7,12.0,17.0,40.3,8.5,76.4,PM25,SEDANG
2025-12-04,DKI4 (Lubang Buaya),82.7,46.3,8.5,20.1,50.4,15.0,66.2,PM10,SEDANG
2025-12-04,DKI5 (Kebon Jeruk),102.6,40.4,12.1,7.6,35.8,14.0,82.1,PM10,SEDANG
2025-12-05,DKI1 (Bunderan HI),53.7,55.9,11.4,16.5,16.6,20.4,67.1,PM25,SEDANG
2025-12-05,DKI2 (Kelapa Gading),67.7,39.0,10.8,7.3,49.5,13.9,54.1,PM10,SEDANG
2025-12-05,DKI3 (Jagakarsa),49.9,32.5,14.3,23.9,14.2,26.0,39.9,PM10,BAIK
2025-12-05,DKI4 (Lubang Buaya),92.4,24.8,15.2,16.1,37.7,24.4,73.9,PM10,SEDANG
2025-12-05,DKI5 (Kebon Jeruk),53.5,53.7,3.1,19.7,21.3,22.0,64.4,PM25,SEDANG
2025-12-06,DKI1 (Bunderan HI),54.1,35.0,13.0,14.3,54.2,17.2,48.8,O3,BAIK
2025-12-06,DKI2 (Kelapa Gading),53.9,33.8,13.4,10.8,32.0,24.3,43.1,PM10,BAIK
2025-12-06,DKI3 (Jagakarsa),54.7,10.9,10.8,13.2,16.2,14.1,43.7,PM10,BAIK
2025-12-06,DKI4 (Lubang Buaya),123.0,9.6,14.0,14.2,31.0,16.6,98.4,PM10,SEDANG
2025-12-06,DKI5 (Kebon Jeruk),84.7,30.3,1.0,15.6,23.9,16.4,67.8,PM10,SEDANG
2025-12-07,DKI1 (Bunderan HI),59.7,41.2,8.9,14.3,35.1,12.8,49.5,PM25,BAIK
2025-12-07,DKI2 (Kelapa Gading),45.4,52.4,11.6,12.4,25.2,19.1,62.9,PM25,SEDANG
2025-12-07,DKI3 (Jagakarsa),42.5,27.9,21.4,17.4,21.2,15.3,34.0,PM10,BAIK
2025-12-07,DKI4 (Lubang Buaya),103.3,38.4,15.2,3.3,21.6,18.4,82.6,PM10,SEDANG
2025-12-07,DKI5 (Kebon Jeruk),119.8,65.5,13.3,25.7,46.0,13.9,95.8,PM10,SEDANG
2025-12-08,DKI1 (Bunderan HI),67.0,12.2,6.1,14.4,36.8,20.0,53.6,PM10,SEDANG
2025-12-08,DKI2 (Kelapa Gading),54.1,51.5,13.2,22.0,36.9,21.9,61.8,PM25,SEDANG
2025-12-08,DKI3 (Jagakarsa),92.5,48.2,1.0,18.0,27.6,22.9,74.0,PM10,SEDANG
2025-12-08,DKI4 (Lubang Buaya),76.9,67.6,3.4,22.4,16.3,23.5,81.1,PM25,SEDANG
2025-12-08,DKI5 (Kebon Jeruk),42.7,44.3,11.3,12.3,41.7,16.0,53.2,PM25,SEDANG
2025-12-09,DKI1 (Bunderan HI),64.6,32.8,3.2,9.6,39.2,19.2,51.7,PM10,SEDANG
2025-12-09,DKI2 (Kelapa Gading),70.7,62.1,20.1,18.5,25.6,23.8,74.5,PM25,SEDANG
2025-12-09,DKI3 (Jagakarsa),48.9,39.1,11.1,13.0,10.6,10.7,46.9,PM25,BAIK
2025-12-09,DKI4 (Lubang Buaya),41.5,45.6,14.5,9.9,24.5,17.8,54.7,PM25,SEDANG
2025-12-10,DKI1 (Bunderan HI),112.0,54.4,11.0,18.3,19.8,24.3,89.6,PM10,SEDANG
2025-12-10,DKI2 (Kelapa Gading),29.1,56.5,22.8,10.5,36.3,17.3,67.8,PM25,SEDANG
2025-12-10,DKI4 (Lubang Buaya),67.2,61.0,1.2,16.0,59.1,12.6,73.2,PM25,SEDANG
2025-12-10,DKI5 (Kebon Jeruk),103.0,5.0,11.6,23.8,37.2,14.6,82.4,PM10,SEDANG
2025-12-11,DKI1 (Bunderan HI),73.7,15.8,9.5,29.4,36.1,13.8,58.9,PM10,SEDANG
2025-12-11,DKI2 (Kelapa Gading),82.1,24.7,5.5,4.3,19.6,4.5,65.7,PM10,SEDANG
2025-12-11,DKI3 (Jagakarsa),98.0,50.8,11.6,12.6,12.9,4.7,78.4,PM10,SEDANG
2025-12-11,DKI4 (Lubang Buaya),88.8,33.0,7.5,11.6,38.3,23.1,71.1,PM10,SEDANG
2025-12-11,DKI5 (Kebon Jeruk),32.8,60.5,11.3,11.5,38.3,16.8,72.6,PM25,SEDANG
2025-12-12,DKI1 (Bunderan HI),21.0,29.3,12.7,1.6,37.9,1.5,35.2,PM25,BAIK
2025-12-12,DKI2 (Kelapa Gading),63.1,42.1,21.8,12.5,34.0,15.4,50.6,PM25,SEDANG
2025-12-12,DKI3 (Jagakarsa),100.9,52.9,7.3,12.0,43.5,28.0,80.7,PM10,SEDANG
2025-12-12,DKI4 (Lubang Buaya),57.2,47.8,10.0,21.2,44.1,11.7,57.4,PM25,SEDANG
2025-12-12,DKI5 (Kebon Jeruk),82.8,5.0,16.1,4.1,32.8,14.9,66.2,PM10,SEDANG
2025-12-13,DKI2 (Kelapa Gading),76.4,24.0,11.9,14.3,43.3,10.6,61.1,PM10,SEDANG
2025-12-13,DKI3 (Jagakarsa),85.3,12.2,15.7,8.5,19.0,21.8,68.2,PM10,SEDANG
2025-12-13,DKI4 (Lubang Buaya),33.7,46.4,11.2,20.5,34.1,14.8,55.7,PM25,SEDANG
2025-12-13,DKI5 (Kebon Jeruk),41.8,48.9,10.9,10.7,22.6,23.2,58.7,PM25,SEDANG
2025-12-14,DKI1 (Bunderan HI),62.0,29.0,23.4,5.3,22.0,13.6,49.6,PM10,BAIK
2025-12-14,DKI2 (Kelapa Gading),62.9,23.4,10.1,10.0,30.0,13.4,50.3,PM10,SEDANG
2025-12-14,DKI3 (Jagakarsa),89.0,31.6,7.2,20.2,27.6,9.1,71.2,PM10,SEDANG
2025-12-14,DKI5 (Kebon Jeruk),44.0,64.5,13.8,13.4,9.1,17.8,77.4,PM25,SEDANG
2025-12-15,DKI1 (Bunderan HI),42.7,64.6,18.6,11.5,12.4,10.5,77.5,PM25,SEDANG
2025-12-15,DKI2 (Kelapa Gading),16.1,64.7,11.2,6.8,18.3,10.1,77.7,PM25,SEDANG
2025-12-15,DKI3 (Jagakarsa),82.8,26.9,17.6,14.4,40.6,11.5,66.2,PM10,SEDANG
2025-12-15,DKI4 (Lubang Buaya),113.6,54.5,9.1,15.1,11.0,11.3,90.9,PM10,SEDANG
2025-12-15,DKI5 (Kebon Jeruk),58.0,56.9,21.3,17.7,19.0,20.8,68.3,PM25,SEDANG
2025-12-16,DKI1 (Bunderan HI),61.5,40.5,2.9,13.8,24.2,9.4,49.2,PM10,BAIK
2025-12-16,DKI2 (Kelapa Gading),135.4,10.2,25.0,11.8,37.7,19.1,108.3,PM10,TIDAK SEHAT
2025-12-16,DKI3 (Jagakarsa),79.3,5.0,3.2,14.0,32.9,22.5,63.5,PM10,SEDANG
2025-12-16,DKI4 (Lubang Buaya),10.0,39.5,6.6,13.5,36.3,18.2,47.4,PM25,BAIK
2025-12-16,DKI5 (Kebon Jeruk),92.2,51.2,8.9,19.1,42.2,12.3,73.8,PM10,SEDANG
2025-12-17,DKI1 (Bunderan HI),103.7,84.7,9.3,14.3,43.3,12.6,101.7,PM25,TIDAK SEHAT
2025-12-17,DKI2 (Kelapa Gading),60.4,53.2,18.6,2.6,32.9,17.2,63.9,PM25,SEDANG
2025-12-17,DKI3 (Jagakarsa),60.8,66.7,12.4,8.4,43.2,3.1,80.1,PM25,SEDANG
2025-12-17,DKI4 (Lubang Buaya),49.3,15.0,1.0,14.6,34.3,18.9,39.4,PM10,BAIK
2025-12-17,DKI5 (Kebon Jeruk),71.6,5.0,10.3,19.3,43.9,25.4,57.3,PM10,SEDANG
2025-12-18,DKI1 (Bunderan HI),22.1,54.4,7.6,13.6,35.2,12.9,65.3,PM25,SEDANG
2025-12-18,DKI2 (Kelapa Gading),68.3,62.2,8.6,13.8,23.0,19.0,74.7,PM25,SEDANG
2025-12-18,DKI3 (Jagakarsa),71.1,47.3,15.7,18.6,36.3,10.7,56.9,PM10,SEDANG
2025-12-18,DKI4 (Lubang Buaya),86.9,30.5,3.3,14.1,22.7,22.0,69.5,PM10,SEDANG
2025-12-18,DKI5 (Kebon Jeruk),74.0,78.5,19.6,13.4,39.0,25.9,94.2,PM25,SEDANG
2025-12-19,DKI1 (Bunderan HI),60.3,22.3,7.1,8.5,25.8,4.6,48.2,PM10,BAIK
2025-12-19,DKI2 (Kelapa Gading),97.7,40.0,6.8,8.2,39.1,7.1,78.1,PM10,SEDANG
2025-12-19,DKI3 (Jagakarsa),121.4,30.8,11.3,3.5,23.6,18.9,97.1,PM10,SEDANG
2025-12-19,DKI4 (Lubang Buaya),87.2,60.6,6.3,14.0,35.7,19.0,72.7,PM25,SEDANG
2025-12-20,DKI2 (Kelapa Gading),71.4,64.5,12.1,14.5,23.2,34.0,77.4,PM25,SEDANG
2025-12-20,DKI3 (Jagakarsa),45.7,43.2,16.2,22.3,36.7,13.9,51.8,PM25,SEDANG
2025-12-20,DKI4 (Lubang Buaya),65.6,66.6,18.2,15.5,37.5,6.1,79.9,PM25,SEDANG
2025-12-20,DKI5 (Kebon Jeruk),90.1,38.8,6.9,1.0,27.1,17.6,72.1,PM10,SEDANG
2025-12-21,DKI1 (Bunderan HI),73.0,40.1,7.8,11.9,36.1,20.5,58.4,PM10,SEDANG
2025-12-21,DKI2 (Kelapa Gading),91.9,40.1,14.1,14.4,26.2,5.7,73.5,PM10,SEDANG
2025-12-21,DKI3 (Jagakarsa),98.8,47.5,5.5,22.0,41.3,34.5,79.0,PM10,SEDANG
2025-12-21,DKI4 (Lubang Buaya),95.9,40.7,6.8,6.3,39.4,18.1,76.7,PM10,SEDANG
2025-12-21,DKI5 (Kebon Jeruk),64.9,49.2,8.8,10.6,39.9,10.2,59.0,PM25,SEDANG
2025-12-22,DKI1 (Bunderan HI),76.5,33.9,6.0,13.0,33.7,19.6,61.2,PM10,SEDANG
2025-12-22,DKI2 (Kelapa Gading),75.6,60.2,16.3,7.7,41.9,14.6,72.2,PM25,SEDANG
2025-12-22,DKI3 (Jagakarsa),92.0,30.2,7.2,6.1,42.1,11.7,73.6,PM10,SEDANG
2025-12-22,DKI4 (Lubang Buaya),55.3,62.6,12.3,16.1,8.7,19.7,75.1,PM25,SEDANG
2025-12-22,DKI5 (Kebon Jeruk),83.5,60.2,17.5,16.3,13.3,12.9,72.2,PM25,SEDANG
2025-12-23,DKI1 (Bunderan HI),78.6,41.5,10.5,19.1,24.8,13.0,62.9,PM10,SEDANG
2025-12-23,DKI2 (Kelapa Gading),64.5,81.4,1.2,21.6,20.0,14.8,97.7,PM25,SEDANG
2025-12-23,DKI3 (Jagakarsa),81.1,47.7,10.6,19.5,32.0,12.3,64.9,PM10,SEDANG
2025-12-23,DKI4 (Lubang Buaya),72.5,35.4,9.7,19.7,37.8,11.2,58.0,PM10,SEDANG
2025-12-23,DKI5 (Kebon Jeruk),73.1,5.0,11.5,16.3,38.1,5.7,58.5,PM10,SEDANG
2025-12-24,DKI1 (Bunderan HI),61.6,51.5,14.7,16.2,31.4,6.1,61.8,PM25,SEDANG
2025-12-24,DKI2 (Kelapa Gading),36.7,54.5,15.9,6.8,27.9,16.8,65.4,PM25,SEDANG
2025-12-24,DKI3 (Jagakarsa),74.0,48.2,11.7,8.0,41.1,19.4,59.2,PM10,SEDANG
2025-12-24,DKI4 (Lubang Buaya),45.7,59.1,1.0,10.7,50.9,25.9,71.0,PM25,SEDANG
2025-12-24,DKI5 (Kebon Jeruk),78.0,51.1,13.8,14.0,40.5,14.6,62.4,PM10,SEDANG
2025-12-25,DKI1 (Bunderan HI),86.3,29.8,12.8,6.1,21.4,17.2,69.0,PM10,SEDANG
2025-12-25,DKI2 (Kelapa Gading),47.8,46.9,1.9,5.0,34.6,4.4,56.3,PM25,SEDANG
2025-12-25,DKI3 (Jagakarsa),57.3,41.6,12.8,13.6,32.5,18.5,50.0,PM25,BAIK
2025-12-25,DKI4 (Lubang Buaya),27.2,56.7,14.0,11.0,43.4,18.1,68.0,PM25,SEDANG
2025-12-26,DKI1 (Bunderan HI),107.6,58.9,10.4,8.0,46.4,15.1,86.1,PM10,SEDANG
2025-12-26,DKI2 (Kelapa Gading),62.4,27.7,20.4,8.0,41.8,25.7,49.9,PM10,BAIK
2025-12-26,DKI3 (Jagakarsa),58.4,42.2,1.9,6.3,54.5,5.0,50.7,PM25,SEDANG
2025-12-26,DKI4 (Lubang Buaya),67.1,50.8,7.5,10.2,46.0,8.5,61.0,PM25,SEDANG
2025-12-26,DKI5 (Kebon Jeruk),61.2,26.4,8.3,26.0,18.5,30.4,49.0,PM10,BAIK
2025-12-27,DKI1 (Bunderan HI),39.2,16.0,9.6,6.5,41.9,20.0,37.7,O3,BAIK
2025-12-27,DKI2 (Kelapa Gading),42.0,22.6,14.0,12.1,25.6,12.5,33.6,PM10,BAIK
2025-12-27,DKI3 (Jagakarsa),76.1,52.0,9.2,16.8,35.2,10.7,62.4,PM25,SEDANG
2025-12-27,DKI4 (Lubang Buaya),77.3,39.6,6.2,31.4,46.7,18.7,61.9,PM10,SEDANG
2025-12-27,DKI5 (Kebon Jeruk),110.6,33.7,10.3,9.7,46.3,16.1,88.4,PM10,SEDANG
2025-12-28,DKI1 (Bunderan HI),67.8,25.8,7.1,10.3,38.0,16.9,54.2,PM10,SEDANG
2025-12-28,DKI2 (Kelapa Gading),83.4,42.0,5.8,15.6,36.1,16.4,66.7,PM10,SEDANG
2025-12-28,DKI3 (Jagakarsa),41.2,50.8,10.1,12.2,35.8,25.3,61.0,PM25,SEDANG
2025-12-28,DKI4 (Lubang Buaya),88.7,5.0,14.5,21.9,57.3,15.7,70.9,PM10,SEDANG
2025-12-28,DKI5 (Kebon Jeruk),45.1,48.6,6.8,14.1,46.9,1.0,58.3,PM25,SEDANG
2025-12-29,DKI1 (Bunderan HI),51.5,50.0,1.0,7.8,68.3,18.2,61.5,O3,SEDANG
2025-12-29,DKI2 (Kelapa Gading),73.4,50.3,11.4,28.6,47.6,12.2,60.4,PM25,SEDANG
2025-12-29,DKI3 (Jagakarsa),48.0,49.0,5.8,16.7,52.8,19.1,58.8,PM25,SEDANG
2025-12-29,DKI4 (Lubang Buaya),64.1,61.9,16.3,5.1,34.3,11.9,74.3,PM25,SEDANG
2025-12-29,DKI5 (Kebon Jeruk),74.8,31.6,16.8,9.6,21.0,14.4,59.8,PM10,SEDANG
2025-12-30,DKI1 (Bunderan HI),10.0,30.9,9.4,31.4,31.7,29.8,37.0,PM25,BAIK
2025-12-30,DKI2 (Kelapa Gading),73.8,43.2,16.9,8.9,24.3,13.8,59.1,PM10,SEDANG
2025-12-30,DKI3 (Jagakarsa),48.7,33.6,11.0,11.6,15.8,21.6,40.3,PM25,BAIK
2025-12-30,DKI4 (Lubang Buaya),55.8,59.9,13.4,14.8,35.7,7.7,71.9,PM25,SEDANG
2025-12-30,DKI5 (Kebon Jeruk),89.4,45.8,9.3,18.4,35.2,11.7,71.5,PM10,SEDANG
2025-12-31,DKI1 (Bunderan HI),57.0,26.3,12.4,5.8,29.9,16.7,45.6,PM10,BAIK
2025-12-31,DKI2 (Kelapa Gading),59.0,46.2,14.4,3.0,31.5,3.2,55.5,PM25,SEDANG
2025-12-31,DKI3 (Jagakarsa),101.2,51.4,7.9,9.9,41.0,12.2,80.9,PM10,SEDANG
2025-12-31,DKI4 (Lubang Buaya),89.0,33.3,11.8,9.8,28.1,19.2,71.2,PM10,SEDANG
2025-12-31,DKI5 (Kebon Jeruk),121.1,31.4,5.1,3.6,48.3,19.7,96.8,PM10,SEDANG
